0	0	0	0 	0 	0 
256	0	0	244 	0 	0 
512	0	0	497 	0 	0 
768	0	0	741 	0 	0 
1024	0	0	994 	0 	0 
1280	0	0	1236 	0 	0 
1536	0	0	1491 	0 	0 
1792	0	0	1737 	0 	0 
2048	0	0	1995 	0 	0 
2303	0	0	2234 	0 	0 
2559	0	0	2497 	0 	0 
2815	0	0	2772 	0 	0 
3071	0	0	3034 	0 	0 
3327	0	0	3316 	0 	0 
3583	0	0	3576 	0 	0 
3839	0	0	3835 	0 	0 
4095	0	0	4095 	0 	0 
0	256	0	0 	231 	0 
256	256	0	231 	231 	0 
512	256	0	491 	231 	0 
768	256	0	738 	218 	0 
1024	256	0	992 	203 	0 
1280	256	0	1234 	186 	0 
1536	256	0	1489 	147 	0 
1792	256	0	1736 	122 	0 
2048	256	0	1993 	0 	0 
2303	256	0	2233 	0 	0 
2559	256	0	2496 	0 	0 
2815	256	0	2770 	0 	0 
3071	256	0	3034 	0 	0 
3327	256	0	3316 	0 	0 
3583	256	0	3575 	0 	0 
3839	256	0	3835 	0 	0 
4095	256	0	4095 	0 	0 
0	512	0	0 	468 	0 
256	512	0	147 	468 	0 
512	512	0	463 	463 	0 
768	512	0	721 	463 	0 
1024	512	0	980 	457 	0 
1280	512	0	1225 	444 	0 
1536	512	0	1482 	438 	0 
1792	512	0	1730 	432 	0 
2048	512	0	1989 	412 	0 
2303	512	0	2229 	398 	0 
2559	512	0	2492 	376 	0 
2815	512	0	2767 	353 	0 
3071	512	0	3030 	318 	0 
3327	512	0	3313 	289 	0 
3583	512	0	3572 	244 	0 
3839	512	0	3832 	147 	0 
4095	512	0	4092 	0 	0 
0	768	0	0 	693 	0 
256	768	0	0 	693 	0 
512	768	0	405 	693 	0 
768	768	0	689 	689 	0 
1024	768	0	958 	685 	0 
1280	768	0	1208 	682 	0 
1536	768	0	1470 	678 	0 
1792	768	0	1719 	671 	0 
2048	768	0	1978 	663 	0 
2303	768	0	2220 	655 	0 
2559	768	0	2485 	644 	0 
2815	768	0	2760 	632 	0 
3071	768	0	3024 	615 	0 
3327	768	0	3308 	599 	0 
3583	768	0	3568 	581 	0 
3839	768	0	3828 	559 	0 
4095	768	0	4088 	535 	0 
0	1024	0	0 	930 	0 
256	1024	0	0 	930 	0 
512	1024	0	299 	928 	0 
768	1024	0	640 	928 	0 
1024	1024	0	925 	925 	0 
1280	1024	0	1184 	922 	0 
1536	1024	0	1449 	917 	0 
1792	1024	0	1701 	912 	0 
2048	1024	0	1965 	909 	0 
2303	1024	0	2208 	901 	0 
2559	1024	0	2473 	896 	0 
2815	1024	0	2751 	885 	0 
3071	1024	0	3016 	877 	0 
3327	1024	0	3300 	866 	0 
3583	1024	0	3561 	852 	0 
3839	1024	0	3821 	840 	0 
4095	1024	0	4082 	826 	0 
0	1280	0	0 	1155 	0 
256	1280	0	0 	1155 	0 
512	1280	0	0 	1155 	0 
768	1280	0	563 	1153 	0 
1024	1280	0	877 	1151 	0 
1280	1280	0	1149 	1151 	0 
1536	1280	0	1423 	1147 	0 
1792	1280	0	1678 	1143 	0 
2048	1280	0	1946 	1139 	0 
2303	1280	0	2192 	1135 	0 
2559	1280	0	2458 	1129 	0 
2815	1280	0	2737 	1123 	0 
3071	1280	0	3004 	1116 	0 
3327	1280	0	3289 	1106 	0 
3583	1280	0	3551 	1098 	0 
3839	1280	0	3812 	1089 	0 
4095	1280	0	4074 	1079 	0 
0	1536	0	0 	1394 	0 
256	1536	0	0 	1394 	0 
512	1536	0	0 	1393 	0 
768	1536	0	443 	1393 	0 
1024	1536	0	814 	1391 	0 
1280	1536	0	1104 	1390 	0 
1536	1536	0	1386 	1388 	0 
1792	1536	0	1650 	1383 	0 
2048	1536	0	1921 	1380 	0 
2303	1536	0	2170 	1377 	0 
2559	1536	0	2440 	1372 	0 
2815	1536	0	2720 	1367 	0 
3071	1536	0	2989 	1362 	0 
3327	1536	0	3275 	1354 	0 
3583	1536	0	3539 	1347 	0 
3839	1536	0	3801 	1341 	0 
4095	1536	0	4063 	1332 	0 
0	1792	0	0 	1622 	0 
256	1792	0	0 	1622 	0 
512	1792	0	0 	1622 	0 
768	1792	0	213 	1621 	0 
1024	1792	0	721 	1619 	0 
1280	1792	0	1042 	1618 	0 
1536	1792	0	1341 	1617 	0 
1792	1792	0	1613 	1614 	0 
2048	1792	0	1890 	1611 	0 
2303	1792	0	2143 	1609 	0 
2559	1792	0	2416 	1605 	0 
2815	1792	0	2700 	1601 	0 
3071	1792	0	2970 	1595 	0 
3327	1792	0	3259 	1590 	0 
3583	1792	0	3523 	1584 	0 
3839	1792	0	3787 	1577 	0 
4095	1792	0	4050 	1570 	0 
0	2048	0	0 	1863 	0 
256	2048	0	0 	1863 	0 
512	2048	0	0 	1863 	0 
768	2048	0	0 	1862 	0 
1024	2048	0	599 	1862 	0 
1280	2048	0	968 	1860 	0 
1536	2048	0	1284 	1858 	0 
1792	2048	0	1569 	1856 	0 
2048	2048	0	1852 	1855 	0 
2303	2048	0	2111 	1851 	0 
2559	2048	0	2389 	1848 	0 
2815	2048	0	2675 	1844 	0 
3071	2048	0	2948 	1841 	0 
3327	2048	0	3239 	1835 	0 
3583	2048	0	3505 	1830 	0 
3839	2048	0	3770 	1826 	0 
4095	2048	0	4035 	1820 	0 
0	2303	0	0 	2085 	0 
256	2303	0	0 	2085 	0 
512	2303	0	0 	2085 	0 
768	2303	0	0 	2084 	0 
1024	2303	0	391 	2083 	0 
1280	2303	0	868 	2082 	0 
1536	2303	0	1216 	2080 	0 
1792	2303	0	1514 	2079 	0 
2048	2303	0	1808 	2077 	0 
2303	2303	0	2073 	2074 	0 
2559	2303	0	2355 	2072 	0 
2815	2303	0	2646 	2068 	0 
3071	2303	0	2921 	2065 	0 
3327	2303	0	3216 	2061 	0 
3583	2303	0	3484 	2056 	0 
3839	2303	0	3751 	2052 	0 
4095	2303	0	4017 	2047 	0 
0	2559	0	0 	2330 	0 
256	2559	0	0 	2330 	0 
512	2559	0	0 	2329 	0 
768	2559	0	0 	2329 	0 
1024	2559	0	0 	2329 	0 
1280	2559	0	740 	2328 	0 
1536	2559	0	1131 	2326 	0 
1792	2559	0	1451 	2324 	0 
2048	2559	0	1757 	2322 	0 
2303	2559	0	2029 	2321 	0 
2559	2559	0	2317 	2318 	0 
2815	2559	0	2613 	2315 	0 
3071	2559	0	2891 	2312 	0 
3327	2559	0	3189 	2308 	0 
3583	2559	0	3459 	2305 	0 
3839	2559	0	3728 	2301 	0 
4095	2559	0	3996 	2296 	0 
0	2815	0	0 	2588 	0 
256	2815	0	0 	2588 	0 
512	2815	0	0 	2587 	0 
768	2815	0	0 	2587 	0 
1024	2815	0	0 	2587 	0 
1280	2815	0	549 	2585 	0 
1536	2815	0	1026 	2585 	0 
1792	2815	0	1373 	2583 	0 
2048	2815	0	1695 	2581 	0 
2303	2815	0	1977 	2580 	0 
2559	2815	0	2272 	2577 	0 
2815	2815	0	2573 	2575 	0 
3071	2815	0	2857 	2572 	0 
3327	2815	0	3159 	2569 	0 
3583	2815	0	3432 	2566 	0 
3839	2815	0	3703 	2561 	0 
4095	2815	0	3972 	2557 	0 
0	3071	0	0 	2834 	0 
256	3071	0	0 	2834 	0 
512	3071	0	0 	2833 	0 
768	3071	0	0 	2833 	0 
1024	3071	0	0 	2832 	0 
1280	3071	0	115 	2831 	0 
1536	3071	0	892 	2830 	0 
1792	3071	0	1282 	2829 	0 
2048	3071	0	1625 	2827 	0 
2303	3071	0	1918 	2826 	0 
2559	3071	0	2221 	2824 	0 
2815	3071	0	2529 	2822 	0 
3071	3071	0	2817 	2819 	0 
3327	3071	0	3123 	2816 	0 
3583	3071	0	3400 	2813 	0 
3839	3071	0	3674 	2810 	0 
4095	3071	0	3947 	2806 	0 
0	3327	0	0 	3102 	0 
256	3327	0	0 	3102 	0 
512	3327	0	0 	3102 	0 
768	3327	0	0 	3102 	0 
1024	3327	0	0 	3101 	0 
1280	3327	0	0 	3101 	0 
1536	3327	0	710 	3100 	0 
1792	3327	0	1172 	3099 	0 
2048	3327	0	1540 	3097 	0 
2303	3327	0	1850 	3095 	0 
2559	3327	0	2165 	3094 	0 
2815	3327	0	2479 	3092 	0 
3071	3327	0	2773 	3089 	0 
3327	3327	0	3085 	3087 	0 
3583	3327	0	3365 	3085 	0 
3839	3327	0	3642 	3081 	0 
4095	3327	0	3917 	3078 	0 
0	3583	0	0 	3345 	0 
256	3583	0	0 	3345 	0 
512	3583	0	0 	3345 	0 
768	3583	0	0 	3344 	0 
1024	3583	0	0 	3344 	0 
1280	3583	0	0 	3344 	0 
1536	3583	0	416 	3342 	0 
1792	3583	0	1035 	3341 	0 
2048	3583	0	1442 	3340 	0 
2303	3583	0	1774 	3339 	0 
2559	3583	0	2099 	3336 	0 
2815	3583	0	2423 	3335 	0 
3071	3583	0	2724 	3334 	0 
3327	3583	0	3042 	3331 	0 
3583	3583	0	3326 	3328 	0 
3839	3583	0	3607 	3326 	0 
4095	3583	0	3885 	3323 	0 
0	3839	0	0 	3587 	0 
256	3839	0	0 	3587 	0 
512	3839	0	0 	3587 	0 
768	3839	0	0 	3587 	0 
1024	3839	0	0 	3587 	0 
1280	3839	0	0 	3586 	0 
1536	3839	0	0 	3585 	0 
1792	3839	0	858 	3584 	0 
2048	3839	0	1327 	3584 	0 
2303	3839	0	1684 	3582 	0 
2559	3839	0	2026 	3580 	0 
2815	3839	0	2361 	3579 	0 
3071	3839	0	2670 	3577 	0 
3327	3839	0	2994 	3574 	0 
3583	3839	0	3283 	3572 	0 
3839	3839	0	3568 	3570 	0 
4095	3839	0	3849 	3567 	0 
0	4095	0	0 	3830 	0 
256	4095	0	0 	3830 	0 
512	4095	0	0 	3830 	0 
768	4095	0	0 	3830 	0 
1024	4095	0	0 	3829 	0 
1280	4095	0	0 	3829 	0 
1536	4095	0	0 	3828 	0 
1792	4095	0	605 	3827 	0 
2048	4095	0	1188 	3827 	0 
2303	4095	0	1581 	3825 	0 
2559	4095	0	1943 	3824 	0 
2815	4095	0	2291 	3822 	0 
3071	4095	0	2609 	3821 	0 
3327	4095	0	2941 	3818 	0 
3583	4095	0	3236 	3816 	0 
3839	4095	0	3525 	3814 	0 
4095	4095	0	3809 	3812 	0 
0	0	256	0 	0 	231 
256	0	256	244 	0 	231 
512	0	256	497 	0 	231 
768	0	256	741 	0 	231 
1024	0	256	994 	0 	231 
1280	0	256	1236 	0 	231 
1536	0	256	1491 	0 	231 
1792	0	256	1737 	0 	231 
2048	0	256	1995 	0 	231 
2303	0	256	2234 	0 	231 
2559	0	256	2497 	0 	231 
2815	0	256	2772 	0 	218 
3071	0	256	3034 	0 	218 
3327	0	256	3316 	0 	218 
3583	0	256	3576 	0 	218 
3839	0	256	3835 	0 	218 
4095	0	256	4095 	0 	218 
0	256	256	0 	231 	231 
256	256	256	231 	231 	231 
512	256	256	491 	231 	231 
768	256	256	738 	218 	231 
1024	256	256	992 	203 	231 
1280	256	256	1234 	186 	231 
1536	256	256	1489 	147 	231 
1792	256	256	1736 	122 	231 
2048	256	256	1993 	0 	231 
2303	256	256	2233 	0 	231 
2559	256	256	2496 	0 	231 
2815	256	256	2770 	0 	218 
3071	256	256	3034 	0 	218 
3327	256	256	3316 	0 	218 
3583	256	256	3575 	0 	218 
3839	256	256	3835 	0 	218 
4095	256	256	4094 	0 	218 
0	512	256	0 	468 	231 
256	512	256	147 	468 	231 
512	512	256	463 	463 	231 
768	512	256	721 	463 	231 
1024	512	256	980 	457 	231 
1280	512	256	1225 	444 	231 
1536	512	256	1482 	438 	231 
1792	512	256	1730 	432 	231 
2048	512	256	1989 	412 	231 
2303	512	256	2229 	398 	231 
2559	512	256	2492 	376 	218 
2815	512	256	2767 	353 	218 
3071	512	256	3030 	318 	218 
3327	512	256	3312 	289 	218 
3583	512	256	3572 	244 	218 
3839	512	256	3832 	147 	218 
4095	512	256	4092 	0 	218 
0	768	256	0 	693 	231 
256	768	256	0 	693 	231 
512	768	256	405 	693 	231 
768	768	256	689 	689 	231 
1024	768	256	958 	685 	231 
1280	768	256	1208 	682 	231 
1536	768	256	1470 	678 	231 
1792	768	256	1719 	671 	231 
2048	768	256	1978 	663 	231 
2303	768	256	2220 	655 	231 
2559	768	256	2485 	644 	218 
2815	768	256	2760 	632 	218 
3071	768	256	3024 	615 	218 
3327	768	256	3308 	599 	218 
3583	768	256	3568 	581 	218 
3839	768	256	3828 	559 	218 
4095	768	256	4088 	535 	218 
0	1024	256	0 	930 	231 
256	1024	256	0 	930 	231 
512	1024	256	299 	928 	231 
768	1024	256	640 	928 	231 
1024	1024	256	925 	928 	231 
1280	1024	256	1184 	922 	231 
1536	1024	256	1449 	917 	231 
1792	1024	256	1701 	912 	231 
2048	1024	256	1965 	909 	218 
2303	1024	256	2208 	901 	218 
2559	1024	256	2473 	896 	218 
2815	1024	256	2751 	885 	218 
3071	1024	256	3016 	877 	218 
3327	1024	256	3300 	866 	218 
3583	1024	256	3560 	852 	218 
3839	1024	256	3821 	840 	218 
4095	1024	256	4082 	826 	203 
0	1280	256	0 	1155 	231 
256	1280	256	0 	1155 	231 
512	1280	256	0 	1155 	231 
768	1280	256	563 	1153 	231 
1024	1280	256	877 	1151 	231 
1280	1280	256	1149 	1151 	231 
1536	1280	256	1421 	1147 	218 
1792	1280	256	1678 	1143 	218 
2048	1280	256	1946 	1141 	218 
2303	1280	256	2191 	1135 	218 
2559	1280	256	2458 	1129 	218 
2815	1280	256	2737 	1123 	218 
3071	1280	256	3004 	1116 	218 
3327	1280	256	3289 	1106 	218 
3583	1280	256	3551 	1098 	218 
3839	1280	256	3812 	1089 	203 
4095	1280	256	4074 	1079 	203 
0	1536	256	0 	1394 	218 
256	1536	256	0 	1394 	218 
512	1536	256	0 	1393 	218 
768	1536	256	443 	1393 	218 
1024	1536	256	814 	1391 	218 
1280	1536	256	1104 	1390 	218 
1536	1536	256	1386 	1388 	218 
1792	1536	256	1650 	1385 	218 
2048	1536	256	1921 	1380 	218 
2303	1536	256	2170 	1377 	218 
2559	1536	256	2440 	1372 	218 
2815	1536	256	2720 	1367 	218 
3071	1536	256	2989 	1362 	218 
3327	1536	256	3275 	1356 	218 
3583	1536	256	3539 	1349 	203 
3839	1536	256	3801 	1341 	203 
4095	1536	256	4063 	1332 	203 
0	1792	256	0 	1622 	218 
256	1792	256	0 	1622 	218 
512	1792	256	0 	1622 	218 
768	1792	256	213 	1621 	218 
1024	1792	256	721 	1619 	218 
1280	1792	256	1042 	1618 	218 
1536	1792	256	1341 	1617 	218 
1792	1792	256	1613 	1614 	218 
2048	1792	256	1890 	1611 	218 
2303	1792	256	2143 	1609 	218 
2559	1792	256	2416 	1605 	218 
2815	1792	256	2700 	1601 	218 
3071	1792	256	2969 	1595 	203 
3327	1792	256	3259 	1590 	203 
3583	1792	256	3523 	1584 	203 
3839	1792	256	3787 	1577 	203 
4095	1792	256	4050 	1570 	203 
0	2048	256	0 	1863 	218 
256	2048	256	0 	1863 	218 
512	2048	256	0 	1863 	218 
768	2048	256	0 	1862 	218 
1024	2048	256	599 	1862 	218 
1280	2048	256	968 	1860 	218 
1536	2048	256	1284 	1858 	218 
1792	2048	256	1569 	1856 	218 
2048	2048	256	1852 	1855 	218 
2303	2048	256	2111 	1851 	218 
2559	2048	256	2389 	1849 	203 
2815	2048	256	2675 	1844 	203 
3071	2048	256	2948 	1841 	203 
3327	2048	256	3239 	1835 	203 
3583	2048	256	3505 	1830 	203 
3839	2048	256	3770 	1826 	203 
4095	2048	256	4035 	1820 	203 
0	2303	256	0 	2085 	218 
256	2303	256	0 	2085 	218 
512	2303	256	0 	2085 	218 
768	2303	256	0 	2084 	218 
1024	2303	256	391 	2083 	218 
1280	2303	256	868 	2082 	203 
1536	2303	256	1216 	2080 	203 
1792	2303	256	1514 	2079 	203 
2048	2303	256	1808 	2077 	203 
2303	2303	256	2073 	2074 	203 
2559	2303	256	2355 	2072 	203 
2815	2303	256	2646 	2068 	203 
3071	2303	256	2921 	2065 	203 
3327	2303	256	3216 	2061 	203 
3583	2303	256	3484 	2056 	203 
3839	2303	256	3751 	2052 	186 
4095	2303	256	4017 	2047 	186 
0	2559	256	0 	2330 	203 
256	2559	256	0 	2330 	203 
512	2559	256	0 	2329 	203 
768	2559	256	0 	2329 	203 
1024	2559	256	0 	2329 	203 
1280	2559	256	740 	2328 	203 
1536	2559	256	1131 	2327 	203 
1792	2559	256	1451 	2324 	203 
2048	2559	256	1757 	2322 	203 
2303	2559	256	2029 	2321 	203 
2559	2559	256	2317 	2318 	203 
2815	2559	256	2612 	2315 	203 
3071	2559	256	2891 	2312 	186 
3327	2559	256	3188 	2308 	186 
3583	2559	256	3459 	2305 	186 
3839	2559	256	3728 	2301 	186 
4095	2559	256	3996 	2296 	186 
0	2815	256	0 	2588 	203 
256	2815	256	0 	2588 	203 
512	2815	256	0 	2587 	203 
768	2815	256	0 	2587 	203 
1024	2815	256	0 	2587 	203 
1280	2815	256	549 	2585 	203 
1536	2815	256	1026 	2585 	203 
1792	2815	256	1373 	2583 	203 
2048	2815	256	1695 	2581 	186 
2303	2815	256	1977 	2580 	186 
2559	2815	256	2272 	2577 	186 
2815	2815	256	2573 	2575 	186 
3071	2815	256	2856 	2572 	186 
3327	2815	256	3159 	2569 	186 
3583	2815	256	3432 	2566 	186 
3839	2815	256	3703 	2561 	186 
4095	2815	256	3972 	2557 	168 
0	3071	256	0 	2834 	186 
256	3071	256	0 	2834 	186 
512	3071	256	0 	2833 	186 
768	3071	256	0 	2833 	186 
1024	3071	256	0 	2832 	186 
1280	3071	256	115 	2831 	186 
1536	3071	256	892 	2831 	186 
1792	3071	256	1282 	2829 	186 
2048	3071	256	1623 	2827 	186 
2303	3071	256	1918 	2826 	186 
2559	3071	256	2221 	2824 	186 
2815	3071	256	2528 	2822 	186 
3071	3071	256	2817 	2819 	186 
3327	3071	256	3123 	2816 	168 
3583	3071	256	3400 	2813 	168 
3839	3071	256	3674 	2810 	168 
4095	3071	256	3947 	2806 	168 
0	3327	256	0 	3102 	186 
256	3327	256	0 	3102 	186 
512	3327	256	0 	3102 	186 
768	3327	256	0 	3102 	186 
1024	3327	256	0 	3101 	186 
1280	3327	256	0 	3101 	186 
1536	3327	256	710 	3100 	186 
1792	3327	256	1172 	3099 	186 
2048	3327	256	1540 	3097 	168 
2303	3327	256	1850 	3095 	168 
2559	3327	256	2165 	3094 	168 
2815	3327	256	2479 	3092 	168 
3071	3327	256	2773 	3089 	168 
3327	3327	256	3085 	3087 	168 
3583	3327	256	3365 	3085 	168 
3839	3327	256	3642 	3081 	168 
4095	3327	256	3917 	3078 	147 
0	3583	256	0 	3345 	168 
256	3583	256	0 	3345 	168 
512	3583	256	0 	3345 	168 
768	3583	256	0 	3344 	168 
1024	3583	256	0 	3344 	168 
1280	3583	256	0 	3344 	168 
1536	3583	256	416 	3342 	168 
1792	3583	256	1035 	3341 	168 
2048	3583	256	1442 	3340 	168 
2303	3583	256	1774 	3339 	168 
2559	3583	256	2099 	3336 	168 
2815	3583	256	2423 	3335 	168 
3071	3583	256	2724 	3334 	147 
3327	3583	256	3042 	3331 	147 
3583	3583	256	3326 	3328 	147 
3839	3583	256	3607 	3326 	147 
4095	3583	256	3885 	3323 	147 
0	3839	256	0 	3587 	168 
256	3839	256	0 	3587 	168 
512	3839	256	0 	3587 	168 
768	3839	256	0 	3587 	168 
1024	3839	256	0 	3587 	147 
1280	3839	256	0 	3586 	147 
1536	3839	256	0 	3585 	147 
1792	3839	256	858 	3584 	147 
2048	3839	256	1327 	3584 	147 
2303	3839	256	1684 	3582 	147 
2559	3839	256	2026 	3580 	147 
2815	3839	256	2361 	3579 	147 
3071	3839	256	2670 	3577 	147 
3327	3839	256	2994 	3574 	147 
3583	3839	256	3283 	3572 	147 
3839	3839	256	3568 	3570 	147 
4095	3839	256	3849 	3567 	147 
0	4095	256	0 	3831 	147 
256	4095	256	0 	3830 	147 
512	4095	256	0 	3830 	147 
768	4095	256	0 	3830 	147 
1024	4095	256	0 	3829 	147 
1280	4095	256	0 	3829 	147 
1536	4095	256	0 	3828 	147 
1792	4095	256	601 	3827 	147 
2048	4095	256	1188 	3827 	147 
2303	4095	256	1581 	3825 	147 
2559	4095	256	1942 	3824 	147 
2815	4095	256	2291 	3822 	147 
3071	4095	256	2609 	3821 	147 
3327	4095	256	2941 	3818 	147 
3583	4095	256	3236 	3816 	147 
3839	4095	256	3525 	3814 	147 
4095	4095	256	3809 	3812 	147 
0	0	512	0 	0 	463 
256	0	512	244 	0 	463 
512	0	512	497 	0 	457 
768	0	512	741 	0 	457 
1024	0	512	994 	0 	457 
1280	0	512	1236 	0 	457 
1536	0	512	1491 	0 	457 
1792	0	512	1737 	0 	457 
2048	0	512	1994 	0 	457 
2303	0	512	2234 	0 	457 
2559	0	512	2497 	0 	457 
2815	0	512	2771 	0 	457 
3071	0	512	3034 	0 	457 
3327	0	512	3316 	0 	457 
3583	0	512	3576 	0 	451 
3839	0	512	3835 	0 	451 
4095	0	512	4095 	0 	451 
0	256	512	0 	231 	463 
256	256	512	231 	231 	457 
512	256	512	486 	231 	457 
768	256	512	734 	218 	457 
1024	256	512	990 	203 	457 
1280	256	512	1232 	186 	457 
1536	256	512	1489 	147 	457 
1792	256	512	1735 	122 	457 
2048	256	512	1993 	0 	457 
2303	256	512	2233 	0 	457 
2559	256	512	2496 	0 	457 
2815	256	512	2770 	0 	457 
3071	256	512	3033 	0 	457 
3327	256	512	3316 	0 	457 
3583	256	512	3574 	0 	451 
3839	256	512	3834 	0 	451 
4095	256	512	4094 	0 	451 
0	512	512	0 	468 	457 
256	512	512	147 	468 	457 
512	512	512	463 	468 	457 
768	512	512	721 	463 	457 
1024	512	512	978 	457 	457 
1280	512	512	1223 	451 	457 
1536	512	512	1482 	438 	457 
1792	512	512	1728 	432 	457 
2048	512	512	1988 	412 	457 
2303	512	512	2229 	398 	457 
2559	512	512	2491 	376 	457 
2815	512	512	2767 	353 	457 
3071	512	512	3030 	318 	457 
3327	512	512	3312 	289 	457 
3583	512	512	3572 	244 	451 
3839	512	512	3832 	147 	451 
4095	512	512	4092 	0 	451 
0	768	512	0 	696 	457 
256	768	512	0 	693 	457 
512	768	512	398 	693 	457 
768	768	512	689 	689 	457 
1024	768	512	958 	685 	457 
1280	768	512	1208 	682 	457 
1536	768	512	1468 	678 	457 
1792	768	512	1717 	671 	457 
2048	768	512	1978 	663 	457 
2303	768	512	2220 	655 	457 
2559	768	512	2484 	644 	457 
2815	768	512	2760 	632 	457 
3071	768	512	3024 	615 	457 
3327	768	512	3308 	599 	457 
3583	768	512	3567 	581 	451 
3839	768	512	3827 	559 	451 
4095	768	512	4088 	535 	451 
0	1024	512	0 	930 	457 
256	1024	512	0 	930 	457 
512	1024	512	299 	928 	457 
768	1024	512	636 	928 	457 
1024	1024	512	925 	928 	457 
1280	1024	512	1184 	922 	457 
1536	1024	512	1449 	920 	457 
1792	1024	512	1701 	915 	457 
2048	1024	512	1964 	909 	457 
2303	1024	512	2208 	901 	457 
2559	1024	512	2473 	896 	457 
2815	1024	512	2750 	885 	457 
3071	1024	512	3016 	877 	457 
3327	1024	512	3299 	866 	451 
3583	1024	512	3560 	855 	451 
3839	1024	512	3821 	840 	451 
4095	1024	512	4082 	826 	451 
0	1280	512	0 	1155 	457 
256	1280	512	0 	1155 	457 
512	1280	512	0 	1155 	457 
768	1280	512	559 	1153 	457 
1024	1280	512	877 	1151 	457 
1280	1280	512	1149 	1151 	457 
1536	1280	512	1421 	1147 	457 
1792	1280	512	1678 	1143 	457 
2048	1280	512	1945 	1141 	457 
2303	1280	512	2191 	1135 	457 
2559	1280	512	2458 	1129 	457 
2815	1280	512	2737 	1123 	457 
3071	1280	512	3004 	1116 	451 
3327	1280	512	3289 	1106 	451 
3583	1280	512	3551 	1098 	451 
3839	1280	512	3812 	1089 	451 
4095	1280	512	4074 	1079 	451 
0	1536	512	0 	1394 	457 
256	1536	512	0 	1394 	457 
512	1536	512	0 	1393 	457 
768	1536	512	443 	1393 	457 
1024	1536	512	811 	1391 	457 
1280	1536	512	1102 	1390 	457 
1536	1536	512	1385 	1388 	457 
1792	1536	512	1648 	1385 	457 
2048	1536	512	1921 	1380 	457 
2303	1536	512	2169 	1377 	457 
2559	1536	512	2439 	1372 	451 
2815	1536	512	2720 	1367 	451 
3071	1536	512	2988 	1362 	451 
3327	1536	512	3275 	1356 	451 
3583	1536	512	3538 	1349 	451 
3839	1536	512	3800 	1341 	451 
4095	1536	512	4063 	1332 	451 
0	1792	512	0 	1623 	457 
256	1792	512	0 	1622 	457 
512	1792	512	0 	1622 	457 
768	1792	512	198 	1621 	457 
1024	1792	512	721 	1619 	457 
1280	1792	512	1042 	1618 	457 
1536	1792	512	1341 	1617 	457 
1792	1792	512	1613 	1614 	451 
2048	1792	512	1889 	1611 	451 
2303	1792	512	2143 	1609 	451 
2559	1792	512	2416 	1605 	451 
2815	1792	512	2699 	1601 	451 
3071	1792	512	2969 	1595 	451 
3327	1792	512	3259 	1590 	451 
3583	1792	512	3523 	1584 	451 
3839	1792	512	3787 	1577 	444 
4095	1792	512	4050 	1570 	444 
0	2048	512	0 	1864 	451 
256	2048	512	0 	1863 	451 
512	2048	512	0 	1863 	451 
768	2048	512	0 	1862 	451 
1024	2048	512	594 	1862 	451 
1280	2048	512	966 	1860 	451 
1536	2048	512	1283 	1858 	451 
1792	2048	512	1568 	1856 	451 
2048	2048	512	1852 	1855 	451 
2303	2048	512	2110 	1851 	451 
2559	2048	512	2388 	1849 	451 
2815	2048	512	2675 	1844 	451 
3071	2048	512	2947 	1841 	451 
3327	2048	512	3239 	1835 	451 
3583	2048	512	3504 	1830 	444 
3839	2048	512	3770 	1826 	444 
4095	2048	512	4034 	1820 	444 
0	2303	512	0 	2085 	451 
256	2303	512	0 	2085 	451 
512	2303	512	0 	2085 	451 
768	2303	512	0 	2084 	451 
1024	2303	512	391 	2083 	451 
1280	2303	512	868 	2082 	451 
1536	2303	512	1216 	2080 	451 
1792	2303	512	1514 	2079 	451 
2048	2303	512	1808 	2077 	451 
2303	2303	512	2073 	2074 	451 
2559	2303	512	2354 	2072 	451 
2815	2303	512	2645 	2068 	444 
3071	2303	512	2921 	2065 	444 
3327	2303	512	3216 	2061 	444 
3583	2303	512	3484 	2056 	444 
3839	2303	512	3751 	2052 	444 
4095	2303	512	4017 	2047 	444 
0	2559	512	0 	2330 	451 
256	2559	512	0 	2330 	451 
512	2559	512	0 	2329 	451 
768	2559	512	0 	2329 	451 
1024	2559	512	0 	2329 	451 
1280	2559	512	737 	2328 	451 
1536	2559	512	1131 	2327 	451 
1792	2559	512	1449 	2325 	444 
2048	2559	512	1756 	2322 	444 
2303	2559	512	2029 	2321 	444 
2559	2559	512	2316 	2318 	444 
2815	2559	512	2612 	2315 	444 
3071	2559	512	2891 	2312 	444 
3327	2559	512	3188 	2309 	444 
3583	2559	512	3459 	2305 	444 
3839	2559	512	3728 	2301 	438 
4095	2559	512	3996 	2296 	438 
0	2815	512	0 	2588 	444 
256	2815	512	0 	2588 	444 
512	2815	512	0 	2588 	444 
768	2815	512	0 	2587 	444 
1024	2815	512	0 	2587 	444 
1280	2815	512	549 	2586 	444 
1536	2815	512	1026 	2585 	444 
1792	2815	512	1373 	2583 	444 
2048	2815	512	1693 	2581 	444 
2303	2815	512	1977 	2580 	444 
2559	2815	512	2272 	2577 	444 
2815	2815	512	2572 	2575 	444 
3071	2815	512	2856 	2572 	444 
3327	2815	512	3158 	2569 	438 
3583	2815	512	3432 	2566 	438 
3839	2815	512	3703 	2561 	438 
4095	2815	512	3972 	2557 	438 
0	3071	512	0 	2834 	444 
256	3071	512	0 	2834 	444 
512	3071	512	0 	2833 	444 
768	3071	512	0 	2833 	444 
1024	3071	512	0 	2832 	444 
1280	3071	512	83 	2831 	444 
1536	3071	512	890 	2831 	444 
1792	3071	512	1282 	2830 	444 
2048	3071	512	1623 	2827 	438 
2303	3071	512	1918 	2826 	438 
2559	3071	512	2220 	2824 	438 
2815	3071	512	2528 	2822 	438 
3071	3071	512	2817 	2819 	438 
3327	3071	512	3123 	2817 	438 
3583	3071	512	3400 	2814 	438 
3839	3071	512	3674 	2810 	438 
4095	3071	512	3946 	2806 	438 
0	3327	512	0 	3102 	438 
256	3327	512	0 	3102 	438 
512	3327	512	0 	3102 	438 
768	3327	512	0 	3102 	438 
1024	3327	512	0 	3101 	438 
1280	3327	512	0 	3101 	438 
1536	3327	512	710 	3100 	438 
1792	3327	512	1171 	3099 	438 
2048	3327	512	1540 	3097 	438 
2303	3327	512	1849 	3096 	438 
2559	3327	512	2164 	3094 	438 
2815	3327	512	2479 	3092 	438 
3071	3327	512	2773 	3089 	438 
3327	3327	512	3085 	3087 	438 
3583	3327	512	3364 	3085 	438 
3839	3327	512	3642 	3081 	438 
4095	3327	512	3917 	3078 	438 
0	3583	512	0 	3345 	438 
256	3583	512	0 	3345 	438 
512	3583	512	0 	3345 	438 
768	3583	512	0 	3344 	438 
1024	3583	512	0 	3344 	438 
1280	3583	512	0 	3344 	438 
1536	3583	512	410 	3342 	438 
1792	3583	512	1033 	3341 	438 
2048	3583	512	1442 	3340 	438 
2303	3583	512	1772 	3339 	438 
2559	3583	512	2098 	3337 	438 
2815	3583	512	2423 	3335 	438 
3071	3583	512	2724 	3334 	438 
3327	3583	512	3042 	3331 	438 
3583	3583	512	3326 	3328 	438 
3839	3583	512	3606 	3326 	432 
4095	3583	512	3884 	3323 	432 
0	3839	512	0 	3587 	438 
256	3839	512	0 	3587 	438 
512	3839	512	0 	3587 	438 
768	3839	512	0 	3587 	438 
1024	3839	512	0 	3587 	438 
1280	3839	512	0 	3586 	438 
1536	3839	512	0 	3585 	438 
1792	3839	512	858 	3584 	438 
2048	3839	512	1327 	3584 	438 
2303	3839	512	1683 	3582 	438 
2559	3839	512	2026 	3580 	438 
2815	3839	512	2361 	3579 	432 
3071	3839	512	2669 	3577 	432 
3327	3839	512	2994 	3574 	432 
3583	3839	512	3283 	3572 	432 
3839	3839	512	3567 	3570 	432 
4095	3839	512	3848 	3567 	432 
0	4095	512	0 	3831 	432 
256	4095	512	0 	3831 	432 
512	4095	512	0 	3830 	432 
768	4095	512	0 	3830 	432 
1024	4095	512	0 	3830 	432 
1280	4095	512	0 	3829 	432 
1536	4095	512	0 	3829 	432 
1792	4095	512	601 	3827 	432 
2048	4095	512	1188 	3827 	432 
2303	4095	512	1580 	3825 	432 
2559	4095	512	1942 	3824 	432 
2815	4095	512	2291 	3822 	432 
3071	4095	512	2608 	3821 	432 
3327	4095	512	2941 	3818 	425 
3583	4095	512	3236 	3816 	425 
3839	4095	512	3524 	3814 	425 
4095	4095	512	3809 	3812 	425 
0	0	768	0 	0 	682 
256	0	768	231 	0 	682 
512	0	768	491 	0 	682 
768	0	768	738 	0 	682 
1024	0	768	992 	0 	682 
1280	0	768	1234 	0 	682 
1536	0	768	1489 	0 	682 
1792	0	768	1736 	0 	682 
2048	0	768	1993 	0 	682 
2303	0	768	2233 	0 	682 
2559	0	768	2496 	0 	682 
2815	0	768	2770 	0 	682 
3071	0	768	3034 	0 	682 
3327	0	768	3316 	0 	678 
3583	0	768	3575 	0 	678 
3839	0	768	3835 	0 	678 
4095	0	768	4095 	0 	678 
0	256	768	0 	244 	682 
256	256	768	218 	244 	682 
512	256	768	480 	231 	682 
768	256	768	734 	231 	682 
1024	256	768	987 	218 	682 
1280	256	768	1231 	186 	682 
1536	256	768	1488 	168 	682 
1792	256	768	1733 	122 	682 
2048	256	768	1992 	0 	682 
2303	256	768	2232 	0 	682 
2559	256	768	2495 	0 	682 
2815	256	768	2770 	0 	682 
3071	256	768	3032 	0 	682 
3327	256	768	3315 	0 	678 
3583	256	768	3574 	0 	678 
3839	256	768	3834 	0 	678 
4095	256	768	4094 	0 	678 
0	512	768	0 	468 	682 
256	512	768	122 	468 	682 
512	512	768	457 	468 	682 
768	512	768	717 	463 	682 
1024	512	768	978 	457 	682 
1280	512	768	1223 	451 	682 
1536	512	768	1480 	438 	682 
1792	512	768	1728 	432 	682 
2048	512	768	1987 	412 	682 
2303	512	768	2228 	398 	682 
2559	512	768	2491 	376 	682 
2815	512	768	2766 	361 	682 
3071	512	768	3030 	327 	682 
3327	512	768	3312 	289 	678 
3583	512	768	3572 	244 	678 
3839	512	768	3832 	147 	678 
4095	512	768	4091 	0 	678 
0	768	768	0 	696 	682 
256	768	768	0 	696 	682 
512	768	768	398 	693 	682 
768	768	768	685 	693 	682 
1024	768	768	955 	689 	682 
1280	768	768	1207 	682 	682 
1536	768	768	1467 	678 	682 
1792	768	768	1716 	674 	682 
2048	768	768	1978 	663 	682 
2303	768	768	2220 	655 	682 
2559	768	768	2483 	644 	682 
2815	768	768	2759 	632 	682 
3071	768	768	3024 	615 	678 
3327	768	768	3307 	603 	678 
3583	768	768	3567 	586 	678 
3839	768	768	3827 	559 	678 
4095	768	768	4088 	535 	678 
0	1024	768	0 	930 	682 
256	1024	768	0 	930 	682 
512	1024	768	289 	930 	682 
768	1024	768	632 	928 	682 
1024	1024	768	922 	928 	682 
1280	1024	768	1182 	925 	682 
1536	1024	768	1447 	920 	682 
1792	1024	768	1701 	915 	682 
2048	1024	768	1963 	909 	682 
2303	1024	768	2207 	901 	682 
2559	1024	768	2473 	896 	682 
2815	1024	768	2750 	885 	678 
3071	1024	768	3015 	877 	678 
3327	1024	768	3299 	866 	678 
3583	1024	768	3560 	855 	678 
3839	1024	768	3821 	840 	678 
4095	1024	768	4082 	826 	678 
0	1280	768	0 	1157 	682 
256	1280	768	0 	1157 	682 
512	1280	768	0 	1155 	682 
768	1280	768	559 	1155 	682 
1024	1280	768	874 	1153 	682 
1280	1280	768	1147 	1151 	682 
1536	1280	768	1420 	1147 	682 
1792	1280	768	1678 	1143 	682 
2048	1280	768	1945 	1141 	682 
2303	1280	768	2190 	1135 	682 
2559	1280	768	2458 	1129 	678 
2815	1280	768	2736 	1123 	678 
3071	1280	768	3003 	1116 	678 
3327	1280	768	3288 	1106 	678 
3583	1280	768	3550 	1098 	678 
3839	1280	768	3812 	1089 	678 
4095	1280	768	4073 	1079 	678 
0	1536	768	0 	1394 	682 
256	1536	768	0 	1394 	682 
512	1536	768	0 	1394 	682 
768	1536	768	437 	1393 	682 
1024	1536	768	808 	1391 	682 
1280	1536	768	1100 	1390 	682 
1536	1536	768	1383 	1388 	682 
1792	1536	768	1648 	1385 	678 
2048	1536	768	1920 	1380 	678 
2303	1536	768	2169 	1378 	678 
2559	1536	768	2439 	1372 	678 
2815	1536	768	2719 	1369 	678 
3071	1536	768	2988 	1362 	678 
3327	1536	768	3275 	1356 	678 
3583	1536	768	3538 	1349 	678 
3839	1536	768	3800 	1341 	678 
4095	1536	768	4063 	1332 	678 
0	1792	768	0 	1623 	678 
256	1792	768	0 	1623 	678 
512	1792	768	0 	1622 	678 
768	1792	768	182 	1622 	678 
1024	1792	768	721 	1621 	678 
1280	1792	768	1042 	1618 	678 
1536	1792	768	1339 	1617 	678 
1792	1792	768	1611 	1615 	678 
2048	1792	768	1889 	1611 	678 
2303	1792	768	2143 	1609 	678 
2559	1792	768	2415 	1605 	678 
2815	1792	768	2698 	1601 	678 
3071	1792	768	2969 	1595 	678 
3327	1792	768	3258 	1591 	678 
3583	1792	768	3523 	1586 	678 
3839	1792	768	3786 	1577 	678 
4095	1792	768	4050 	1570 	678 
0	2048	768	0 	1864 	678 
256	2048	768	0 	1864 	678 
512	2048	768	0 	1863 	678 
768	2048	768	0 	1863 	678 
1024	2048	768	590 	1862 	678 
1280	2048	768	963 	1860 	678 
1536	2048	768	1283 	1859 	678 
1792	2048	768	1566 	1857 	678 
2048	2048	768	1851 	1855 	678 
2303	2048	768	2109 	1851 	678 
2559	2048	768	2387 	1849 	678 
2815	2048	768	2674 	1844 	678 
3071	2048	768	2946 	1841 	678 
3327	2048	768	3239 	1836 	678 
3583	2048	768	3504 	1832 	678 
3839	2048	768	3769 	1826 	678 
4095	2048	768	4034 	1820 	678 
0	2303	768	0 	2085 	678 
256	2303	768	0 	2085 	678 
512	2303	768	0 	2085 	678 
768	2303	768	0 	2085 	678 
1024	2303	768	391 	2084 	678 
1280	2303	768	868 	2082 	678 
1536	2303	768	1214 	2081 	678 
1792	2303	768	1513 	2079 	678 
2048	2303	768	1807 	2077 	678 
2303	2303	768	2072 	2074 	678 
2559	2303	768	2354 	2072 	678 
2815	2303	768	2644 	2068 	678 
3071	2303	768	2921 	2065 	678 
3327	2303	768	3215 	2061 	678 
3583	2303	768	3483 	2057 	678 
3839	2303	768	3750 	2052 	678 
4095	2303	768	4017 	2047 	674 
0	2559	768	0 	2330 	678 
256	2559	768	0 	2330 	678 
512	2559	768	0 	2330 	678 
768	2559	768	0 	2329 	678 
1024	2559	768	0 	2329 	678 
1280	2559	768	734 	2328 	678 
1536	2559	768	1129 	2327 	678 
1792	2559	768	1448 	2325 	678 
2048	2559	768	1754 	2322 	678 
2303	2559	768	2028 	2321 	678 
2559	2559	768	2315 	2318 	678 
2815	2559	768	2611 	2316 	678 
3071	2559	768	2890 	2312 	678 
3327	2559	768	3188 	2309 	678 
3583	2559	768	3459 	2305 	674 
3839	2559	768	3728 	2301 	674 
4095	2559	768	3995 	2296 	674 
0	2815	768	0 	2588 	678 
256	2815	768	0 	2588 	678 
512	2815	768	0 	2588 	678 
768	2815	768	0 	2587 	678 
1024	2815	768	0 	2587 	678 
1280	2815	768	549 	2586 	678 
1536	2815	768	1024 	2585 	678 
1792	2815	768	1372 	2583 	678 
2048	2815	768	1693 	2582 	678 
2303	2815	768	1977 	2580 	678 
2559	2815	768	2271 	2577 	678 
2815	2815	768	2572 	2576 	674 
3071	2815	768	2856 	2572 	674 
3327	2815	768	3157 	2569 	674 
3583	2815	768	3431 	2566 	674 
3839	2815	768	3702 	2562 	674 
4095	2815	768	3972 	2558 	674 
0	3071	768	0 	2834 	678 
256	3071	768	0 	2834 	678 
512	3071	768	0 	2834 	678 
768	3071	768	0 	2833 	678 
1024	3071	768	0 	2832 	674 
1280	3071	768	0 	2832 	674 
1536	3071	768	890 	2831 	674 
1792	3071	768	1280 	2830 	674 
2048	3071	768	1622 	2827 	674 
2303	3071	768	1917 	2827 	674 
2559	3071	768	2220 	2824 	674 
2815	3071	768	2528 	2822 	674 
3071	3071	768	2817 	2819 	674 
3327	3071	768	3123 	2817 	674 
3583	3071	768	3400 	2814 	674 
3839	3071	768	3674 	2810 	671 
4095	3071	768	3946 	2806 	671 
0	3327	768	0 	3102 	674 
256	3327	768	0 	3102 	674 
512	3327	768	0 	3102 	674 
768	3327	768	0 	3102 	674 
1024	3327	768	0 	3101 	674 
1280	3327	768	0 	3101 	674 
1536	3327	768	707 	3100 	674 
1792	3327	768	1169 	3099 	674 
2048	3327	768	1538 	3097 	674 
2303	3327	768	1848 	3096 	674 
2559	3327	768	2163 	3094 	674 
2815	3327	768	2478 	3092 	671 
3071	3327	768	2773 	3090 	671 
3327	3327	768	3085 	3087 	671 
3583	3327	768	3364 	3085 	671 
3839	3327	768	3641 	3082 	671 
4095	3327	768	3916 	3078 	671 
0	3583	768	0 	3345 	671 
256	3583	768	0 	3345 	671 
512	3583	768	0 	3345 	671 
768	3583	768	0 	3345 	671 
1024	3583	768	0 	3344 	671 
1280	3583	768	0 	3344 	671 
1536	3583	768	403 	3343 	671 
1792	3583	768	1031 	3341 	671 
2048	3583	768	1442 	3340 	671 
2303	3583	768	1771 	3339 	671 
2559	3583	768	2097 	3337 	671 
2815	3583	768	2422 	3335 	671 
3071	3583	768	2723 	3334 	671 
3327	3583	768	3041 	3331 	671 
3583	3583	768	3326 	3328 	667 
3839	3583	768	3606 	3326 	667 
4095	3583	768	3884 	3323 	667 
0	3839	768	0 	3588 	671 
256	3839	768	0 	3588 	671 
512	3839	768	0 	3587 	671 
768	3839	768	0 	3587 	671 
1024	3839	768	0 	3587 	671 
1280	3839	768	0 	3586 	671 
1536	3839	768	0 	3586 	671 
1792	3839	768	855 	3584 	671 
2048	3839	768	1326 	3584 	671 
2303	3839	768	1682 	3582 	667 
2559	3839	768	2025 	3580 	667 
2815	3839	768	2360 	3579 	667 
3071	3839	768	2668 	3577 	667 
3327	3839	768	2994 	3574 	667 
3583	3839	768	3283 	3572 	667 
3839	3839	768	3567 	3570 	667 
4095	3839	768	3848 	3567 	663 
0	4095	768	0 	3831 	667 
256	4095	768	0 	3831 	667 
512	4095	768	0 	3830 	667 
768	4095	768	0 	3830 	667 
1024	4095	768	0 	3830 	667 
1280	4095	768	0 	3829 	667 
1536	4095	768	0 	3829 	667 
1792	4095	768	597 	3828 	667 
2048	4095	768	1186 	3827 	667 
2303	4095	768	1580 	3825 	667 
2559	4095	768	1941 	3824 	667 
2815	4095	768	2290 	3822 	667 
3071	4095	768	2608 	3821 	663 
3327	4095	768	2941 	3819 	663 
3583	4095	768	3235 	3817 	663 
3839	4095	768	3524 	3814 	663 
4095	4095	768	3809 	3812 	663 
0	0	1024	0 	89 	917 
256	0	1024	218 	89 	917 
512	0	1024	486 	0 	917 
768	0	1024	734 	0 	917 
1024	0	1024	987 	0 	917 
1280	0	1024	1231 	0 	917 
1536	0	1024	1489 	0 	917 
1792	0	1024	1733 	0 	917 
2048	0	1024	1992 	0 	915 
2303	0	1024	2233 	0 	915 
2559	0	1024	2495 	0 	915 
2815	0	1024	2770 	0 	915 
3071	0	1024	3033 	0 	915 
3327	0	1024	3315 	0 	915 
3583	0	1024	3574 	0 	915 
3839	0	1024	3834 	0 	915 
4095	0	1024	4094 	0 	912 
0	256	1024	0 	244 	917 
256	256	1024	186 	244 	917 
512	256	1024	474 	244 	917 
768	256	1024	728 	231 	917 
1024	256	1024	985 	218 	917 
1280	256	1024	1229 	203 	917 
1536	256	1024	1486 	168 	917 
1792	256	1024	1732 	147 	917 
2048	256	1024	1991 	0 	915 
2303	256	1024	2232 	0 	915 
2559	256	1024	2494 	0 	915 
2815	256	1024	2768 	0 	915 
3071	256	1024	3032 	0 	915 
3327	256	1024	3314 	0 	915 
3583	256	1024	3574 	0 	915 
3839	256	1024	3833 	0 	915 
4095	256	1024	4094 	0 	912 
0	512	1024	0 	474 	917 
256	512	1024	89 	468 	917 
512	512	1024	444 	468 	917 
768	512	1024	714 	463 	917 
1024	512	1024	973 	457 	917 
1280	512	1024	1220 	451 	917 
1536	512	1024	1479 	438 	917 
1792	512	1024	1726 	432 	915 
2048	512	1024	1986 	419 	915 
2303	512	1024	2226 	398 	915 
2559	512	1024	2490 	384 	915 
2815	512	1024	2765 	361 	915 
3071	512	1024	3028 	327 	915 
3327	512	1024	3312 	289 	915 
3583	512	1024	3571 	244 	915 
3839	512	1024	3831 	168 	912 
4095	512	1024	4091 	0 	912 
0	768	1024	0 	696 	917 
256	768	1024	0 	696 	917 
512	768	1024	391 	696 	917 
768	768	1024	678 	693 	917 
1024	768	1024	953 	689 	917 
1280	768	1024	1205 	685 	917 
1536	768	1024	1465 	678 	915 
1792	768	1024	1715 	674 	915 
2048	768	1024	1977 	663 	915 
2303	768	1024	2219 	655 	915 
2559	768	1024	2482 	644 	915 
2815	768	1024	2759 	632 	915 
3071	768	1024	3023 	620 	915 
3327	768	1024	3306 	603 	915 
3583	768	1024	3566 	586 	915 
3839	768	1024	3827 	559 	912 
4095	768	1024	4087 	540 	912 
0	1024	1024	0 	930 	915 
256	1024	1024	0 	930 	915 
512	1024	1024	279 	930 	915 
768	1024	1024	632 	928 	915 
1024	1024	1024	917 	928 	915 
1280	1024	1024	1178 	925 	915 
1536	1024	1024	1446 	920 	915 
1792	1024	1024	1698 	915 	915 
2048	1024	1024	1962 	912 	915 
2303	1024	1024	2206 	904 	915 
2559	1024	1024	2472 	896 	915 
2815	1024	1024	2749 	888 	915 
3071	1024	1024	3014 	880 	915 
3327	1024	1024	3299 	866 	915 
3583	1024	1024	3559 	855 	912 
3839	1024	1024	3820 	843 	912 
4095	1024	1024	4081 	829 	912 
0	1280	1024	0 	1157 	915 
256	1280	1024	0 	1157 	915 
512	1280	1024	0 	1157 	915 
768	1280	1024	554 	1155 	915 
1024	1280	1024	869 	1153 	915 
1280	1280	1024	1143 	1151 	915 
1536	1280	1024	1418 	1149 	915 
1792	1280	1024	1676 	1145 	915 
2048	1280	1024	1943 	1141 	915 
2303	1280	1024	2189 	1135 	915 
2559	1280	1024	2457 	1129 	915 
2815	1280	1024	2736 	1123 	915 
3071	1280	1024	3002 	1116 	915 
3327	1280	1024	3288 	1108 	912 
3583	1280	1024	3549 	1100 	912 
3839	1280	1024	3811 	1089 	912 
4095	1280	1024	4072 	1079 	912 
0	1536	1024	0 	1396 	915 
256	1536	1024	0 	1394 	915 
512	1536	1024	0 	1394 	915 
768	1536	1024	431 	1393 	915 
1024	1536	1024	805 	1391 	915 
1280	1536	1024	1098 	1390 	915 
1536	1536	1024	1382 	1388 	915 
1792	1536	1024	1647 	1385 	915 
2048	1536	1024	1919 	1382 	915 
2303	1536	1024	2168 	1378 	915 
2559	1536	1024	2438 	1373 	915 
2815	1536	1024	2719 	1369 	915 
3071	1536	1024	2987 	1362 	912 
3327	1536	1024	3274 	1356 	912 
3583	1536	1024	3537 	1349 	912 
3839	1536	1024	3800 	1342 	912 
4095	1536	1024	4062 	1332 	912 
0	1792	1024	0 	1623 	915 
256	1792	1024	0 	1623 	915 
512	1792	1024	0 	1623 	915 
768	1792	1024	164 	1622 	915 
1024	1792	1024	714 	1621 	915 
1280	1792	1024	1037 	1619 	915 
1536	1792	1024	1337 	1617 	915 
1792	1792	1024	1609 	1615 	915 
2048	1792	1024	1888 	1611 	915 
2303	1792	1024	2142 	1609 	915 
2559	1792	1024	2414 	1605 	912 
2815	1792	1024	2698 	1601 	912 
3071	1792	1024	2969 	1596 	912 
3327	1792	1024	3257 	1591 	912 
3583	1792	1024	3522 	1586 	912 
3839	1792	1024	3786 	1577 	912 
4095	1792	1024	4049 	1572 	912 
0	2048	1024	0 	1864 	915 
256	2048	1024	0 	1864 	915 
512	2048	1024	0 	1864 	915 
768	2048	1024	0 	1863 	915 
1024	2048	1024	586 	1862 	915 
1280	2048	1024	961 	1862 	915 
1536	2048	1024	1281 	1859 	912 
1792	2048	1024	1565 	1857 	912 
2048	2048	1024	1850 	1855 	912 
2303	2048	1024	2108 	1852 	912 
2559	2048	1024	2386 	1849 	912 
2815	2048	1024	2673 	1845 	912 
3071	2048	1024	2946 	1841 	912 
3327	2048	1024	3237 	1836 	912 
3583	2048	1024	3503 	1832 	912 
3839	2048	1024	3769 	1826 	912 
4095	2048	1024	4034 	1821 	912 
0	2303	1024	0 	2085 	912 
256	2303	1024	0 	2085 	912 
512	2303	1024	0 	2085 	912 
768	2303	1024	0 	2085 	912 
1024	2303	1024	377 	2084 	912 
1280	2303	1024	863 	2083 	912 
1536	2303	1024	1210 	2081 	912 
1792	2303	1024	1511 	2079 	912 
2048	2303	1024	1806 	2078 	912 
2303	2303	1024	2071 	2075 	912 
2559	2303	1024	2353 	2072 	912 
2815	2303	1024	2644 	2069 	912 
3071	2303	1024	2920 	2066 	912 
3327	2303	1024	3214 	2061 	912 
3583	2303	1024	3483 	2057 	912 
3839	2303	1024	3750 	2053 	912 
4095	2303	1024	4016 	2048 	912 
0	2559	1024	0 	2330 	912 
256	2559	1024	0 	2330 	912 
512	2559	1024	0 	2330 	912 
768	2559	1024	0 	2329 	912 
1024	2559	1024	0 	2329 	912 
1280	2559	1024	730 	2328 	912 
1536	2559	1024	1127 	2327 	912 
1792	2559	1024	1446 	2325 	912 
2048	2559	1024	1753 	2323 	912 
2303	2559	1024	2026 	2321 	912 
2559	2559	1024	2314 	2319 	912 
2815	2559	1024	2610 	2316 	912 
3071	2559	1024	2889 	2313 	912 
3327	2559	1024	3188 	2309 	912 
3583	2559	1024	3458 	2305 	912 
3839	2559	1024	3727 	2301 	912 
4095	2559	1024	3995 	2296 	912 
0	2815	1024	0 	2589 	912 
256	2815	1024	0 	2588 	912 
512	2815	1024	0 	2588 	912 
768	2815	1024	0 	2587 	912 
1024	2815	1024	0 	2587 	912 
1280	2815	1024	540 	2586 	912 
1536	2815	1024	1022 	2585 	912 
1792	2815	1024	1368 	2583 	912 
2048	2815	1024	1692 	2582 	912 
2303	2815	1024	1975 	2580 	912 
2559	2815	1024	2269 	2578 	912 
2815	2815	1024	2571 	2576 	912 
3071	2815	1024	2855 	2572 	912 
3327	2815	1024	3157 	2569 	912 
3583	2815	1024	3430 	2566 	909 
3839	2815	1024	3702 	2562 	909 
4095	2815	1024	3971 	2558 	909 
0	3071	1024	0 	2834 	912 
256	3071	1024	0 	2834 	912 
512	3071	1024	0 	2834 	912 
768	3071	1024	0 	2833 	912 
1024	3071	1024	0 	2832 	912 
1280	3071	1024	0 	2832 	912 
1536	3071	1024	884 	2831 	912 
1792	3071	1024	1278 	2830 	912 
2048	3071	1024	1621 	2828 	912 
2303	3071	1024	1915 	2827 	912 
2559	3071	1024	2220 	2825 	912 
2815	3071	1024	2528 	2822 	909 
3071	3071	1024	2815 	2820 	909 
3327	3071	1024	3123 	2817 	909 
3583	3071	1024	3399 	2814 	909 
3839	3071	1024	3673 	2810 	909 
4095	3071	1024	3945 	2807 	909 
0	3327	1024	0 	3103 	909 
256	3327	1024	0 	3103 	909 
512	3327	1024	0 	3102 	909 
768	3327	1024	0 	3102 	909 
1024	3327	1024	0 	3102 	909 
1280	3327	1024	0 	3101 	909 
1536	3327	1024	703 	3101 	909 
1792	3327	1024	1167 	3099 	909 
2048	3327	1024	1537 	3097 	909 
2303	3327	1024	1848 	3096 	909 
2559	3327	1024	2162 	3094 	909 
2815	3327	1024	2478 	3092 	909 
3071	3327	1024	2772 	3090 	909 
3327	3327	1024	3083 	3087 	909 
3583	3327	1024	3364 	3085 	907 
3839	3327	1024	3641 	3082 	907 
4095	3327	1024	3916 	3078 	907 
0	3583	1024	0 	3345 	909 
256	3583	1024	0 	3345 	909 
512	3583	1024	0 	3345 	909 
768	3583	1024	0 	3345 	909 
1024	3583	1024	0 	3344 	909 
1280	3583	1024	0 	3344 	909 
1536	3583	1024	397 	3343 	909 
1792	3583	1024	1031 	3342 	909 
2048	3583	1024	1440 	3340 	909 
2303	3583	1024	1770 	3339 	909 
2559	3583	1024	2097 	3337 	907 
2815	3583	1024	2421 	3335 	907 
3071	3583	1024	2722 	3334 	907 
3327	3583	1024	3040 	3331 	907 
3583	3583	1024	3325 	3329 	907 
3839	3583	1024	3606 	3326 	907 
4095	3583	1024	3883 	3323 	907 
0	3839	1024	0 	3588 	907 
256	3839	1024	0 	3588 	907 
512	3839	1024	0 	3588 	907 
768	3839	1024	0 	3587 	907 
1024	3839	1024	0 	3587 	907 
1280	3839	1024	0 	3587 	907 
1536	3839	1024	0 	3586 	907 
1792	3839	1024	852 	3585 	907 
2048	3839	1024	1324 	3584 	907 
2303	3839	1024	1680 	3582 	907 
2559	3839	1024	2024 	3580 	907 
2815	3839	1024	2359 	3579 	907 
3071	3839	1024	2667 	3577 	907 
3327	3839	1024	2992 	3575 	904 
3583	3839	1024	3281 	3573 	904 
3839	3839	1024	3566 	3570 	904 
4095	3839	1024	3847 	3567 	904 
0	4095	1024	0 	3831 	907 
256	4095	1024	0 	3831 	907 
512	4095	1024	0 	3831 	907 
768	4095	1024	0 	3830 	907 
1024	4095	1024	0 	3830 	907 
1280	4095	1024	0 	3829 	904 
1536	4095	1024	0 	3829 	904 
1792	4095	1024	592 	3828 	904 
2048	4095	1024	1186 	3827 	904 
2303	4095	1024	1578 	3826 	904 
2559	4095	1024	1940 	3824 	904 
2815	4095	1024	2288 	3823 	904 
3071	4095	1024	2607 	3821 	904 
3327	4095	1024	2939 	3819 	904 
3583	4095	1024	3234 	3817 	904 
3839	4095	1024	3523 	3815 	901 
4095	4095	1024	3808 	3812 	901 
0	0	1280	0 	89 	1141 
256	0	1280	186 	89 	1141 
512	0	1280	474 	89 	1141 
768	0	1280	728 	0 	1141 
1024	0	1280	985 	0 	1141 
1280	0	1280	1229 	0 	1141 
1536	0	1280	1486 	0 	1139 
1792	0	1280	1732 	0 	1139 
2048	0	1280	1991 	0 	1139 
2303	0	1280	2232 	0 	1139 
2559	0	1280	2493 	0 	1139 
2815	0	1280	2768 	0 	1139 
3071	0	1280	3032 	0 	1139 
3327	0	1280	3314 	0 	1139 
3583	0	1280	3574 	0 	1139 
3839	0	1280	3833 	0 	1137 
4095	0	1280	4093 	0 	1137 
0	256	1280	0 	244 	1141 
256	256	1280	168 	244 	1141 
512	256	1280	468 	244 	1141 
768	256	1280	721 	231 	1141 
1024	256	1280	982 	218 	1141 
1280	256	1280	1227 	203 	1141 
1536	256	1280	1483 	168 	1139 
1792	256	1280	1730 	147 	1139 
2048	256	1280	1990 	89 	1139 
2303	256	1280	2230 	0 	1139 
2559	256	1280	2492 	0 	1139 
2815	256	1280	2767 	0 	1139 
3071	256	1280	3031 	0 	1139 
3327	256	1280	3314 	0 	1139 
3583	256	1280	3573 	0 	1139 
3839	256	1280	3832 	0 	1137 
4095	256	1280	4093 	0 	1137 
0	512	1280	0 	474 	1141 
256	512	1280	0 	474 	1141 
512	512	1280	438 	474 	1141 
768	512	1280	707 	468 	1141 
1024	512	1280	970 	463 	1141 
1280	512	1280	1218 	457 	1139 
1536	512	1280	1477 	444 	1139 
1792	512	1280	1724 	438 	1139 
2048	512	1280	1985 	419 	1139 
2303	512	1280	2226 	405 	1139 
2559	512	1280	2488 	384 	1139 
2815	512	1280	2764 	361 	1139 
3071	512	1280	3028 	327 	1139 
3327	512	1280	3311 	299 	1139 
3583	512	1280	3571 	244 	1139 
3839	512	1280	3830 	168 	1137 
4095	512	1280	4090 	0 	1137 
0	768	1280	0 	700 	1141 
256	768	1280	0 	700 	1141 
512	768	1280	376 	696 	1139 
768	768	1280	674 	696 	1139 
1024	768	1280	948 	693 	1139 
1280	768	1280	1201 	685 	1139 
1536	768	1280	1462 	682 	1139 
1792	768	1280	1714 	674 	1139 
2048	768	1280	1975 	667 	1139 
2303	768	1280	2217 	655 	1139 
2559	768	1280	2482 	648 	1139 
2815	768	1280	2758 	632 	1139 
3071	768	1280	3022 	620 	1139 
3327	768	1280	3306 	603 	1139 
3583	768	1280	3565 	586 	1137 
3839	768	1280	3826 	563 	1137 
4095	768	1280	4086 	540 	1137 
0	1024	1280	0 	933 	1139 
256	1024	1280	0 	933 	1139 
512	1024	1280	256 	930 	1139 
768	1024	1280	624 	930 	1139 
1024	1024	1280	915 	928 	1139 
1280	1024	1280	1176 	925 	1139 
1536	1024	1280	1444 	922 	1139 
1792	1024	1280	1697 	917 	1139 
2048	1024	1280	1960 	912 	1139 
2303	1024	1280	2205 	904 	1139 
2559	1024	1280	2471 	896 	1139 
2815	1024	1280	2748 	888 	1139 
3071	1024	1280	3013 	880 	1139 
3327	1024	1280	3298 	869 	1139 
3583	1024	1280	3558 	858 	1137 
3839	1024	1280	3819 	843 	1137 
4095	1024	1280	4080 	829 	1137 
0	1280	1280	0 	1159 	1139 
256	1280	1280	0 	1157 	1139 
512	1280	1280	0 	1157 	1139 
768	1280	1280	545 	1155 	1139 
1024	1280	1280	866 	1153 	1139 
1280	1280	1280	1141 	1151 	1139 
1536	1280	1280	1416 	1149 	1139 
1792	1280	1280	1674 	1145 	1139 
2048	1280	1280	1941 	1141 	1139 
2303	1280	1280	2188 	1137 	1139 
2559	1280	1280	2456 	1131 	1139 
2815	1280	1280	2734 	1125 	1139 
3071	1280	1280	3001 	1116 	1139 
3327	1280	1280	3287 	1108 	1137 
3583	1280	1280	3548 	1100 	1137 
3839	1280	1280	3810 	1091 	1137 
4095	1280	1280	4072 	1079 	1137 
0	1536	1280	0 	1396 	1139 
256	1536	1280	0 	1396 	1139 
512	1536	1280	0 	1396 	1139 
768	1536	1280	425 	1394 	1139 
1024	1536	1280	799 	1393 	1139 
1280	1536	1280	1094 	1391 	1139 
1536	1536	1280	1380 	1390 	1139 
1792	1536	1280	1644 	1386 	1139 
2048	1536	1280	1916 	1382 	1139 
2303	1536	1280	2166 	1378 	1139 
2559	1536	1280	2436 	1373 	1139 
2815	1536	1280	2718 	1369 	1137 
3071	1536	1280	2986 	1362 	1137 
3327	1536	1280	3274 	1357 	1137 
3583	1536	1280	3536 	1351 	1137 
3839	1536	1280	3799 	1342 	1137 
4095	1536	1280	4061 	1332 	1137 
0	1792	1280	0 	1625 	1139 
256	1792	1280	0 	1625 	1139 
512	1792	1280	0 	1623 	1139 
768	1792	1280	144 	1623 	1139 
1024	1792	1280	710 	1622 	1139 
1280	1792	1280	1035 	1619 	1139 
1536	1792	1280	1334 	1618 	1139 
1792	1792	1280	1609 	1615 	1139 
2048	1792	1280	1885 	1613 	1137 
2303	1792	1280	2140 	1609 	1137 
2559	1792	1280	2414 	1606 	1137 
2815	1792	1280	2697 	1601 	1137 
3071	1792	1280	2967 	1596 	1137 
3327	1792	1280	3257 	1591 	1137 
3583	1792	1280	3521 	1586 	1137 
3839	1792	1280	3785 	1579 	1137 
4095	1792	1280	4049 	1572 	1135 
0	2048	1280	0 	1865 	1139 
256	2048	1280	0 	1865 	1139 
512	2048	1280	0 	1864 	1137 
768	2048	1280	0 	1864 	1137 
1024	2048	1280	581 	1863 	1137 
1280	2048	1280	958 	1862 	1137 
1536	2048	1280	1277 	1859 	1137 
1792	2048	1280	1562 	1857 	1137 
2048	2048	1280	1849 	1856 	1137 
2303	2048	1280	2107 	1852 	1137 
2559	2048	1280	2384 	1849 	1137 
2815	2048	1280	2672 	1845 	1137 
3071	2048	1280	2945 	1842 	1137 
3327	2048	1280	3237 	1836 	1137 
3583	2048	1280	3503 	1832 	1135 
3839	2048	1280	3768 	1827 	1135 
4095	2048	1280	4033 	1821 	1135 
0	2303	1280	0 	2086 	1137 
256	2303	1280	0 	2086 	1137 
512	2303	1280	0 	2085 	1137 
768	2303	1280	0 	2085 	1137 
1024	2303	1280	362 	2085 	1137 
1280	2303	1280	857 	2083 	1137 
1536	2303	1280	1208 	2082 	1137 
1792	2303	1280	1508 	2079 	1137 
2048	2303	1280	1803 	2078 	1137 
2303	2303	1280	2069 	2075 	1137 
2559	2303	1280	2351 	2073 	1137 
2815	2303	1280	2643 	2069 	1137 
3071	2303	1280	2919 	2066 	1135 
3327	2303	1280	3214 	2061 	1135 
3583	2303	1280	3482 	2057 	1135 
3839	2303	1280	3749 	2053 	1135 
4095	2303	1280	4015 	2048 	1135 
0	2559	1280	0 	2331 	1137 
256	2559	1280	0 	2331 	1137 
512	2559	1280	0 	2330 	1137 
768	2559	1280	0 	2330 	1137 
1024	2559	1280	0 	2329 	1137 
1280	2559	1280	727 	2328 	1137 
1536	2559	1280	1123 	2328 	1137 
1792	2559	1280	1443 	2326 	1137 
2048	2559	1280	1752 	2323 	1137 
2303	2559	1280	2026 	2321 	1135 
2559	2559	1280	2313 	2319 	1135 
2815	2559	1280	2609 	2316 	1135 
3071	2559	1280	2889 	2313 	1135 
3327	2559	1280	3187 	2310 	1135 
3583	2559	1280	3458 	2306 	1135 
3839	2559	1280	3726 	2301 	1135 
4095	2559	1280	3994 	2296 	1133 
0	2815	1280	0 	2589 	1135 
256	2815	1280	0 	2589 	1135 
512	2815	1280	0 	2589 	1135 
768	2815	1280	0 	2588 	1135 
1024	2815	1280	0 	2587 	1135 
1280	2815	1280	535 	2587 	1135 
1536	2815	1280	1017 	2585 	1135 
1792	2815	1280	1368 	2584 	1135 
2048	2815	1280	1690 	2582 	1135 
2303	2815	1280	1973 	2580 	1135 
2559	2815	1280	2269 	2578 	1135 
2815	2815	1280	2570 	2576 	1135 
3071	2815	1280	2854 	2572 	1135 
3327	2815	1280	3156 	2570 	1135 
3583	2815	1280	3429 	2566 	1133 
3839	2815	1280	3701 	2562 	1133 
4095	2815	1280	3971 	2558 	1133 
0	3071	1280	0 	2835 	1135 
256	3071	1280	0 	2835 	1135 
512	3071	1280	0 	2835 	1135 
768	3071	1280	0 	2834 	1135 
1024	3071	1280	0 	2833 	1135 
1280	3071	1280	0 	2832 	1135 
1536	3071	1280	882 	2831 	1135 
1792	3071	1280	1275 	2830 	1135 
2048	3071	1280	1618 	2828 	1135 
2303	3071	1280	1914 	2827 	1135 
2559	3071	1280	2218 	2825 	1133 
2815	3071	1280	2526 	2822 	1133 
3071	3071	1280	2814 	2820 	1133 
3327	3071	1280	3122 	2817 	1133 
3583	3071	1280	3398 	2814 	1133 
3839	3071	1280	3672 	2810 	1133 
4095	3071	1280	3945 	2807 	1133 
0	3327	1280	0 	3103 	1133 
256	3327	1280	0 	3103 	1133 
512	3327	1280	0 	3103 	1133 
768	3327	1280	0 	3102 	1133 
1024	3327	1280	0 	3102 	1133 
1280	3327	1280	0 	3101 	1133 
1536	3327	1280	696 	3101 	1133 
1792	3327	1280	1163 	3099 	1133 
2048	3327	1280	1536 	3098 	1133 
2303	3327	1280	1846 	3097 	1133 
2559	3327	1280	2160 	3094 	1133 
2815	3327	1280	2476 	3093 	1133 
3071	3327	1280	2770 	3090 	1133 
3327	3327	1280	3083 	3088 	1133 
3583	3327	1280	3363 	3085 	1131 
3839	3327	1280	3640 	3082 	1131 
4095	3327	1280	3915 	3079 	1131 
0	3583	1280	0 	3346 	1133 
256	3583	1280	0 	3345 	1133 
512	3583	1280	0 	3345 	1133 
768	3583	1280	0 	3345 	1133 
1024	3583	1280	0 	3344 	1133 
1280	3583	1280	0 	3344 	1133 
1536	3583	1280	383 	3343 	1133 
1792	3583	1280	1026 	3342 	1133 
2048	3583	1280	1437 	3341 	1131 
2303	3583	1280	1768 	3339 	1131 
2559	3583	1280	2095 	3338 	1131 
2815	3583	1280	2421 	3336 	1131 
3071	3583	1280	2721 	3334 	1131 
3327	3583	1280	3040 	3331 	1131 
3583	3583	1280	3324 	3329 	1131 
3839	3583	1280	3605 	3326 	1131 
4095	3583	1280	3882 	3323 	1129 
0	3839	1280	0 	3588 	1131 
256	3839	1280	0 	3588 	1131 
512	3839	1280	0 	3588 	1131 
768	3839	1280	0 	3587 	1131 
1024	3839	1280	0 	3587 	1131 
1280	3839	1280	0 	3587 	1131 
1536	3839	1280	0 	3586 	1131 
1792	3839	1280	847 	3585 	1131 
2048	3839	1280	1321 	3584 	1131 
2303	3839	1280	1679 	3583 	1131 
2559	3839	1280	2021 	3581 	1131 
2815	3839	1280	2358 	3579 	1131 
3071	3839	1280	2667 	3577 	1129 
3327	3839	1280	2992 	3575 	1129 
3583	3839	1280	3281 	3573 	1129 
3839	3839	1280	3565 	3571 	1129 
4095	3839	1280	3847 	3568 	1129 
0	4095	1280	0 	3831 	1129 
256	4095	1280	0 	3831 	1129 
512	4095	1280	0 	3831 	1129 
768	4095	1280	0 	3831 	1129 
1024	4095	1280	0 	3830 	1129 
1280	4095	1280	0 	3829 	1129 
1536	4095	1280	0 	3829 	1129 
1792	4095	1280	588 	3828 	1129 
2048	4095	1280	1182 	3827 	1129 
2303	4095	1280	1576 	3826 	1129 
2559	4095	1280	1939 	3824 	1129 
2815	4095	1280	2288 	3823 	1129 
3071	4095	1280	2606 	3821 	1129 
3327	4095	1280	2939 	3819 	1129 
3583	4095	1280	3233 	3817 	1129 
3839	4095	1280	3523 	3815 	1129 
4095	4095	1280	3807 	3812 	1129 
0	0	1536	0 	122 	1373 
256	0	1536	147 	122 	1373 
512	0	1536	463 	89 	1373 
768	0	1536	721 	89 	1373 
1024	0	1536	980 	0 	1373 
1280	0	1536	1225 	0 	1373 
1536	0	1536	1482 	0 	1373 
1792	0	1536	1730 	0 	1373 
2048	0	1536	1989 	0 	1373 
2303	0	1536	2229 	0 	1373 
2559	0	1536	2492 	0 	1373 
2815	0	1536	2767 	0 	1373 
3071	0	1536	3031 	0 	1373 
3327	0	1536	3313 	0 	1373 
3583	0	1536	3573 	0 	1372 
3839	0	1536	3832 	0 	1372 
4095	0	1536	4092 	0 	1372 
0	256	1536	0 	244 	1373 
256	256	1536	122 	244 	1373 
512	256	1536	457 	244 	1373 
768	256	1536	717 	244 	1373 
1024	256	1536	978 	231 	1373 
1280	256	1536	1223 	218 	1373 
1536	256	1536	1480 	186 	1373 
1792	256	1536	1728 	147 	1373 
2048	256	1536	1987 	122 	1373 
2303	256	1536	2228 	0 	1373 
2559	256	1536	2491 	0 	1373 
2815	256	1536	2766 	0 	1373 
3071	256	1536	3030 	0 	1373 
3327	256	1536	3312 	0 	1373 
3583	256	1536	3572 	0 	1372 
3839	256	1536	3832 	0 	1372 
4095	256	1536	4092 	0 	1372 
0	512	1536	0 	474 	1373 
256	512	1536	0 	474 	1373 
512	512	1536	425 	474 	1373 
768	512	1536	700 	474 	1373 
1024	512	1536	965 	468 	1373 
1280	512	1536	1214 	457 	1373 
1536	512	1536	1473 	451 	1373 
1792	512	1536	1722 	438 	1373 
2048	512	1536	1983 	425 	1373 
2303	512	1536	2223 	405 	1373 
2559	512	1536	2487 	391 	1373 
2815	512	1536	2763 	361 	1373 
3071	512	1536	3026 	336 	1373 
3327	512	1536	3309 	299 	1372 
3583	512	1536	3569 	244 	1372 
3839	512	1536	3829 	186 	1372 
4095	512	1536	4089 	0 	1372 
0	768	1536	0 	700 	1373 
256	768	1536	0 	700 	1373 
512	768	1536	361 	700 	1373 
768	768	1536	667 	696 	1373 
1024	768	1536	943 	693 	1373 
1280	768	1536	1197 	689 	1373 
1536	768	1536	1461 	682 	1373 
1792	768	1536	1711 	678 	1373 
2048	768	1536	1972 	671 	1373 
2303	768	1536	2216 	659 	1373 
2559	768	1536	2480 	648 	1373 
2815	768	1536	2756 	636 	1373 
3071	768	1536	3020 	624 	1373 
3327	768	1536	3304 	607 	1372 
3583	768	1536	3565 	586 	1372 
3839	768	1536	3825 	568 	1372 
4095	768	1536	4085 	545 	1372 
0	1024	1536	0 	935 	1373 
256	1024	1536	0 	933 	1373 
512	1024	1536	244 	933 	1373 
768	1024	1536	615 	930 	1373 
1024	1024	1536	909 	928 	1373 
1280	1024	1536	1172 	928 	1373 
1536	1024	1536	1440 	922 	1373 
1792	1024	1536	1693 	917 	1373 
2048	1024	1536	1959 	912 	1373 
2303	1024	1536	2204 	907 	1373 
2559	1024	1536	2468 	899 	1373 
2815	1024	1536	2746 	891 	1373 
3071	1024	1536	3012 	880 	1372 
3327	1024	1536	3296 	869 	1372 
3583	1024	1536	3558 	858 	1372 
3839	1024	1536	3818 	846 	1372 
4095	1024	1536	4079 	832 	1372 
0	1280	1536	0 	1159 	1373 
256	1280	1536	0 	1159 	1373 
512	1280	1536	0 	1159 	1373 
768	1280	1536	535 	1157 	1373 
1024	1280	1536	860 	1155 	1373 
1280	1280	1536	1137 	1153 	1373 
1536	1280	1536	1413 	1151 	1373 
1792	1280	1536	1670 	1147 	1373 
2048	1280	1536	1940 	1141 	1373 
2303	1280	1536	2187 	1139 	1373 
2559	1280	1536	2453 	1131 	1373 
2815	1280	1536	2733 	1127 	1372 
3071	1280	1536	3000 	1116 	1372 
3327	1280	1536	3286 	1110 	1372 
3583	1280	1536	3548 	1102 	1372 
3839	1280	1536	3809 	1091 	1372 
4095	1280	1536	4071 	1081 	1372 
0	1536	1536	0 	1398 	1373 
256	1536	1536	0 	1398 	1373 
512	1536	1536	0 	1396 	1373 
768	1536	1536	405 	1396 	1373 
1024	1536	1536	796 	1394 	1373 
1280	1536	1536	1091 	1391 	1373 
1536	1536	1536	1377 	1390 	1373 
1792	1536	1536	1642 	1386 	1373 
2048	1536	1536	1914 	1383 	1373 
2303	1536	1536	2165 	1380 	1372 
2559	1536	1536	2435 	1375 	1372 
2815	1536	1536	2716 	1370 	1372 
3071	1536	1536	2985 	1364 	1372 
3327	1536	1536	3272 	1357 	1372 
3583	1536	1536	3535 	1351 	1372 
3839	1536	1536	3798 	1342 	1372 
4095	1536	1536	4061 	1334 	1370 
0	1792	1536	0 	1625 	1373 
256	1792	1536	0 	1625 	1373 
512	1792	1536	0 	1625 	1373 
768	1792	1536	86 	1623 	1373 
1024	1792	1536	700 	1622 	1373 
1280	1792	1536	1028 	1621 	1372 
1536	1792	1536	1332 	1618 	1372 
1792	1792	1536	1605 	1617 	1372 
2048	1792	1536	1883 	1614 	1372 
2303	1792	1536	2138 	1610 	1372 
2559	1792	1536	2411 	1606 	1372 
2815	1792	1536	2695 	1602 	1372 
3071	1792	1536	2966 	1598 	1372 
3327	1792	1536	3256 	1592 	1372 
3583	1792	1536	3520 	1586 	1372 
3839	1792	1536	3784 	1580 	1370 
4095	1792	1536	4047 	1573 	1370 
0	2048	1536	0 	1865 	1372 
256	2048	1536	0 	1865 	1372 
512	2048	1536	0 	1865 	1372 
768	2048	1536	0 	1864 	1372 
1024	2048	1536	572 	1863 	1372 
1280	2048	1536	953 	1862 	1372 
1536	2048	1536	1274 	1860 	1372 
1792	2048	1536	1561 	1858 	1372 
2048	2048	1536	1847 	1856 	1372 
2303	2048	1536	2105 	1854 	1372 
2559	2048	1536	2384 	1849 	1372 
2815	2048	1536	2670 	1847 	1372 
3071	2048	1536	2943 	1842 	1372 
3327	2048	1536	3236 	1837 	1370 
3583	2048	1536	3502 	1833 	1370 
3839	2048	1536	3767 	1828 	1370 
4095	2048	1536	4032 	1821 	1370 
0	2303	1536	0 	2086 	1372 
256	2303	1536	0 	2086 	1372 
512	2303	1536	0 	2086 	1372 
768	2303	1536	0 	2085 	1372 
1024	2303	1536	354 	2085 	1372 
1280	2303	1536	854 	2084 	1372 
1536	2303	1536	1205 	2082 	1372 
1792	2303	1536	1506 	2080 	1372 
2048	2303	1536	1801 	2079 	1372 
2303	2303	1536	2067 	2076 	1372 
2559	2303	1536	2350 	2073 	1370 
2815	2303	1536	2641 	2070 	1370 
3071	2303	1536	2917 	2067 	1370 
3327	2303	1536	3212 	2062 	1370 
3583	2303	1536	3481 	2058 	1370 
3839	2303	1536	3747 	2054 	1370 
4095	2303	1536	4014 	2049 	1370 
0	2559	1536	0 	2332 	1372 
256	2559	1536	0 	2331 	1372 
512	2559	1536	0 	2331 	1372 
768	2559	1536	0 	2330 	1372 
1024	2559	1536	0 	2329 	1372 
1280	2559	1536	720 	2329 	1370 
1536	2559	1536	1118 	2328 	1370 
1792	2559	1536	1442 	2326 	1370 
2048	2559	1536	1749 	2324 	1370 
2303	2559	1536	2023 	2322 	1370 
2559	2559	1536	2312 	2320 	1370 
2815	2559	1536	2608 	2317 	1370 
3071	2559	1536	2887 	2313 	1370 
3327	2559	1536	3185 	2310 	1370 
3583	2559	1536	3456 	2306 	1370 
3839	2559	1536	3725 	2302 	1370 
4095	2559	1536	3993 	2297 	1370 
0	2815	1536	0 	2589 	1370 
256	2815	1536	0 	2589 	1370 
512	2815	1536	0 	2589 	1370 
768	2815	1536	0 	2589 	1370 
1024	2815	1536	0 	2588 	1370 
1280	2815	1536	521 	2587 	1370 
1536	2815	1536	1013 	2586 	1370 
1792	2815	1536	1364 	2584 	1370 
2048	2815	1536	1687 	2583 	1370 
2303	2815	1536	1971 	2580 	1370 
2559	2815	1536	2267 	2579 	1370 
2815	2815	1536	2568 	2576 	1370 
3071	2815	1536	2852 	2573 	1370 
3327	2815	1536	3155 	2570 	1370 
3583	2815	1536	3428 	2566 	1370 
3839	2815	1536	3700 	2563 	1370 
4095	2815	1536	3970 	2559 	1370 
0	3071	1536	0 	2835 	1370 
256	3071	1536	0 	2835 	1370 
512	3071	1536	0 	2835 	1370 
768	3071	1536	0 	2834 	1370 
1024	3071	1536	0 	2833 	1370 
1280	3071	1536	0 	2832 	1370 
1536	3071	1536	876 	2831 	1370 
1792	3071	1536	1271 	2830 	1370 
2048	3071	1536	1617 	2829 	1370 
2303	3071	1536	1912 	2827 	1370 
2559	3071	1536	2216 	2825 	1370 
2815	3071	1536	2524 	2822 	1370 
3071	3071	1536	2813 	2820 	1370 
3327	3071	1536	3120 	2817 	1370 
3583	3071	1536	3397 	2814 	1370 
3839	3071	1536	3671 	2811 	1369 
4095	3071	1536	3944 	2807 	1369 
0	3327	1536	0 	3104 	1370 
256	3327	1536	0 	3104 	1370 
512	3327	1536	0 	3103 	1370 
768	3327	1536	0 	3103 	1370 
1024	3327	1536	0 	3102 	1370 
1280	3327	1536	0 	3101 	1370 
1536	3327	1536	689 	3101 	1370 
1792	3327	1536	1161 	3100 	1370 
2048	3327	1536	1533 	3098 	1370 
2303	3327	1536	1844 	3097 	1370 
2559	3327	1536	2159 	3095 	1370 
2815	3327	1536	2474 	3093 	1370 
3071	3327	1536	2769 	3090 	1369 
3327	3327	1536	3081 	3088 	1369 
3583	3327	1536	3362 	3085 	1369 
3839	3327	1536	3639 	3082 	1369 
4095	3327	1536	3914 	3079 	1369 
0	3583	1536	0 	3346 	1370 
256	3583	1536	0 	3346 	1370 
512	3583	1536	0 	3346 	1370 
768	3583	1536	0 	3345 	1370 
1024	3583	1536	0 	3345 	1370 
1280	3583	1536	0 	3344 	1369 
1536	3583	1536	376 	3344 	1369 
1792	3583	1536	1022 	3342 	1369 
2048	3583	1536	1434 	3341 	1369 
2303	3583	1536	1766 	3340 	1369 
2559	3583	1536	2093 	3338 	1369 
2815	3583	1536	2418 	3336 	1369 
3071	3583	1536	2719 	3334 	1369 
3327	3583	1536	3038 	3332 	1369 
3583	3583	1536	3323 	3329 	1369 
3839	3583	1536	3604 	3326 	1367 
4095	3583	1536	3882 	3324 	1367 
0	3839	1536	0 	3588 	1369 
256	3839	1536	0 	3588 	1369 
512	3839	1536	0 	3588 	1369 
768	3839	1536	0 	3588 	1369 
1024	3839	1536	0 	3587 	1369 
1280	3839	1536	0 	3587 	1369 
1536	3839	1536	0 	3586 	1369 
1792	3839	1536	844 	3585 	1369 
2048	3839	1536	1317 	3584 	1369 
2303	3839	1536	1677 	3583 	1369 
2559	3839	1536	2019 	3581 	1367 
2815	3839	1536	2356 	3580 	1367 
3071	3839	1536	2665 	3577 	1367 
3327	3839	1536	2990 	3576 	1367 
3583	3839	1536	3280 	3573 	1367 
3839	3839	1536	3565 	3571 	1367 
4095	3839	1536	3846 	3568 	1367 
0	4095	1536	0 	3831 	1367 
256	4095	1536	0 	3831 	1367 
512	4095	1536	0 	3831 	1367 
768	4095	1536	0 	3831 	1367 
1024	4095	1536	0 	3830 	1367 
1280	4095	1536	0 	3830 	1367 
1536	4095	1536	0 	3829 	1367 
1792	4095	1536	580 	3828 	1367 
2048	4095	1536	1176 	3827 	1367 
2303	4095	1536	1573 	3826 	1367 
2559	4095	1536	1937 	3825 	1367 
2815	4095	1536	2286 	3823 	1367 
3071	4095	1536	2604 	3821 	1367 
3327	4095	1536	2937 	3819 	1365 
3583	4095	1536	3232 	3817 	1365 
3839	4095	1536	3522 	3815 	1365 
4095	4095	1536	3806 	3812 	1365 
0	0	1792	0 	147 	1599 
256	0	1792	89 	147 	1599 
512	0	1792	451 	122 	1599 
768	0	1792	714 	122 	1599 
1024	0	1792	973 	89 	1599 
1280	0	1792	1220 	0 	1599 
1536	0	1792	1480 	0 	1599 
1792	0	1792	1726 	0 	1599 
2048	0	1792	1986 	0 	1599 
2303	0	1792	2227 	0 	1599 
2559	0	1792	2490 	0 	1599 
2815	0	1792	2765 	0 	1599 
3071	0	1792	3029 	0 	1599 
3327	0	1792	3312 	0 	1598 
3583	0	1792	3571 	0 	1598 
3839	0	1792	3831 	0 	1598 
4095	0	1792	4091 	0 	1598 
0	256	1792	0 	256 	1599 
256	256	1792	0 	256 	1599 
512	256	1792	438 	256 	1599 
768	256	1792	707 	244 	1599 
1024	256	1792	973 	244 	1599 
1280	256	1792	1220 	231 	1599 
1536	256	1792	1477 	203 	1599 
1792	256	1792	1725 	168 	1599 
2048	256	1792	1985 	122 	1599 
2303	256	1792	2226 	0 	1599 
2559	256	1792	2489 	0 	1599 
2815	256	1792	2765 	0 	1599 
3071	256	1792	3028 	0 	1599 
3327	256	1792	3311 	0 	1598 
3583	256	1792	3571 	0 	1598 
3839	256	1792	3830 	0 	1598 
4095	256	1792	4091 	0 	1598 
0	512	1792	0 	480 	1599 
256	512	1792	0 	474 	1599 
512	512	1792	405 	474 	1599 
768	512	1792	693 	474 	1599 
1024	512	1792	958 	468 	1599 
1280	512	1792	1208 	463 	1599 
1536	512	1792	1470 	451 	1599 
1792	512	1792	1719 	438 	1599 
2048	512	1792	1979 	432 	1599 
2303	512	1792	2220 	412 	1599 
2559	512	1792	2485 	398 	1599 
2815	512	1792	2761 	369 	1599 
3071	512	1792	3025 	345 	1599 
3327	512	1792	3308 	309 	1598 
3583	512	1792	3568 	256 	1598 
3839	512	1792	3828 	203 	1598 
4095	512	1792	4088 	89 	1598 
0	768	1792	0 	700 	1599 
256	768	1792	0 	700 	1599 
512	768	1792	345 	700 	1599 
768	768	1792	655 	700 	1599 
1024	768	1792	938 	696 	1599 
1280	768	1792	1193 	693 	1599 
1536	768	1792	1456 	685 	1599 
1792	768	1792	1707 	678 	1599 
2048	768	1792	1971 	671 	1599 
2303	768	1792	2213 	663 	1599 
2559	768	1792	2477 	651 	1599 
2815	768	1792	2754 	640 	1599 
3071	768	1792	3019 	624 	1598 
3327	768	1792	3302 	607 	1598 
3583	768	1792	3563 	590 	1598 
3839	768	1792	3824 	568 	1598 
4095	768	1792	4084 	549 	1598 
0	1024	1792	0 	935 	1599 
256	1024	1792	0 	935 	1599 
512	1024	1792	203 	935 	1599 
768	1024	1792	607 	933 	1599 
1024	1024	1792	901 	930 	1599 
1280	1024	1792	1166 	928 	1599 
1536	1024	1792	1437 	925 	1599 
1792	1024	1792	1691 	920 	1599 
2048	1024	1792	1956 	915 	1599 
2303	1024	1792	2201 	909 	1599 
2559	1024	1792	2467 	899 	1599 
2815	1024	1792	2745 	893 	1598 
3071	1024	1792	3010 	882 	1598 
3327	1024	1792	3295 	871 	1598 
3583	1024	1792	3556 	860 	1598 
3839	1024	1792	3817 	849 	1598 
4095	1024	1792	4078 	832 	1598 
0	1280	1792	0 	1160 	1599 
256	1280	1792	0 	1160 	1599 
512	1280	1792	0 	1159 	1599 
768	1280	1792	525 	1159 	1599 
1024	1280	1792	855 	1157 	1599 
1280	1280	1792	1133 	1153 	1599 
1536	1280	1792	1409 	1151 	1599 
1792	1280	1792	1669 	1149 	1599 
2048	1280	1792	1936 	1143 	1599 
2303	1280	1792	2184 	1139 	1599 
2559	1280	1792	2452 	1133 	1598 
2815	1280	1792	2731 	1127 	1598 
3071	1280	1792	2998 	1118 	1598 
3327	1280	1792	3284 	1112 	1598 
3583	1280	1792	3546 	1104 	1598 
3839	1280	1792	3808 	1091 	1598 
4095	1280	1792	4070 	1081 	1598 
0	1536	1792	0 	1398 	1599 
256	1536	1792	0 	1398 	1599 
512	1536	1792	0 	1398 	1599 
768	1536	1792	391 	1396 	1599 
1024	1536	1792	786 	1394 	1599 
1280	1536	1792	1085 	1393 	1599 
1536	1536	1792	1372 	1390 	1599 
1792	1536	1792	1639 	1388 	1599 
2048	1536	1792	1912 	1385 	1598 
2303	1536	1792	2162 	1380 	1598 
2559	1536	1792	2433 	1377 	1598 
2815	1536	1792	2715 	1370 	1598 
3071	1536	1792	2983 	1365 	1598 
3327	1536	1792	3271 	1359 	1598 
3583	1536	1792	3534 	1352 	1598 
3839	1536	1792	3797 	1344 	1598 
4095	1536	1792	4059 	1336 	1596 
0	1792	1792	0 	1625 	1598 
256	1792	1792	0 	1625 	1598 
512	1792	1792	0 	1625 	1598 
768	1792	1792	0 	1625 	1598 
1024	1792	1792	696 	1623 	1598 
1280	1792	1792	1026 	1622 	1598 
1536	1792	1792	1327 	1619 	1598 
1792	1792	1792	1602 	1617 	1598 
2048	1792	1792	1881 	1614 	1598 
2303	1792	1792	2136 	1611 	1598 
2559	1792	1792	2409 	1607 	1598 
2815	1792	1792	2693 	1603 	1598 
3071	1792	1792	2965 	1598 	1598 
3327	1792	1792	3254 	1594 	1598 
3583	1792	1792	3519 	1587 	1596 
3839	1792	1792	3783 	1580 	1596 
4095	1792	1792	4046 	1575 	1596 
0	2048	1792	0 	1866 	1598 
256	2048	1792	0 	1866 	1598 
512	2048	1792	0 	1866 	1598 
768	2048	1792	0 	1865 	1598 
1024	2048	1792	559 	1864 	1598 
1280	2048	1792	946 	1863 	1598 
1536	2048	1792	1270 	1862 	1598 
1792	2048	1792	1557 	1859 	1598 
2048	2048	1792	1843 	1856 	1598 
2303	2048	1792	2102 	1855 	1598 
2559	2048	1792	2381 	1850 	1598 
2815	2048	1792	2669 	1848 	1598 
3071	2048	1792	2941 	1842 	1596 
3327	2048	1792	3234 	1839 	1596 
3583	2048	1792	3501 	1834 	1596 
3839	2048	1792	3766 	1828 	1596 
4095	2048	1792	4031 	1821 	1596 
0	2303	1792	0 	2087 	1598 
256	2303	1792	0 	2087 	1598 
512	2303	1792	0 	2087 	1598 
768	2303	1792	0 	2086 	1598 
1024	2303	1792	330 	2085 	1598 
1280	2303	1792	846 	2085 	1598 
1536	2303	1792	1201 	2083 	1598 
1792	2303	1792	1503 	2081 	1598 
2048	2303	1792	1799 	2079 	1598 
2303	2303	1792	2065 	2077 	1596 
2559	2303	1792	2348 	2073 	1596 
2815	2303	1792	2640 	2071 	1596 
3071	2303	1792	2916 	2067 	1596 
3327	2303	1792	3211 	2063 	1596 
3583	2303	1792	3479 	2059 	1596 
3839	2303	1792	3746 	2054 	1596 
4095	2303	1792	4013 	2050 	1595 
0	2559	1792	0 	2332 	1596 
256	2559	1792	0 	2332 	1596 
512	2559	1792	0 	2332 	1596 
768	2559	1792	0 	2331 	1596 
1024	2559	1792	0 	2330 	1596 
1280	2559	1792	710 	2329 	1596 
1536	2559	1792	1114 	2328 	1596 
1792	2559	1792	1437 	2327 	1596 
2048	2559	1792	1746 	2325 	1596 
2303	2559	1792	2019 	2322 	1596 
2559	2559	1792	2309 	2321 	1596 
2815	2559	1792	2606 	2317 	1596 
3071	2559	1792	2885 	2314 	1596 
3327	2559	1792	3184 	2311 	1596 
3583	2559	1792	3455 	2306 	1595 
3839	2559	1792	3724 	2303 	1595 
4095	2559	1792	3992 	2298 	1595 
0	2815	1792	0 	2590 	1596 
256	2815	1792	0 	2589 	1596 
512	2815	1792	0 	2589 	1596 
768	2815	1792	0 	2589 	1596 
1024	2815	1792	0 	2588 	1596 
1280	2815	1792	511 	2587 	1596 
1536	2815	1792	1008 	2586 	1596 
1792	2815	1792	1359 	2585 	1596 
2048	2815	1792	1684 	2583 	1596 
2303	2815	1792	1969 	2581 	1596 
2559	2815	1792	2264 	2580 	1596 
2815	2815	1792	2566 	2576 	1595 
3071	2815	1792	2851 	2574 	1595 
3327	2815	1792	3153 	2571 	1595 
3583	2815	1792	3427 	2567 	1595 
3839	2815	1792	3698 	2564 	1595 
4095	2815	1792	3969 	2560 	1595 
0	3071	1792	0 	2835 	1596 
256	3071	1792	0 	2835 	1596 
512	3071	1792	0 	2835 	1596 
768	3071	1792	0 	2835 	1596 
1024	3071	1792	0 	2834 	1596 
1280	3071	1792	0 	2833 	1595 
1536	3071	1792	868 	2832 	1595 
1792	3071	1792	1268 	2831 	1595 
2048	3071	1792	1613 	2830 	1595 
2303	3071	1792	1909 	2827 	1595 
2559	3071	1792	2214 	2826 	1595 
2815	3071	1792	2523 	2823 	1595 
3071	3071	1792	2811 	2821 	1595 
3327	3071	1792	3119 	2818 	1595 
3583	3071	1792	3395 	2815 	1595 
3839	3071	1792	3670 	2812 	1594 
4095	3071	1792	3942 	2808 	1594 
0	3327	1792	0 	3104 	1595 
256	3327	1792	0 	3104 	1595 
512	3327	1792	0 	3104 	1595 
768	3327	1792	0 	3104 	1595 
1024	3327	1792	0 	3103 	1595 
1280	3327	1792	0 	3102 	1595 
1536	3327	1792	682 	3101 	1595 
1792	3327	1792	1155 	3100 	1595 
2048	3327	1792	1528 	3099 	1595 
2303	3327	1792	1841 	3097 	1595 
2559	3327	1792	2156 	3095 	1595 
2815	3327	1792	2473 	3093 	1594 
3071	3327	1792	2767 	3091 	1594 
3327	3327	1792	3080 	3088 	1594 
3583	3327	1792	3360 	3085 	1594 
3839	3327	1792	3638 	3083 	1594 
4095	3327	1792	3913 	3079 	1594 
0	3583	1792	0 	3346 	1594 
256	3583	1792	0 	3346 	1594 
512	3583	1792	0 	3346 	1594 
768	3583	1792	0 	3346 	1594 
1024	3583	1792	0 	3345 	1594 
1280	3583	1792	0 	3345 	1594 
1536	3583	1792	355 	3344 	1594 
1792	3583	1792	1017 	3343 	1594 
2048	3583	1792	1431 	3341 	1594 
2303	3583	1792	1763 	3340 	1594 
2559	3583	1792	2091 	3338 	1594 
2815	3583	1792	2416 	3336 	1594 
3071	3583	1792	2718 	3334 	1594 
3327	3583	1792	3037 	3332 	1594 
3583	3583	1792	3321 	3330 	1594 
3839	3583	1792	3602 	3326 	1594 
4095	3583	1792	3880 	3324 	1594 
0	3839	1792	0 	3589 	1594 
256	3839	1792	0 	3589 	1594 
512	3839	1792	0 	3589 	1594 
768	3839	1792	0 	3588 	1594 
1024	3839	1792	0 	3588 	1594 
1280	3839	1792	0 	3587 	1594 
1536	3839	1792	0 	3587 	1594 
1792	3839	1792	836 	3586 	1594 
2048	3839	1792	1314 	3584 	1594 
2303	3839	1792	1673 	3583 	1594 
2559	3839	1792	2017 	3581 	1594 
2815	3839	1792	2354 	3580 	1594 
3071	3839	1792	2663 	3578 	1594 
3327	3839	1792	2989 	3576 	1594 
3583	3839	1792	3278 	3574 	1594 
3839	3839	1792	3563 	3571 	1594 
4095	3839	1792	3844 	3568 	1592 
0	4095	1792	0 	3832 	1594 
256	4095	1792	0 	3832 	1594 
512	4095	1792	0 	3832 	1594 
768	4095	1792	0 	3831 	1594 
1024	4095	1792	0 	3831 	1594 
1280	4095	1792	0 	3830 	1594 
1536	4095	1792	0 	3829 	1594 
1792	4095	1792	567 	3829 	1594 
2048	4095	1792	1174 	3828 	1594 
2303	4095	1792	1570 	3827 	1594 
2559	4095	1792	1934 	3825 	1594 
2815	4095	1792	2284 	3824 	1594 
3071	4095	1792	2602 	3822 	1592 
3327	4095	1792	2935 	3820 	1592 
3583	4095	1792	3231 	3818 	1592 
3839	4095	1792	3520 	3815 	1592 
4095	4095	1792	3805 	3813 	1592 
0	0	2048	0 	147 	1836 
256	0	2048	0 	147 	1836 
512	0	2048	432 	147 	1836 
768	0	2048	703 	147 	1836 
1024	0	2048	968 	122 	1836 
1280	0	2048	1216 	0 	1836 
1536	0	2048	1474 	0 	1836 
1792	0	2048	1722 	0 	1836 
2048	0	2048	1984 	0 	1836 
2303	0	2048	2224 	0 	1836 
2559	0	2048	2487 	0 	1836 
2815	0	2048	2763 	0 	1836 
3071	0	2048	3027 	0 	1836 
3327	0	2048	3310 	0 	1836 
3583	0	2048	3570 	0 	1835 
3839	0	2048	3829 	0 	1835 
4095	0	2048	4090 	0 	1835 
0	256	2048	0 	268 	1836 
256	256	2048	0 	268 	1836 
512	256	2048	425 	268 	1836 
768	256	2048	700 	256 	1836 
1024	256	2048	965 	244 	1836 
1280	256	2048	1214 	244 	1836 
1536	256	2048	1473 	218 	1836 
1792	256	2048	1722 	186 	1836 
2048	256	2048	1981 	147 	1836 
2303	256	2048	2223 	0 	1836 
2559	256	2048	2486 	0 	1836 
2815	256	2048	2762 	0 	1836 
3071	256	2048	3026 	0 	1836 
3327	256	2048	3309 	0 	1836 
3583	256	2048	3569 	0 	1835 
3839	256	2048	3829 	0 	1835 
4095	256	2048	4089 	0 	1835 
0	512	2048	0 	480 	1836 
256	512	2048	0 	480 	1836 
512	512	2048	391 	480 	1836 
768	512	2048	678 	474 	1836 
1024	512	2048	953 	474 	1836 
1280	512	2048	1205 	468 	1836 
1536	512	2048	1465 	457 	1836 
1792	512	2048	1715 	444 	1836 
2048	512	2048	1977 	438 	1836 
2303	512	2048	2219 	419 	1836 
2559	512	2048	2482 	398 	1836 
2815	512	2048	2759 	376 	1836 
3071	512	2048	3023 	353 	1836 
3327	512	2048	3306 	309 	1835 
3583	512	2048	3566 	268 	1835 
3839	512	2048	3827 	218 	1835 
4095	512	2048	4087 	122 	1835 
0	768	2048	0 	703 	1836 
256	768	2048	0 	703 	1836 
512	768	2048	318 	703 	1836 
768	768	2048	648 	700 	1836 
1024	768	2048	930 	700 	1836 
1280	768	2048	1188 	696 	1836 
1536	768	2048	1453 	689 	1836 
1792	768	2048	1705 	682 	1836 
2048	768	2048	1967 	674 	1836 
2303	768	2048	2210 	663 	1836 
2559	768	2048	2476 	655 	1836 
2815	768	2048	2752 	644 	1836 
3071	768	2048	3017 	628 	1836 
3327	768	2048	3301 	611 	1835 
3583	768	2048	3561 	594 	1835 
3839	768	2048	3822 	572 	1835 
4095	768	2048	4083 	549 	1835 
0	1024	2048	0 	938 	1836 
256	1024	2048	0 	938 	1836 
512	1024	2048	147 	938 	1836 
768	1024	2048	594 	935 	1836 
1024	1024	2048	896 	933 	1836 
1280	1024	2048	1162 	930 	1836 
1536	1024	2048	1432 	928 	1836 
1792	1024	2048	1687 	922 	1836 
2048	1024	2048	1953 	917 	1836 
2303	1024	2048	2198 	912 	1836 
2559	1024	2048	2464 	901 	1836 
2815	1024	2048	2742 	896 	1836 
3071	1024	2048	3008 	885 	1835 
3327	1024	2048	3293 	874 	1835 
3583	1024	2048	3554 	863 	1835 
3839	1024	2048	3815 	849 	1835 
4095	1024	2048	4077 	835 	1835 
0	1280	2048	0 	1162 	1836 
256	1280	2048	0 	1162 	1836 
512	1280	2048	0 	1160 	1836 
768	1280	2048	510 	1160 	1836 
1024	1280	2048	846 	1159 	1836 
1280	1280	2048	1127 	1155 	1836 
1536	1280	2048	1404 	1153 	1836 
1792	1280	2048	1664 	1151 	1836 
2048	1280	2048	1934 	1145 	1836 
2303	1280	2048	2181 	1141 	1836 
2559	1280	2048	2449 	1135 	1836 
2815	1280	2048	2729 	1129 	1835 
3071	1280	2048	2996 	1120 	1835 
3327	1280	2048	3283 	1114 	1835 
3583	1280	2048	3545 	1104 	1835 
3839	1280	2048	3806 	1094 	1835 
4095	1280	2048	4069 	1083 	1835 
0	1536	2048	0 	1399 	1836 
256	1536	2048	0 	1399 	1836 
512	1536	2048	0 	1399 	1836 
768	1536	2048	370 	1398 	1836 
1024	1536	2048	777 	1396 	1836 
1280	1536	2048	1079 	1394 	1836 
1536	1536	2048	1369 	1391 	1836 
1792	1536	2048	1635 	1390 	1836 
2048	1536	2048	1908 	1386 	1836 
2303	1536	2048	2160 	1382 	1835 
2559	1536	2048	2431 	1378 	1835 
2815	1536	2048	2712 	1372 	1835 
3071	1536	2048	2981 	1367 	1835 
3327	1536	2048	3269 	1360 	1835 
3583	1536	2048	3533 	1352 	1835 
3839	1536	2048	3795 	1346 	1835 
4095	1536	2048	4058 	1337 	1835 
0	1792	2048	0 	1626 	1836 
256	1792	2048	0 	1626 	1836 
512	1792	2048	0 	1626 	1836 
768	1792	2048	0 	1625 	1836 
1024	1792	2048	682 	1625 	1836 
1280	1792	2048	1017 	1623 	1835 
1536	1792	2048	1322 	1621 	1835 
1792	1792	2048	1598 	1618 	1835 
2048	1792	2048	1877 	1615 	1835 
2303	1792	2048	2132 	1611 	1835 
2559	1792	2048	2407 	1609 	1835 
2815	1792	2048	2692 	1605 	1835 
3071	1792	2048	2962 	1599 	1835 
3327	1792	2048	3253 	1594 	1835 
3583	1792	2048	3517 	1588 	1835 
3839	1792	2048	3781 	1581 	1835 
4095	1792	2048	4045 	1575 	1835 
0	2048	2048	0 	1867 	1835 
256	2048	2048	0 	1867 	1835 
512	2048	2048	0 	1867 	1835 
768	2048	2048	0 	1866 	1835 
1024	2048	2048	549 	1865 	1835 
1280	2048	2048	941 	1864 	1835 
1536	2048	2048	1265 	1862 	1835 
1792	2048	2048	1552 	1860 	1835 
2048	2048	2048	1840 	1857 	1835 
2303	2048	2048	2100 	1855 	1835 
2559	2048	2048	2378 	1851 	1835 
2815	2048	2048	2667 	1848 	1835 
3071	2048	2048	2940 	1843 	1835 
3327	2048	2048	3232 	1840 	1835 
3583	2048	2048	3499 	1835 	1835 
3839	2048	2048	3765 	1828 	1835 
4095	2048	2048	4030 	1822 	1835 
0	2303	2048	0 	2088 	1835 
256	2303	2048	0 	2088 	1835 
512	2303	2048	0 	2088 	1835 
768	2303	2048	0 	2087 	1835 
1024	2303	2048	303 	2086 	1835 
1280	2303	2048	837 	2085 	1835 
1536	2303	2048	1195 	2084 	1835 
1792	2303	2048	1498 	2082 	1835 
2048	2303	2048	1795 	2079 	1835 
2303	2303	2048	2061 	2078 	1835 
2559	2303	2048	2345 	2074 	1835 
2815	2303	2048	2637 	2072 	1835 
3071	2303	2048	2913 	2067 	1835 
3327	2303	2048	3209 	2064 	1835 
3583	2303	2048	3478 	2060 	1835 
3839	2303	2048	3745 	2055 	1835 
4095	2303	2048	4011 	2050 	1835 
0	2559	2048	0 	2332 	1835 
256	2559	2048	0 	2332 	1835 
512	2559	2048	0 	2332 	1835 
768	2559	2048	0 	2332 	1835 
1024	2559	2048	0 	2331 	1835 
1280	2559	2048	703 	2330 	1835 
1536	2559	2048	1108 	2329 	1835 
1792	2559	2048	1433 	2328 	1835 
2048	2559	2048	1743 	2326 	1835 
2303	2559	2048	2017 	2323 	1835 
2559	2559	2048	2306 	2321 	1835 
2815	2559	2048	2603 	2318 	1835 
3071	2559	2048	2883 	2315 	1835 
3327	2559	2048	3182 	2312 	1835 
3583	2559	2048	3453 	2307 	1835 
3839	2559	2048	3722 	2304 	1834 
4095	2559	2048	3991 	2299 	1834 
0	2815	2048	0 	2590 	1835 
256	2815	2048	0 	2590 	1835 
512	2815	2048	0 	2590 	1835 
768	2815	2048	0 	2589 	1835 
1024	2815	2048	0 	2589 	1835 
1280	2815	2048	496 	2588 	1835 
1536	2815	2048	1001 	2587 	1835 
1792	2815	2048	1355 	2585 	1835 
2048	2815	2048	1681 	2584 	1835 
2303	2815	2048	1965 	2582 	1835 
2559	2815	2048	2262 	2580 	1835 
2815	2815	2048	2564 	2577 	1835 
3071	2815	2048	2848 	2575 	1834 
3327	2815	2048	3152 	2571 	1834 
3583	2815	2048	3425 	2568 	1834 
3839	2815	2048	3697 	2564 	1834 
4095	2815	2048	3967 	2560 	1834 
0	3071	2048	0 	2835 	1835 
256	3071	2048	0 	2835 	1835 
512	3071	2048	0 	2835 	1835 
768	3071	2048	0 	2835 	1835 
1024	3071	2048	0 	2835 	1835 
1280	3071	2048	0 	2834 	1835 
1536	3071	2048	863 	2832 	1835 
1792	3071	2048	1262 	2831 	1834 
2048	3071	2048	1609 	2830 	1834 
2303	3071	2048	1906 	2828 	1834 
2559	3071	2048	2211 	2826 	1834 
2815	3071	2048	2519 	2824 	1834 
3071	3071	2048	2810 	2822 	1834 
3327	3071	2048	3116 	2818 	1834 
3583	3071	2048	3394 	2815 	1834 
3839	3071	2048	3668 	2812 	1833 
4095	3071	2048	3941 	2809 	1833 
0	3327	2048	0 	3104 	1834 
256	3327	2048	0 	3104 	1834 
512	3327	2048	0 	3104 	1834 
768	3327	2048	0 	3104 	1834 
1024	3327	2048	0 	3103 	1834 
1280	3327	2048	0 	3102 	1834 
1536	3327	2048	671 	3101 	1834 
1792	3327	2048	1151 	3101 	1834 
2048	3327	2048	1524 	3099 	1834 
2303	3327	2048	1838 	3097 	1834 
2559	3327	2048	2154 	3096 	1834 
2815	3327	2048	2470 	3094 	1834 
3071	3327	2048	2765 	3092 	1833 
3327	3327	2048	3078 	3089 	1833 
3583	3327	2048	3359 	3086 	1833 
3839	3327	2048	3637 	3083 	1833 
4095	3327	2048	3912 	3080 	1833 
0	3583	2048	0 	3347 	1834 
256	3583	2048	0 	3347 	1834 
512	3583	2048	0 	3346 	1834 
768	3583	2048	0 	3346 	1834 
1024	3583	2048	0 	3346 	1834 
1280	3583	2048	0 	3345 	1833 
1536	3583	2048	339 	3344 	1833 
1792	3583	2048	1011 	3344 	1833 
2048	3583	2048	1425 	3342 	1833 
2303	3583	2048	1759 	3340 	1833 
2559	3583	2048	2088 	3339 	1833 
2815	3583	2048	2414 	3336 	1833 
3071	3583	2048	2716 	3335 	1833 
3327	3583	2048	3035 	3333 	1833 
3583	3583	2048	3319 	3330 	1833 
3839	3583	2048	3601 	3327 	1832 
4095	3583	2048	3879 	3324 	1832 
0	3839	2048	0 	3590 	1833 
256	3839	2048	0 	3590 	1833 
512	3839	2048	0 	3589 	1833 
768	3839	2048	0 	3589 	1833 
1024	3839	2048	0 	3588 	1833 
1280	3839	2048	0 	3587 	1833 
1536	3839	2048	0 	3587 	1833 
1792	3839	2048	827 	3586 	1833 
2048	3839	2048	1309 	3585 	1833 
2303	3839	2048	1670 	3584 	1833 
2559	3839	2048	2014 	3582 	1832 
2815	3839	2048	2351 	3580 	1832 
3071	3839	2048	2661 	3578 	1832 
3327	3839	2048	2986 	3577 	1832 
3583	3839	2048	3277 	3574 	1832 
3839	3839	2048	3561 	3571 	1832 
4095	3839	2048	3843 	3568 	1832 
0	4095	2048	0 	3832 	1832 
256	4095	2048	0 	3832 	1832 
512	4095	2048	0 	3832 	1832 
768	4095	2048	0 	3832 	1832 
1024	4095	2048	0 	3831 	1832 
1280	4095	2048	0 	3831 	1832 
1536	4095	2048	0 	3830 	1832 
1792	4095	2048	558 	3829 	1832 
2048	4095	2048	1167 	3828 	1832 
2303	4095	2048	1566 	3827 	1832 
2559	4095	2048	1930 	3825 	1832 
2815	4095	2048	2281 	3824 	1832 
3071	4095	2048	2600 	3822 	1832 
3327	4095	2048	2934 	3820 	1830 
3583	4095	2048	3229 	3818 	1830 
3839	4095	2048	3519 	3815 	1830 
4095	4095	2048	3803 	3813 	1830 
0	0	2303	0 	168 	2056 
256	0	2303	0 	168 	2056 
512	0	2303	405 	147 	2056 
768	0	2303	693 	147 	2056 
1024	0	2303	958 	147 	2056 
1280	0	2303	1208 	89 	2055 
1536	0	2303	1470 	0 	2055 
1792	0	2303	1719 	0 	2055 
2048	0	2303	1979 	0 	2055 
2303	0	2303	2220 	0 	2055 
2559	0	2303	2485 	0 	2055 
2815	0	2303	2761 	0 	2055 
3071	0	2303	3024 	0 	2055 
3327	0	2303	3308 	0 	2055 
3583	0	2303	3568 	0 	2055 
3839	0	2303	3828 	0 	2054 
4095	0	2303	4088 	0 	2054 
0	256	2303	0 	279 	2056 
256	256	2303	0 	279 	2056 
512	256	2303	398 	279 	2056 
768	256	2303	685 	268 	2056 
1024	256	2303	958 	256 	2055 
1280	256	2303	1208 	244 	2055 
1536	256	2303	1468 	231 	2055 
1792	256	2303	1717 	203 	2055 
2048	256	2303	1978 	147 	2055 
2303	256	2303	2220 	89 	2055 
2559	256	2303	2484 	0 	2055 
2815	256	2303	2759 	0 	2055 
3071	256	2303	3024 	0 	2055 
3327	256	2303	3307 	0 	2055 
3583	256	2303	3567 	0 	2055 
3839	256	2303	3827 	0 	2054 
4095	256	2303	4088 	0 	2054 
0	512	2303	0 	491 	2056 
256	512	2303	0 	486 	2056 
512	512	2303	361 	486 	2055 
768	512	2303	667 	480 	2055 
1024	512	2303	943 	474 	2055 
1280	512	2303	1197 	474 	2055 
1536	512	2303	1461 	463 	2055 
1792	512	2303	1711 	451 	2055 
2048	512	2303	1973 	438 	2055 
2303	512	2303	2216 	425 	2055 
2559	512	2303	2480 	405 	2055 
2815	512	2303	2756 	384 	2055 
3071	512	2303	3020 	361 	2055 
3327	512	2303	3305 	318 	2055 
3583	512	2303	3565 	279 	2054 
3839	512	2303	3825 	231 	2054 
4095	512	2303	4085 	147 	2054 
0	768	2303	0 	707 	2055 
256	768	2303	0 	707 	2055 
512	768	2303	289 	707 	2055 
768	768	2303	632 	703 	2055 
1024	768	2303	922 	700 	2055 
1280	768	2303	1182 	700 	2055 
1536	768	2303	1447 	693 	2055 
1792	768	2303	1701 	685 	2055 
2048	768	2303	1963 	678 	2055 
2303	768	2303	2207 	671 	2055 
2559	768	2303	2473 	655 	2055 
2815	768	2303	2750 	648 	2055 
3071	768	2303	3015 	632 	2055 
3327	768	2303	3299 	615 	2055 
3583	768	2303	3560 	599 	2054 
3839	768	2303	3821 	577 	2054 
4095	768	2303	4082 	559 	2054 
0	1024	2303	0 	940 	2055 
256	1024	2303	0 	940 	2055 
512	1024	2303	0 	940 	2055 
768	1024	2303	581 	938 	2055 
1024	1024	2303	885 	935 	2055 
1280	1024	2303	1155 	933 	2055 
1536	1024	2303	1427 	928 	2055 
1792	1024	2303	1683 	925 	2055 
2048	1024	2303	1949 	920 	2055 
2303	1024	2303	2194 	912 	2055 
2559	1024	2303	2462 	904 	2055 
2815	1024	2303	2740 	896 	2055 
3071	1024	2303	3006 	888 	2055 
3327	1024	2303	3292 	877 	2054 
3583	1024	2303	3553 	866 	2054 
3839	1024	2303	3814 	852 	2054 
4095	1024	2303	4075 	837 	2054 
0	1280	2303	0 	1162 	2055 
256	1280	2303	0 	1162 	2055 
512	1280	2303	0 	1162 	2055 
768	1280	2303	494 	1162 	2055 
1024	1280	2303	835 	1160 	2055 
1280	1280	2303	1118 	1157 	2055 
1536	1280	2303	1399 	1155 	2055 
1792	1280	2303	1660 	1151 	2055 
2048	1280	2303	1930 	1147 	2055 
2303	1280	2303	2178 	1141 	2055 
2559	1280	2303	2447 	1137 	2055 
2815	1280	2303	2727 	1129 	2055 
3071	1280	2303	2994 	1123 	2054 
3327	1280	2303	3281 	1116 	2054 
3583	1280	2303	3543 	1106 	2054 
3839	1280	2303	3805 	1096 	2054 
4095	1280	2303	4067 	1085 	2054 
0	1536	2303	0 	1399 	2055 
256	1536	2303	0 	1399 	2055 
512	1536	2303	0 	1399 	2055 
768	1536	2303	346 	1399 	2055 
1024	1536	2303	767 	1398 	2055 
1280	1536	2303	1072 	1396 	2055 
1536	1536	2303	1362 	1393 	2055 
1792	1536	2303	1631 	1390 	2055 
2048	1536	2303	1905 	1388 	2055 
2303	1536	2303	2156 	1383 	2055 
2559	1536	2303	2428 	1380 	2054 
2815	1536	2303	2710 	1373 	2054 
3071	1536	2303	2979 	1369 	2054 
3327	1536	2303	3267 	1362 	2054 
3583	1536	2303	3530 	1354 	2054 
3839	1536	2303	3794 	1347 	2054 
4095	1536	2303	4056 	1339 	2054 
0	1792	2303	0 	1627 	2055 
256	1792	2303	0 	1627 	2055 
512	1792	2303	0 	1627 	2055 
768	1792	2303	0 	1626 	2055 
1024	1792	2303	671 	1625 	2055 
1280	1792	2303	1010 	1625 	2055 
1536	1792	2303	1315 	1622 	2055 
1792	1792	2303	1594 	1619 	2055 
2048	1792	2303	1874 	1617 	2054 
2303	1792	2303	2130 	1614 	2054 
2559	1792	2303	2403 	1609 	2054 
2815	1792	2303	2689 	1606 	2054 
3071	1792	2303	2961 	1601 	2054 
3327	1792	2303	3250 	1595 	2054 
3583	1792	2303	3515 	1590 	2054 
3839	1792	2303	3780 	1583 	2054 
4095	1792	2303	4043 	1577 	2053 
0	2048	2303	0 	1868 	2054 
256	2048	2303	0 	1868 	2054 
512	2048	2303	0 	1868 	2054 
768	2048	2303	0 	1867 	2054 
1024	2048	2303	530 	1866 	2054 
1280	2048	2303	931 	1865 	2054 
1536	2048	2303	1260 	1863 	2054 
1792	2048	2303	1548 	1862 	2054 
2048	2048	2303	1835 	1858 	2054 
2303	2048	2303	2097 	1856 	2054 
2559	2048	2303	2376 	1852 	2054 
2815	2048	2303	2664 	1849 	2054 
3071	2048	2303	2937 	1844 	2054 
3327	2048	2303	3230 	1841 	2054 
3583	2048	2303	3497 	1835 	2053 
3839	2048	2303	3763 	1829 	2053 
4095	2048	2303	4028 	1823 	2053 
0	2303	2303	0 	2089 	2054 
256	2303	2303	0 	2089 	2054 
512	2303	2303	0 	2089 	2054 
768	2303	2303	0 	2088 	2054 
1024	2303	2303	273 	2087 	2054 
1280	2303	2303	829 	2086 	2054 
1536	2303	2303	1188 	2085 	2054 
1792	2303	2303	1494 	2083 	2054 
2048	2303	2303	1792 	2080 	2054 
2303	2303	2303	2058 	2079 	2054 
2559	2303	2303	2343 	2075 	2054 
2815	2303	2303	2635 	2073 	2054 
3071	2303	2303	2911 	2068 	2053 
3327	2303	2303	3207 	2065 	2053 
3583	2303	2303	3476 	2061 	2053 
3839	2303	2303	3743 	2056 	2053 
4095	2303	2303	4010 	2051 	2053 
0	2559	2303	0 	2333 	2054 
256	2559	2303	0 	2333 	2054 
512	2559	2303	0 	2333 	2054 
768	2559	2303	0 	2332 	2054 
1024	2559	2303	0 	2332 	2054 
1280	2559	2303	689 	2331 	2054 
1536	2559	2303	1102 	2329 	2054 
1792	2559	2303	1428 	2328 	2054 
2048	2559	2303	1738 	2327 	2053 
2303	2559	2303	2014 	2324 	2053 
2559	2559	2303	2304 	2322 	2053 
2815	2559	2303	2601 	2319 	2053 
3071	2559	2303	2881 	2316 	2053 
3327	2559	2303	3180 	2312 	2053 
3583	2559	2303	3451 	2308 	2053 
3839	2559	2303	3721 	2305 	2053 
4095	2559	2303	3989 	2300 	2052 
0	2815	2303	0 	2591 	2053 
256	2815	2303	0 	2591 	2053 
512	2815	2303	0 	2591 	2053 
768	2815	2303	0 	2590 	2053 
1024	2815	2303	0 	2589 	2053 
1280	2815	2303	480 	2589 	2053 
1536	2815	2303	992 	2587 	2053 
1792	2815	2303	1351 	2586 	2053 
2048	2815	2303	1677 	2585 	2053 
2303	2815	2303	1962 	2583 	2053 
2559	2815	2303	2258 	2580 	2053 
2815	2815	2303	2561 	2578 	2053 
3071	2815	2303	2847 	2576 	2053 
3327	2815	2303	3149 	2572 	2052 
3583	2815	2303	3424 	2568 	2052 
3839	2815	2303	3695 	2565 	2052 
4095	2815	2303	3966 	2561 	2052 
0	3071	2303	0 	2836 	2053 
256	3071	2303	0 	2836 	2053 
512	3071	2303	0 	2836 	2053 
768	3071	2303	0 	2835 	2053 
1024	3071	2303	0 	2835 	2053 
1280	3071	2303	0 	2835 	2053 
1536	3071	2303	854 	2833 	2053 
1792	3071	2303	1257 	2832 	2053 
2048	3071	2303	1605 	2831 	2053 
2303	3071	2303	1902 	2829 	2052 
2559	3071	2303	2208 	2827 	2052 
2815	3071	2303	2518 	2825 	2052 
3071	3071	2303	2807 	2822 	2052 
3327	3071	2303	3115 	2819 	2052 
3583	3071	2303	3392 	2816 	2052 
3839	3071	2303	3667 	2813 	2052 
4095	3071	2303	3939 	2810 	2051 
0	3327	2303	0 	3105 	2052 
256	3327	2303	0 	3105 	2052 
512	3327	2303	0 	3104 	2052 
768	3327	2303	0 	3104 	2052 
1024	3327	2303	0 	3104 	2052 
1280	3327	2303	0 	3103 	2052 
1536	3327	2303	660 	3102 	2052 
1792	3327	2303	1143 	3101 	2052 
2048	3327	2303	1520 	3100 	2052 
2303	3327	2303	1834 	3098 	2052 
2559	3327	2303	2150 	3097 	2052 
2815	3327	2303	2467 	3094 	2052 
3071	3327	2303	2763 	3092 	2052 
3327	3327	2303	3076 	3089 	2051 
3583	3327	2303	3357 	3086 	2051 
3839	3327	2303	3634 	3084 	2051 
4095	3327	2303	3910 	3081 	2051 
0	3583	2303	0 	3347 	2052 
256	3583	2303	0 	3347 	2052 
512	3583	2303	0 	3347 	2052 
768	3583	2303	0 	3347 	2052 
1024	3583	2303	0 	3346 	2052 
1280	3583	2303	0 	3346 	2052 
1536	3583	2303	305 	3345 	2052 
1792	3583	2303	1004 	3344 	2052 
2048	3583	2303	1420 	3342 	2051 
2303	3583	2303	1756 	3341 	2051 
2559	3583	2303	2085 	3339 	2051 
2815	3583	2303	2411 	3337 	2051 
3071	3583	2303	2713 	3335 	2051 
3327	3583	2303	3032 	3334 	2051 
3583	3583	2303	3318 	3331 	2051 
3839	3583	2303	3599 	3328 	2051 
4095	3583	2303	3877 	3325 	2050 
0	3839	2303	0 	3590 	2051 
256	3839	2303	0 	3590 	2051 
512	3839	2303	0 	3590 	2051 
768	3839	2303	0 	3590 	2051 
1024	3839	2303	0 	3589 	2051 
1280	3839	2303	0 	3588 	2051 
1536	3839	2303	0 	3587 	2051 
1792	3839	2303	819 	3587 	2051 
2048	3839	2303	1302 	3585 	2051 
2303	3839	2303	1665 	3584 	2051 
2559	3839	2303	2011 	3583 	2051 
2815	3839	2303	2348 	3580 	2050 
3071	3839	2303	2658 	3579 	2050 
3327	3839	2303	2984 	3577 	2050 
3583	3839	2303	3274 	3574 	2050 
3839	3839	2303	3560 	3572 	2050 
4095	3839	2303	3841 	3569 	2050 
0	4095	2303	0 	3832 	2050 
256	4095	2303	0 	3832 	2050 
512	4095	2303	0 	3832 	2050 
768	4095	2303	0 	3832 	2050 
1024	4095	2303	0 	3832 	2050 
1280	4095	2303	0 	3831 	2050 
1536	4095	2303	0 	3830 	2050 
1792	4095	2303	541 	3829 	2050 
2048	4095	2303	1161 	3829 	2050 
2303	4095	2303	1562 	3827 	2050 
2559	4095	2303	1927 	3826 	2050 
2815	4095	2303	2277 	3824 	2050 
3071	4095	2303	2598 	3823 	2050 
3327	4095	2303	2931 	3821 	2050 
3583	4095	2303	3227 	3818 	2050 
3839	4095	2303	3517 	3816 	2050 
4095	4095	2303	3802 	3814 	2050 
0	0	2559	0 	186 	2296 
256	0	2559	0 	186 	2296 
512	0	2559	384 	186 	2296 
768	0	2559	678 	168 	2296 
1024	0	2559	950 	147 	2296 
1280	0	2559	1203 	147 	2296 
1536	0	2559	1464 	89 	2296 
1792	0	2559	1715 	0 	2296 
2048	0	2559	1976 	0 	2296 
2303	0	2559	2218 	0 	2296 
2559	0	2559	2482 	0 	2296 
2815	0	2559	2758 	0 	2296 
3071	0	2559	3022 	0 	2296 
3327	0	2559	3306 	0 	2296 
3583	0	2559	3566 	0 	2296 
3839	0	2559	3826 	0 	2296 
4095	0	2559	4087 	0 	2296 
0	256	2559	0 	289 	2296 
256	256	2559	0 	289 	2296 
512	256	2559	369 	289 	2296 
768	256	2559	674 	279 	2296 
1024	256	2559	945 	268 	2296 
1280	256	2559	1199 	256 	2296 
1536	256	2559	1462 	244 	2296 
1792	256	2559	1712 	218 	2296 
2048	256	2559	1974 	186 	2296 
2303	256	2559	2216 	147 	2296 
2559	256	2559	2481 	0 	2296 
2815	256	2559	2757 	0 	2296 
3071	256	2559	3021 	0 	2296 
3327	256	2559	3305 	0 	2296 
3583	256	2559	3565 	0 	2296 
3839	256	2559	3825 	0 	2296 
4095	256	2559	4086 	0 	2296 
0	512	2559	0 	497 	2296 
256	512	2559	0 	497 	2296 
512	512	2559	336 	491 	2296 
768	512	2559	655 	491 	2296 
1024	512	2559	935 	486 	2296 
1280	512	2559	1191 	474 	2296 
1536	512	2559	1455 	474 	2296 
1792	512	2559	1707 	463 	2296 
2048	512	2559	1969 	444 	2296 
2303	512	2559	2212 	432 	2296 
2559	512	2559	2477 	412 	2296 
2815	512	2559	2753 	391 	2296 
3071	512	2559	3018 	361 	2296 
3327	512	2559	3302 	336 	2296 
3583	512	2559	3563 	299 	2296 
3839	512	2559	3823 	244 	2296 
4095	512	2559	4084 	147 	2296 
0	768	2559	0 	710 	2296 
256	768	2559	0 	710 	2296 
512	768	2559	244 	710 	2296 
768	768	2559	620 	707 	2296 
1024	768	2559	912 	703 	2296 
1280	768	2559	1174 	700 	2296 
1536	768	2559	1441 	696 	2296 
1792	768	2559	1695 	689 	2296 
2048	768	2559	1959 	682 	2296 
2303	768	2559	2205 	674 	2296 
2559	768	2559	2469 	663 	2296 
2815	768	2559	2747 	651 	2296 
3071	768	2559	3012 	636 	2296 
3327	768	2559	3297 	620 	2296 
3583	768	2559	3558 	603 	2296 
3839	768	2559	3818 	586 	2296 
4095	768	2559	4080 	559 	2296 
0	1024	2559	0 	943 	2296 
256	1024	2559	0 	943 	2296 
512	1024	2559	0 	943 	2296 
768	1024	2559	559 	940 	2296 
1024	1024	2559	877 	938 	2296 
1280	1024	2559	1149 	935 	2296 
1536	1024	2559	1421 	930 	2296 
1792	1024	2559	1678 	928 	2296 
2048	1024	2559	1946 	922 	2296 
2303	1024	2559	2191 	915 	2296 
2559	1024	2559	2458 	909 	2296 
2815	1024	2559	2737 	899 	2296 
3071	1024	2559	3004 	891 	2296 
3327	1024	2559	3289 	880 	2296 
3583	1024	2559	3551 	866 	2296 
3839	1024	2559	3812 	855 	2296 
4095	1024	2559	4074 	840 	2296 
0	1280	2559	0 	1164 	2296 
256	1280	2559	0 	1164 	2296 
512	1280	2559	0 	1164 	2296 
768	1280	2559	467 	1162 	2296 
1024	1280	2559	826 	1162 	2296 
1280	1280	2559	1112 	1160 	2296 
1536	1280	2559	1393 	1157 	2296 
1792	1280	2559	1655 	1153 	2296 
2048	1280	2559	1926 	1149 	2296 
2303	1280	2559	2174 	1145 	2296 
2559	1280	2559	2443 	1139 	2296 
2815	1280	2559	2724 	1133 	2296 
3071	1280	2559	2992 	1125 	2296 
3327	1280	2559	3278 	1116 	2296 
3583	1280	2559	3541 	1108 	2296 
3839	1280	2559	3803 	1098 	2296 
4095	1280	2559	4065 	1089 	2296 
0	1536	2559	0 	1402 	2296 
256	1536	2559	0 	1402 	2296 
512	1536	2559	0 	1401 	2296 
768	1536	2559	312 	1401 	2296 
1024	1536	2559	754 	1399 	2296 
1280	1536	2559	1064 	1398 	2296 
1536	1536	2559	1357 	1396 	2296 
1792	1536	2559	1625 	1391 	2296 
2048	1536	2559	1901 	1390 	2296 
2303	1536	2559	2153 	1385 	2296 
2559	1536	2559	2424 	1380 	2296 
2815	1536	2559	2707 	1375 	2296 
3071	1536	2559	2977 	1370 	2296 
3327	1536	2559	3265 	1362 	2296 
3583	1536	2559	3529 	1356 	2296 
3839	1536	2559	3792 	1349 	2296 
4095	1536	2559	4055 	1341 	2296 
0	1792	2559	0 	1629 	2296 
256	1792	2559	0 	1629 	2296 
512	1792	2559	0 	1629 	2296 
768	1792	2559	0 	1627 	2296 
1024	1792	2559	655 	1626 	2296 
1280	1792	2559	1001 	1625 	2296 
1536	1792	2559	1310 	1623 	2296 
1792	1792	2559	1588 	1621 	2296 
2048	1792	2559	1869 	1618 	2296 
2303	1792	2559	2126 	1615 	2296 
2559	1792	2559	2401 	1611 	2296 
2815	1792	2559	2686 	1607 	2296 
3071	1792	2559	2957 	1602 	2296 
3327	1792	2559	3248 	1596 	2296 
3583	1792	2559	3513 	1591 	2296 
3839	1792	2559	3778 	1586 	2296 
4095	1792	2559	4042 	1577 	2295 
0	2048	2559	0 	1868 	2296 
256	2048	2559	0 	1868 	2296 
512	2048	2559	0 	1868 	2296 
768	2048	2559	0 	1868 	2296 
1024	2048	2559	510 	1867 	2296 
1280	2048	2559	921 	1866 	2296 
1536	2048	2559	1251 	1864 	2296 
1792	2048	2559	1543 	1862 	2296 
2048	2048	2559	1832 	1860 	2296 
2303	2048	2559	2093 	1857 	2296 
2559	2048	2559	2372 	1854 	2296 
2815	2048	2559	2661 	1850 	2296 
3071	2048	2559	2935 	1847 	2296 
3327	2048	2559	3228 	1842 	2296 
3583	2048	2559	3495 	1836 	2296 
3839	2048	2559	3761 	1832 	2295 
4095	2048	2559	4026 	1826 	2295 
0	2303	2559	0 	2090 	2296 
256	2303	2559	0 	2090 	2296 
512	2303	2559	0 	2090 	2296 
768	2303	2559	0 	2089 	2296 
1024	2303	2559	239 	2088 	2296 
1280	2303	2559	820 	2087 	2296 
1536	2303	2559	1182 	2085 	2296 
1792	2303	2559	1488 	2084 	2296 
2048	2303	2559	1787 	2082 	2296 
2303	2303	2559	2055 	2079 	2296 
2559	2303	2559	2339 	2077 	2296 
2815	2303	2559	2631 	2073 	2296 
3071	2303	2559	2909 	2070 	2295 
3327	2303	2559	3205 	2066 	2295 
3583	2303	2559	3474 	2061 	2295 
3839	2303	2559	3741 	2057 	2295 
4095	2303	2559	4009 	2052 	2295 
0	2559	2559	0 	2335 	2296 
256	2559	2559	0 	2335 	2296 
512	2559	2559	0 	2334 	2296 
768	2559	2559	0 	2333 	2296 
1024	2559	2559	0 	2333 	2296 
1280	2559	2559	678 	2332 	2296 
1536	2559	2559	1094 	2330 	2296 
1792	2559	2559	1423 	2329 	2296 
2048	2559	2559	1733 	2328 	2296 
2303	2559	2559	2010 	2325 	2295 
2559	2559	2559	2300 	2322 	2295 
2815	2559	2559	2598 	2320 	2295 
3071	2559	2559	2878 	2317 	2295 
3327	2559	2559	3178 	2313 	2295 
3583	2559	2559	3449 	2309 	2295 
3839	2559	2559	3719 	2305 	2295 
4095	2559	2559	3987 	2301 	2294 
0	2815	2559	0 	2592 	2295 
256	2815	2559	0 	2592 	2295 
512	2815	2559	0 	2591 	2295 
768	2815	2559	0 	2591 	2295 
1024	2815	2559	0 	2591 	2295 
1280	2815	2559	458 	2589 	2295 
1536	2815	2559	985 	2589 	2295 
1792	2815	2559	1344 	2587 	2295 
2048	2815	2559	1672 	2585 	2295 
2303	2815	2559	1958 	2583 	2295 
2559	2815	2559	2256 	2581 	2295 
2815	2815	2559	2558 	2579 	2295 
3071	2815	2559	2843 	2576 	2295 
3327	2815	2559	3147 	2573 	2295 
3583	2815	2559	3421 	2570 	2294 
3839	2815	2559	3693 	2566 	2294 
4095	2815	2559	3964 	2561 	2294 
0	3071	2559	0 	2837 	2295 
256	3071	2559	0 	2837 	2295 
512	3071	2559	0 	2837 	2295 
768	3071	2559	0 	2837 	2295 
1024	3071	2559	0 	2836 	2295 
1280	3071	2559	0 	2835 	2295 
1536	3071	2559	843 	2834 	2295 
1792	3071	2559	1250 	2832 	2295 
2048	3071	2559	1599 	2831 	2295 
2303	3071	2559	1899 	2830 	2295 
2559	3071	2559	2205 	2827 	2294 
2815	3071	2559	2515 	2825 	2294 
3071	3071	2559	2804 	2822 	2294 
3327	3071	2559	3112 	2820 	2294 
3583	3071	2559	3390 	2817 	2294 
3839	3071	2559	3665 	2814 	2294 
4095	3071	2559	3937 	2810 	2294 
0	3327	2559	0 	3106 	2294 
256	3327	2559	0 	3106 	2294 
512	3327	2559	0 	3105 	2294 
768	3327	2559	0 	3105 	2294 
1024	3327	2559	0 	3104 	2294 
1280	3327	2559	0 	3104 	2294 
1536	3327	2559	645 	3103 	2294 
1792	3327	2559	1135 	3102 	2294 
2048	3327	2559	1514 	3101 	2294 
2303	3327	2559	1830 	3099 	2294 
2559	3327	2559	2146 	3097 	2294 
2815	3327	2559	2464 	3095 	2294 
3071	3327	2559	2760 	3093 	2294 
3327	3327	2559	3074 	3090 	2294 
3583	3327	2559	3355 	3088 	2293 
3839	3327	2559	3633 	3085 	2293 
4095	3327	2559	3908 	3081 	2293 
0	3583	2559	0 	3348 	2294 
256	3583	2559	0 	3348 	2294 
512	3583	2559	0 	3348 	2294 
768	3583	2559	0 	3347 	2294 
1024	3583	2559	0 	3347 	2294 
1280	3583	2559	0 	3346 	2294 
1536	3583	2559	267 	3345 	2294 
1792	3583	2559	992 	3344 	2294 
2048	3583	2559	1416 	3344 	2294 
2303	3583	2559	1752 	3342 	2293 
2559	3583	2559	2080 	3340 	2293 
2815	3583	2559	2408 	3338 	2293 
3071	3583	2559	2711 	3336 	2293 
3327	3583	2559	3030 	3334 	2293 
3583	3583	2559	3316 	3331 	2293 
3839	3583	2559	3597 	3329 	2293 
4095	3583	2559	3875 	3326 	2292 
0	3839	2559	0 	3590 	2293 
256	3839	2559	0 	3590 	2293 
512	3839	2559	0 	3590 	2293 
768	3839	2559	0 	3590 	2293 
1024	3839	2559	0 	3590 	2293 
1280	3839	2559	0 	3589 	2293 
1536	3839	2559	0 	3588 	2293 
1792	3839	2559	807 	3587 	2293 
2048	3839	2559	1297 	3586 	2293 
2303	3839	2559	1661 	3585 	2293 
2559	3839	2559	2007 	3583 	2293 
2815	3839	2559	2345 	3581 	2293 
3071	3839	2559	2656 	3580 	2292 
3327	3839	2559	2982 	3577 	2292 
3583	3839	2559	3272 	3575 	2292 
3839	3839	2559	3558 	3573 	2292 
4095	3839	2559	3839 	3570 	2292 
0	4095	2559	0 	3833 	2293 
256	4095	2559	0 	3833 	2293 
512	4095	2559	0 	3833 	2292 
768	4095	2559	0 	3832 	2292 
1024	4095	2559	0 	3832 	2292 
1280	4095	2559	0 	3832 	2292 
1536	4095	2559	0 	3831 	2292 
1792	4095	2559	522 	3830 	2292 
2048	4095	2559	1153 	3829 	2292 
2303	4095	2559	1557 	3828 	2292 
2559	4095	2559	1923 	3827 	2292 
2815	4095	2559	2275 	3825 	2292 
3071	4095	2559	2594 	3823 	2292 
3327	4095	2559	2929 	3821 	2292 
3583	4095	2559	3225 	3819 	2291 
3839	4095	2559	3514 	3817 	2291 
4095	4095	2559	3800 	3814 	2291 
0	0	2815	0 	203 	2552 
256	0	2815	0 	203 	2552 
512	0	2815	353 	203 	2552 
768	0	2815	659 	186 	2552 
1024	0	2815	940 	168 	2551 
1280	0	2815	1195 	147 	2551 
1536	0	2815	1458 	122 	2551 
1792	0	2815	1709 	0 	2551 
2048	0	2815	1972 	0 	2551 
2303	0	2815	2214 	0 	2551 
2559	0	2815	2478 	0 	2551 
2815	0	2815	2754 	0 	2551 
3071	0	2815	3020 	0 	2551 
3327	0	2815	3303 	0 	2551 
3583	0	2815	3564 	0 	2551 
3839	0	2815	3824 	0 	2550 
4095	0	2815	4085 	0 	2550 
0	256	2815	0 	309 	2552 
256	256	2815	0 	309 	2552 
512	256	2815	336 	299 	2552 
768	256	2815	655 	299 	2552 
1024	256	2815	935 	289 	2551 
1280	256	2815	1191 	268 	2551 
1536	256	2815	1455 	256 	2551 
1792	256	2815	1707 	231 	2551 
2048	256	2815	1970 	203 	2551 
2303	256	2815	2212 	147 	2551 
2559	256	2815	2477 	89 	2551 
2815	256	2815	2754 	0 	2551 
3071	256	2815	3018 	0 	2551 
3327	256	2815	3302 	0 	2551 
3583	256	2815	3563 	0 	2551 
3839	256	2815	3823 	0 	2550 
4095	256	2815	4084 	0 	2550 
0	512	2815	0 	502 	2552 
256	512	2815	0 	502 	2552 
512	512	2815	299 	502 	2551 
768	512	2815	636 	497 	2551 
1024	512	2815	925 	491 	2551 
1280	512	2815	1184 	486 	2551 
1536	512	2815	1449 	474 	2551 
1792	512	2815	1701 	468 	2551 
2048	512	2815	1964 	451 	2551 
2303	512	2815	2208 	438 	2551 
2559	512	2815	2473 	419 	2551 
2815	512	2815	2750 	398 	2551 
3071	512	2815	3016 	369 	2551 
3327	512	2815	3299 	345 	2551 
3583	512	2815	3560 	309 	2550 
3839	512	2815	3821 	244 	2550 
4095	512	2815	4082 	186 	2550 
0	768	2815	0 	717 	2551 
256	768	2815	0 	717 	2551 
512	768	2815	186 	714 	2551 
768	768	2815	603 	714 	2551 
1024	768	2815	899 	710 	2551 
1280	768	2815	1164 	703 	2551 
1536	768	2815	1435 	700 	2551 
1792	768	2815	1690 	696 	2551 
2048	768	2815	1955 	685 	2551 
2303	768	2815	2200 	678 	2551 
2559	768	2815	2466 	667 	2551 
2815	768	2815	2744 	655 	2551 
3071	768	2815	3010 	640 	2551 
3327	768	2815	3295 	628 	2551 
3583	768	2815	3555 	607 	2550 
3839	768	2815	3816 	586 	2550 
4095	768	2815	4077 	563 	2550 
0	1024	2815	0 	945 	2551 
256	1024	2815	0 	945 	2551 
512	1024	2815	0 	945 	2551 
768	1024	2815	540 	943 	2551 
1024	1024	2815	866 	943 	2551 
1280	1024	2815	1141 	940 	2551 
1536	1024	2815	1415 	935 	2551 
1792	1024	2815	1673 	930 	2551 
2048	1024	2815	1941 	925 	2551 
2303	1024	2815	2188 	917 	2551 
2559	1024	2815	2455 	912 	2551 
2815	1024	2815	2734 	901 	2551 
3071	1024	2815	3001 	893 	2551 
3327	1024	2815	3286 	882 	2550 
3583	1024	2815	3548 	871 	2550 
3839	1024	2815	3810 	858 	2550 
4095	1024	2815	4072 	843 	2550 
0	1280	2815	0 	1168 	2551 
256	1280	2815	0 	1166 	2551 
512	1280	2815	0 	1166 	2551 
768	1280	2815	443 	1164 	2551 
1024	1280	2815	814 	1162 	2551 
1280	1280	2815	1104 	1162 	2551 
1536	1280	2815	1386 	1159 	2551 
1792	1280	2815	1650 	1155 	2551 
2048	1280	2815	1921 	1151 	2551 
2303	1280	2815	2170 	1147 	2551 
2559	1280	2815	2440 	1141 	2551 
2815	1280	2815	2721 	1135 	2551 
3071	1280	2815	2989 	1129 	2550 
3327	1280	2815	3275 	1118 	2550 
3583	1280	2815	3539 	1110 	2550 
3839	1280	2815	3801 	1102 	2550 
4095	1280	2815	4063 	1091 	2550 
0	1536	2815	0 	1404 	2551 
256	1536	2815	0 	1404 	2551 
512	1536	2815	0 	1404 	2551 
768	1536	2815	273 	1402 	2551 
1024	1536	2815	741 	1401 	2551 
1280	1536	2815	1055 	1399 	2551 
1536	1536	2815	1351 	1398 	2551 
1792	1536	2815	1619 	1394 	2551 
2048	1536	2815	1895 	1390 	2551 
2303	1536	2815	2148 	1388 	2551 
2559	1536	2815	2420 	1382 	2550 
2815	1536	2815	2704 	1378 	2550 
3071	1536	2815	2973 	1370 	2550 
3327	1536	2815	3262 	1365 	2550 
3583	1536	2815	3526 	1359 	2550 
3839	1536	2815	3790 	1351 	2550 
4095	1536	2815	4053 	1342 	2550 
0	1792	2815	0 	1631 	2551 
256	1792	2815	0 	1631 	2551 
512	1792	2815	0 	1630 	2551 
768	1792	2815	0 	1630 	2551 
1024	1792	2815	640 	1629 	2551 
1280	1792	2815	992 	1626 	2551 
1536	1792	2815	1302 	1625 	2551 
1792	1792	2815	1583 	1623 	2550 
2048	1792	2815	1865 	1619 	2550 
2303	1792	2815	2121 	1617 	2550 
2559	1792	2815	2397 	1613 	2550 
2815	1792	2815	2683 	1609 	2550 
3071	1792	2815	2954 	1603 	2550 
3327	1792	2815	3245 	1599 	2550 
3583	1792	2815	3511 	1594 	2550 
3839	1792	2815	3775 	1586 	2550 
4095	1792	2815	4040 	1579 	2549 
0	2048	2815	0 	1871 	2550 
256	2048	2815	0 	1871 	2550 
512	2048	2815	0 	1869 	2550 
768	2048	2815	0 	1869 	2550 
1024	2048	2815	489 	1868 	2550 
1280	2048	2815	911 	1867 	2550 
1536	2048	2815	1243 	1866 	2550 
1792	2048	2815	1537 	1863 	2550 
2048	2048	2815	1827 	1862 	2550 
2303	2048	2815	2089 	1858 	2550 
2559	2048	2815	2368 	1856 	2550 
2815	2048	2815	2657 	1851 	2550 
3071	2048	2815	2933 	1848 	2550 
3327	2048	2815	3225 	1842 	2550 
3583	2048	2815	3493 	1837 	2549 
3839	2048	2815	3759 	1833 	2549 
4095	2048	2815	4024 	1827 	2549 
0	2303	2815	0 	2091 	2550 
256	2303	2815	0 	2091 	2550 
512	2303	2815	0 	2091 	2550 
768	2303	2815	0 	2091 	2550 
1024	2303	2815	164 	2090 	2550 
1280	2303	2815	806 	2088 	2550 
1536	2303	2815	1174 	2087 	2550 
1792	2303	2815	1482 	2085 	2550 
2048	2303	2815	1781 	2083 	2550 
2303	2303	2815	2050 	2080 	2550 
2559	2303	2815	2336 	2078 	2550 
2815	2303	2815	2628 	2074 	2550 
3071	2303	2815	2906 	2071 	2549 
3327	2303	2815	3202 	2067 	2549 
3583	2303	2815	3471 	2063 	2549 
3839	2303	2815	3739 	2058 	2549 
4095	2303	2815	4006 	2053 	2549 
0	2559	2815	0 	2336 	2550 
256	2559	2815	0 	2336 	2550 
512	2559	2815	0 	2336 	2550 
768	2559	2815	0 	2335 	2550 
1024	2559	2815	0 	2334 	2550 
1280	2559	2815	664 	2333 	2550 
1536	2559	2815	1085 	2332 	2550 
1792	2559	2815	1416 	2330 	2550 
2048	2559	2815	1728 	2328 	2549 
2303	2559	2815	2006 	2326 	2549 
2559	2559	2815	2296 	2323 	2549 
2815	2559	2815	2594 	2321 	2549 
3071	2559	2815	2876 	2317 	2549 
3327	2559	2815	3175 	2314 	2549 
3583	2559	2815	3447 	2311 	2549 
3839	2559	2815	3717 	2306 	2549 
4095	2559	2815	3985 	2301 	2548 
0	2815	2815	0 	2593 	2549 
256	2815	2815	0 	2593 	2549 
512	2815	2815	0 	2593 	2549 
768	2815	2815	0 	2592 	2549 
1024	2815	2815	0 	2591 	2549 
1280	2815	2815	435 	2591 	2549 
1536	2815	2815	973 	2589 	2549 
1792	2815	2815	1337 	2588 	2549 
2048	2815	2815	1667 	2586 	2549 
2303	2815	2815	1953 	2585 	2549 
2559	2815	2815	2252 	2582 	2549 
2815	2815	2815	2555 	2580 	2549 
3071	2815	2815	2840 	2576 	2549 
3327	2815	2815	3144 	2574 	2548 
3583	2815	2815	3419 	2571 	2548 
3839	2815	2815	3691 	2566 	2548 
4095	2815	2815	3962 	2563 	2548 
0	3071	2815	0 	2838 	2549 
256	3071	2815	0 	2838 	2549 
512	3071	2815	0 	2838 	2549 
768	3071	2815	0 	2837 	2549 
1024	3071	2815	0 	2837 	2549 
1280	3071	2815	0 	2836 	2549 
1536	3071	2815	832 	2835 	2549 
1792	3071	2815	1241 	2834 	2549 
2048	3071	2815	1594 	2832 	2549 
2303	3071	2815	1894 	2830 	2548 
2559	3071	2815	2200 	2828 	2548 
2815	3071	2815	2510 	2826 	2548 
3071	3071	2815	2802 	2823 	2548 
3327	3071	2815	3109 	2821 	2548 
3583	3071	2815	3388 	2818 	2548 
3839	3071	2815	3662 	2814 	2548 
4095	3071	2815	3935 	2810 	2548 
0	3327	2815	0 	3106 	2548 
256	3327	2815	0 	3106 	2548 
512	3327	2815	0 	3106 	2548 
768	3327	2815	0 	3106 	2548 
1024	3327	2815	0 	3105 	2548 
1280	3327	2815	0 	3104 	2548 
1536	3327	2815	626 	3104 	2548 
1792	3327	2815	1127 	3102 	2548 
2048	3327	2815	1508 	3101 	2548 
2303	3327	2815	1825 	3100 	2548 
2559	3327	2815	2143 	3097 	2548 
2815	3327	2815	2461 	3096 	2548 
3071	3327	2815	2757 	3094 	2548 
3327	3327	2815	3070 	3091 	2548 
3583	3327	2815	3352 	3088 	2548 
3839	3327	2815	3631 	3085 	2548 
4095	3327	2815	3906 	3082 	2548 
0	3583	2815	0 	3349 	2548 
256	3583	2815	0 	3349 	2548 
512	3583	2815	0 	3348 	2548 
768	3583	2815	0 	3348 	2548 
1024	3583	2815	0 	3348 	2548 
1280	3583	2815	0 	3347 	2548 
1536	3583	2815	221 	3346 	2548 
1792	3583	2815	983 	3345 	2548 
2048	3583	2815	1408 	3344 	2548 
2303	3583	2815	1746 	3342 	2548 
2559	3583	2815	2076 	3341 	2548 
2815	3583	2815	2404 	3339 	2548 
3071	3583	2815	2707 	3336 	2548 
3327	3583	2815	3027 	3334 	2548 
3583	3583	2815	3313 	3332 	2548 
3839	3583	2815	3595 	3329 	2548 
4095	3583	2815	3873 	3326 	2548 
0	3839	2815	0 	3591 	2548 
256	3839	2815	0 	3591 	2548 
512	3839	2815	0 	3591 	2548 
768	3839	2815	0 	3590 	2548 
1024	3839	2815	0 	3590 	2548 
1280	3839	2815	0 	3590 	2548 
1536	3839	2815	0 	3588 	2548 
1792	3839	2815	793 	3587 	2548 
2048	3839	2815	1290 	3587 	2548 
2303	3839	2815	1656 	3585 	2548 
2559	3839	2815	2002 	3584 	2548 
2815	3839	2815	2341 	3582 	2548 
3071	3839	2815	2653 	3580 	2548 
3327	3839	2815	2979 	3578 	2548 
3583	3839	2815	3270 	3576 	2548 
3839	3839	2815	3555 	3573 	2548 
4095	3839	2815	3837 	3571 	2548 
0	4095	2815	0 	3834 	2548 
256	4095	2815	0 	3834 	2548 
512	4095	2815	0 	3833 	2548 
768	4095	2815	0 	3833 	2548 
1024	4095	2815	0 	3833 	2548 
1280	4095	2815	0 	3832 	2548 
1536	4095	2815	0 	3832 	2548 
1792	4095	2815	503 	3831 	2548 
2048	4095	2815	1145 	3829 	2548 
2303	4095	2815	1550 	3828 	2548 
2559	4095	2815	1918 	3827 	2548 
2815	4095	2815	2271 	3825 	2548 
3071	4095	2815	2591 	3824 	2548 
3327	4095	2815	2926 	3822 	2548 
3583	4095	2815	3222 	3820 	2547 
3839	4095	2815	3512 	3817 	2547 
4095	4095	2815	3798 	3815 	2547 
0	0	3071	0 	231 	2793 
256	0	3071	0 	231 	2793 
512	0	3071	309 	218 	2793 
768	0	3071	644 	218 	2793 
1024	0	3071	928 	203 	2793 
1280	0	3071	1186 	168 	2793 
1536	0	3071	1450 	147 	2793 
1792	0	3071	1702 	122 	2793 
2048	0	3071	1965 	0 	2793 
2303	0	3071	2209 	0 	2793 
2559	0	3071	2474 	0 	2793 
2815	0	3071	2751 	0 	2793 
3071	0	3071	3016 	0 	2793 
3327	0	3071	3301 	0 	2793 
3583	0	3071	3561 	0 	2793 
3839	0	3071	3821 	0 	2793 
4095	0	3071	4083 	0 	2793 
0	256	3071	0 	309 	2793 
256	256	3071	0 	309 	2793 
512	256	3071	299 	309 	2793 
768	256	3071	636 	309 	2793 
1024	256	3071	925 	299 	2793 
1280	256	3071	1184 	289 	2793 
1536	256	3071	1449 	268 	2793 
1792	256	3071	1701 	244 	2793 
2048	256	3071	1964 	231 	2793 
2303	256	3071	2208 	186 	2793 
2559	256	3071	2473 	122 	2793 
2815	256	3071	2750 	0 	2793 
3071	256	3071	3016 	0 	2793 
3327	256	3071	3299 	0 	2793 
3583	256	3071	3560 	0 	2793 
3839	256	3071	3821 	0 	2793 
4095	256	3071	4082 	0 	2793 
0	512	3071	0 	507 	2793 
256	512	3071	0 	507 	2793 
512	512	3071	244 	507 	2793 
768	512	3071	615 	507 	2793 
1024	512	3071	912 	502 	2793 
1280	512	3071	1174 	491 	2793 
1536	512	3071	1441 	486 	2793 
1792	512	3071	1695 	474 	2793 
2048	512	3071	1959 	463 	2793 
2303	512	3071	2204 	444 	2793 
2559	512	3071	2469 	432 	2793 
2815	512	3071	2747 	405 	2793 
3071	512	3071	3012 	384 	2793 
3327	512	3071	3297 	353 	2793 
3583	512	3071	3558 	309 	2793 
3839	512	3071	3818 	268 	2793 
4095	512	3071	4080 	203 	2793 
0	768	3071	0 	721 	2793 
256	768	3071	0 	721 	2793 
512	768	3071	0 	721 	2793 
768	768	3071	581 	717 	2793 
1024	768	3071	888 	714 	2793 
1280	768	3071	1157 	710 	2793 
1536	768	3071	1427 	703 	2793 
1792	768	3071	1684 	700 	2793 
2048	768	3071	1949 	693 	2793 
2303	768	3071	2195 	682 	2793 
2559	768	3071	2462 	671 	2793 
2815	768	3071	2740 	659 	2793 
3071	768	3071	3006 	648 	2793 
3327	768	3071	3292 	632 	2793 
3583	768	3071	3553 	611 	2793 
3839	768	3071	3814 	594 	2793 
4095	768	3071	4076 	572 	2792 
0	1024	3071	0 	950 	2793 
256	1024	3071	0 	948 	2793 
512	1024	3071	0 	948 	2793 
768	1024	3071	520 	945 	2793 
1024	1024	3071	849 	943 	2793 
1280	1024	3071	1129 	943 	2793 
1536	1024	3071	1407 	938 	2793 
1792	1024	3071	1667 	933 	2793 
2048	1024	3071	1935 	928 	2793 
2303	1024	3071	2182 	922 	2793 
2559	1024	3071	2451 	915 	2793 
2815	1024	3071	2731 	907 	2793 
3071	1024	3071	2998 	896 	2793 
3327	1024	3071	3284 	885 	2793 
3583	1024	3071	3546 	874 	2793 
3839	1024	3071	3807 	863 	2793 
4095	1024	3071	4069 	849 	2792 
0	1280	3071	0 	1170 	2793 
256	1280	3071	0 	1170 	2793 
512	1280	3071	0 	1170 	2793 
768	1280	3071	418 	1168 	2793 
1024	1280	3071	796 	1166 	2793 
1280	1280	3071	1091 	1164 	2793 
1536	1280	3071	1380 	1162 	2793 
1792	1280	3071	1643 	1159 	2793 
2048	1280	3071	1915 	1153 	2793 
2303	1280	3071	2166 	1151 	2793 
2559	1280	3071	2436 	1143 	2793 
2815	1280	3071	2717 	1139 	2793 
3071	1280	3071	2986 	1129 	2793 
3327	1280	3071	3273 	1123 	2793 
3583	1280	3071	3536 	1114 	2793 
3839	1280	3071	3799 	1104 	2792 
4095	1280	3071	4061 	1094 	2792 
0	1536	3071	0 	1407 	2793 
256	1536	3071	0 	1407 	2793 
512	1536	3071	0 	1405 	2793 
768	1536	3071	213 	1405 	2793 
1024	1536	3071	724 	1404 	2793 
1280	1536	3071	1044 	1401 	2793 
1536	1536	3071	1342 	1399 	2793 
1792	1536	3071	1614 	1396 	2793 
2048	1536	3071	1891 	1393 	2793 
2303	1536	3071	2143 	1390 	2793 
2559	1536	3071	2417 	1385 	2793 
2815	1536	3071	2700 	1380 	2793 
3071	1536	3071	2970 	1373 	2793 
3327	1536	3071	3259 	1367 	2793 
3583	1536	3071	3523 	1360 	2792 
3839	1536	3071	3787 	1352 	2792 
4095	1536	3071	4050 	1344 	2792 
0	1792	3071	0 	1633 	2793 
256	1792	3071	0 	1633 	2793 
512	1792	3071	0 	1633 	2793 
768	1792	3071	0 	1631 	2793 
1024	1792	3071	620 	1630 	2793 
1280	1792	3071	980 	1629 	2793 
1536	1792	3071	1293 	1626 	2793 
1792	1792	3071	1576 	1625 	2793 
2048	1792	3071	1859 	1622 	2793 
2303	1792	3071	2117 	1618 	2793 
2559	1792	3071	2393 	1614 	2793 
2815	1792	3071	2679 	1610 	2793 
3071	1792	3071	2952 	1606 	2792 
3327	1792	3071	3242 	1601 	2792 
3583	1792	3071	3508 	1594 	2792 
3839	1792	3071	3773 	1588 	2792 
4095	1792	3071	4037 	1581 	2792 
0	2048	3071	0 	1872 	2793 
256	2048	3071	0 	1872 	2793 
512	2048	3071	0 	1872 	2793 
768	2048	3071	0 	1871 	2793 
1024	2048	3071	467 	1869 	2793 
1280	2048	3071	900 	1868 	2793 
1536	2048	3071	1236 	1867 	2793 
1792	2048	3071	1530 	1865 	2793 
2048	2048	3071	1821 	1863 	2793 
2303	2048	3071	2084 	1860 	2792 
2559	2048	3071	2365 	1856 	2792 
2815	2048	3071	2654 	1854 	2792 
3071	2048	3071	2929 	1849 	2792 
3327	2048	3071	3222 	1844 	2792 
3583	2048	3071	3490 	1840 	2792 
3839	2048	3071	3756 	1835 	2792 
4095	2048	3071	4022 	1828 	2791 
0	2303	3071	0 	2092 	2793 
256	2303	3071	0 	2092 	2793 
512	2303	3071	0 	2092 	2793 
768	2303	3071	0 	2091 	2792 
1024	2303	3071	0 	2091 	2792 
1280	2303	3071	791 	2090 	2792 
1536	2303	3071	1162 	2088 	2792 
1792	2303	3071	1475 	2086 	2792 
2048	2303	3071	1776 	2085 	2792 
2303	2303	3071	2045 	2082 	2792 
2559	2303	3071	2331 	2079 	2792 
2815	2303	3071	2625 	2076 	2792 
3071	2303	3071	2902 	2073 	2792 
3327	2303	3071	3200 	2068 	2792 
3583	2303	3071	3468 	2064 	2791 
3839	2303	3071	3737 	2060 	2791 
4095	2303	3071	4004 	2055 	2791 
0	2559	3071	0 	2337 	2792 
256	2559	3071	0 	2337 	2792 
512	2559	3071	0 	2337 	2792 
768	2559	3071	0 	2336 	2792 
1024	2559	3071	0 	2335 	2792 
1280	2559	3071	645 	2334 	2792 
1536	2559	3071	1075 	2332 	2792 
1792	2559	3071	1408 	2331 	2792 
2048	2559	3071	1722 	2329 	2792 
2303	2559	3071	2001 	2328 	2792 
2559	2559	3071	2292 	2325 	2792 
2815	2559	3071	2591 	2322 	2792 
3071	2559	3071	2872 	2319 	2791 
3327	2559	3071	3172 	2315 	2791 
3583	2559	3071	3444 	2312 	2791 
3839	2559	3071	3714 	2307 	2791 
4095	2559	3071	3983 	2303 	2791 
0	2815	3071	0 	2594 	2792 
256	2815	3071	0 	2594 	2792 
512	2815	3071	0 	2594 	2792 
768	2815	3071	0 	2594 	2792 
1024	2815	3071	0 	2593 	2792 
1280	2815	3071	403 	2591 	2792 
1536	2815	3071	961 	2591 	2792 
1792	2815	3071	1329 	2589 	2791 
2048	2815	3071	1660 	2587 	2791 
2303	2815	3071	1948 	2585 	2791 
2559	2815	3071	2247 	2583 	2791 
2815	2815	3071	2552 	2580 	2791 
3071	2815	3071	2837 	2578 	2791 
3327	2815	3071	3141 	2575 	2791 
3583	2815	3071	3416 	2571 	2791 
3839	2815	3071	3689 	2568 	2791 
4095	2815	3071	3959 	2564 	2791 
0	3071	3071	0 	2839 	2791 
256	3071	3071	0 	2839 	2791 
512	3071	3071	0 	2839 	2791 
768	3071	3071	0 	2838 	2791 
1024	3071	3071	0 	2837 	2791 
1280	3071	3071	0 	2837 	2791 
1536	3071	3071	817 	2835 	2791 
1792	3071	3071	1234 	2835 	2791 
2048	3071	3071	1587 	2833 	2791 
2303	3071	3071	1888 	2831 	2791 
2559	3071	3071	2196 	2830 	2791 
2815	3071	3071	2507 	2827 	2791 
3071	3071	3071	2797 	2825 	2791 
3327	3071	3071	3106 	2822 	2791 
3583	3071	3071	3384 	2818 	2791 
3839	3071	3071	3660 	2815 	2791 
4095	3071	3071	3933 	2812 	2791 
0	3327	3071	0 	3108 	2791 
256	3327	3071	0 	3108 	2791 
512	3327	3071	0 	3107 	2791 
768	3327	3071	0 	3107 	2791 
1024	3327	3071	0 	3106 	2791 
1280	3327	3071	0 	3105 	2791 
1536	3327	3071	610 	3104 	2791 
1792	3327	3071	1117 	3104 	2791 
2048	3327	3071	1501 	3102 	2791 
2303	3327	3071	1819 	3101 	2791 
2559	3327	3071	2138 	3099 	2791 
2815	3327	3071	2456 	3097 	2791 
3071	3327	3071	2753 	3094 	2791 
3327	3327	3071	3067 	3092 	2791 
3583	3327	3071	3349 	3089 	2791 
3839	3327	3071	3628 	3086 	2791 
4095	3327	3071	3904 	3083 	2790 
0	3583	3071	0 	3349 	2791 
256	3583	3071	0 	3349 	2791 
512	3583	3071	0 	3349 	2791 
768	3583	3071	0 	3349 	2791 
1024	3583	3071	0 	3348 	2791 
1280	3583	3071	0 	3348 	2791 
1536	3583	3071	140 	3347 	2791 
1792	3583	3071	974 	3346 	2791 
2048	3583	3071	1400 	3344 	2791 
2303	3583	3071	1740 	3344 	2791 
2559	3583	3071	2072 	3341 	2791 
2815	3583	3071	2400 	3340 	2791 
3071	3583	3071	2704 	3337 	2790 
3327	3583	3071	3024 	3335 	2790 
3583	3583	3071	3310 	3333 	2790 
3839	3583	3071	3592 	3330 	2790 
4095	3583	3071	3871 	3327 	2790 
0	3839	3071	0 	3592 	2791 
256	3839	3071	0 	3592 	2790 
512	3839	3071	0 	3592 	2790 
768	3839	3071	0 	3591 	2790 
1024	3839	3071	0 	3591 	2790 
1280	3839	3071	0 	3590 	2790 
1536	3839	3071	0 	3590 	2790 
1792	3839	3071	781 	3588 	2790 
2048	3839	3071	1282 	3587 	2790 
2303	3839	3071	1650 	3586 	2790 
2559	3839	3071	1998 	3584 	2790 
2815	3839	3071	2337 	3583 	2790 
3071	3839	3071	2649 	3580 	2790 
3327	3839	3071	2976 	3579 	2790 
3583	3839	3071	3267 	3577 	2789 
3839	3839	3071	3553 	3574 	2789 
4095	3839	3071	3835 	3571 	2789 
0	4095	3071	0 	3834 	2790 
256	4095	3071	0 	3834 	2790 
512	4095	3071	0 	3834 	2790 
768	4095	3071	0 	3834 	2790 
1024	4095	3071	0 	3833 	2790 
1280	4095	3071	0 	3833 	2790 
1536	4095	3071	0 	3832 	2790 
1792	4095	3071	482 	3831 	2790 
2048	4095	3071	1135 	3830 	2790 
2303	4095	3071	1544 	3829 	2789 
2559	4095	3071	1914 	3828 	2789 
2815	4095	3071	2266 	3826 	2789 
3071	4095	3071	2587 	3824 	2789 
3327	4095	3071	2922 	3822 	2789 
3583	4095	3071	3219 	3820 	2789 
3839	4095	3071	3510 	3818 	2789 
4095	4095	3071	3796 	3815 	2789 
0	0	3327	0 	244 	3059 
256	0	3327	0 	244 	3059 
512	0	3327	244 	244 	3059 
768	0	3327	620 	244 	3059 
1024	0	3327	912 	231 	3059 
1280	0	3327	1174 	203 	3059 
1536	0	3327	1443 	168 	3059 
1792	0	3327	1696 	147 	3059 
2048	0	3327	1960 	89 	3059 
2303	0	3327	2205 	0 	3059 
2559	0	3327	2470 	0 	3059 
2815	0	3327	2748 	0 	3059 
3071	0	3327	3012 	0 	3059 
3327	0	3327	3298 	0 	3059 
3583	0	3327	3558 	0 	3059 
3839	0	3327	3819 	0 	3059 
4095	0	3327	4080 	0 	3059 
0	256	3327	0 	327 	3059 
256	256	3327	0 	327 	3059 
512	256	3327	244 	318 	3059 
768	256	3327	615 	318 	3059 
1024	256	3327	909 	309 	3059 
1280	256	3327	1172 	309 	3059 
1536	256	3327	1441 	289 	3059 
1792	256	3327	1693 	268 	3059 
2048	256	3327	1959 	244 	3059 
2303	256	3327	2204 	203 	3059 
2559	256	3327	2468 	147 	3059 
2815	256	3327	2746 	0 	3059 
3071	256	3327	3012 	0 	3059 
3327	256	3327	3296 	0 	3059 
3583	256	3327	3558 	0 	3059 
3839	256	3327	3818 	0 	3059 
4095	256	3327	4079 	0 	3059 
0	512	3327	0 	513 	3059 
256	512	3327	0 	513 	3059 
512	512	3327	147 	513 	3059 
768	512	3327	594 	507 	3059 
1024	512	3327	896 	507 	3059 
1280	512	3327	1162 	502 	3059 
1536	512	3327	1433 	491 	3059 
1792	512	3327	1688 	480 	3059 
2048	512	3327	1954 	474 	3059 
2303	512	3327	2199 	457 	3059 
2559	512	3327	2465 	438 	3059 
2815	512	3327	2743 	419 	3059 
3071	512	3327	3008 	398 	3059 
3327	512	3327	3293 	361 	3059 
3583	512	3327	3555 	327 	3059 
3839	512	3327	3816 	289 	3059 
4095	512	3327	4077 	231 	3059 
0	768	3327	0 	724 	3059 
256	768	3327	0 	724 	3059 
512	768	3327	0 	724 	3059 
768	768	3327	559 	721 	3059 
1024	768	3327	874 	721 	3059 
1280	768	3327	1147 	717 	3059 
1536	768	3327	1420 	710 	3059 
1792	768	3327	1678 	703 	3059 
2048	768	3327	1944 	696 	3059 
2303	768	3327	2190 	685 	3059 
2559	768	3327	2457 	678 	3059 
2815	768	3327	2736 	663 	3059 
3071	768	3327	3003 	651 	3059 
3327	768	3327	3288 	636 	3059 
3583	768	3327	3550 	620 	3059 
3839	768	3327	3812 	599 	3059 
4095	768	3327	4073 	577 	3059 
0	1024	3327	0 	953 	3059 
256	1024	3327	0 	953 	3059 
512	1024	3327	0 	953 	3059 
768	1024	3327	494 	950 	3059 
1024	1024	3327	835 	948 	3059 
1280	1024	3327	1118 	945 	3059 
1536	1024	3327	1399 	943 	3059 
1792	1024	3327	1660 	938 	3059 
2048	1024	3327	1930 	933 	3059 
2303	1024	3327	2177 	928 	3059 
2559	1024	3327	2447 	917 	3059 
2815	1024	3327	2727 	912 	3059 
3071	1024	3327	2994 	901 	3059 
3327	1024	3327	3281 	891 	3059 
3583	1024	3327	3542 	880 	3059 
3839	1024	3327	3805 	866 	3059 
4095	1024	3327	4067 	852 	3059 
0	1280	3327	0 	1174 	3059 
256	1280	3327	0 	1174 	3059 
512	1280	3327	0 	1172 	3059 
768	1280	3327	384 	1172 	3059 
1024	1280	3327	780 	1170 	3059 
1280	1280	3327	1081 	1166 	3059 
1536	1280	3327	1370 	1164 	3059 
1792	1280	3327	1637 	1162 	3059 
2048	1280	3327	1910 	1157 	3059 
2303	1280	3327	2160 	1151 	3059 
2559	1280	3327	2431 	1147 	3059 
2815	1280	3327	2713 	1141 	3059 
3071	1280	3327	2981 	1133 	3059 
3327	1280	3327	3270 	1127 	3059 
3583	1280	3327	3533 	1116 	3059 
3839	1280	3327	3796 	1106 	3059 
4095	1280	3327	4058 	1096 	3059 
0	1536	3327	0 	1409 	3059 
256	1536	3327	0 	1409 	3059 
512	1536	3327	0 	1409 	3059 
768	1536	3327	119 	1407 	3059 
1024	1536	3327	707 	1405 	3059 
1280	1536	3327	1033 	1404 	3059 
1536	1536	3327	1332 	1401 	3059 
1792	1536	3327	1607 	1399 	3059 
2048	1536	3327	1884 	1396 	3059 
2303	1536	3327	2139 	1391 	3059 
2559	1536	3327	2413 	1388 	3059 
2815	1536	3327	2696 	1382 	3059 
3071	1536	3327	2967 	1377 	3059 
3327	1536	3327	3256 	1370 	3059 
3583	1536	3327	3520 	1362 	3059 
3839	1536	3327	3785 	1356 	3059 
4095	1536	3327	4048 	1347 	3059 
0	1792	3327	0 	1634 	3059 
256	1792	3327	0 	1634 	3059 
512	1792	3327	0 	1634 	3059 
768	1792	3327	0 	1633 	3059 
1024	1792	3327	599 	1633 	3059 
1280	1792	3327	968 	1631 	3059 
1536	1792	3327	1284 	1629 	3059 
1792	1792	3327	1569 	1626 	3059 
2048	1792	3327	1854 	1623 	3059 
2303	1792	3327	2111 	1619 	3059 
2559	1792	3327	2389 	1617 	3059 
2815	1792	3327	2676 	1611 	3059 
3071	1792	3327	2948 	1607 	3059 
3327	1792	3327	3239 	1602 	3059 
3583	1792	3327	3505 	1596 	3059 
3839	1792	3327	3770 	1590 	3059 
4095	1792	3327	4035 	1583 	3058 
0	2048	3327	0 	1874 	3059 
256	2048	3327	0 	1874 	3059 
512	2048	3327	0 	1874 	3059 
768	2048	3327	0 	1873 	3059 
1024	2048	3327	431 	1872 	3059 
1280	2048	3327	884 	1871 	3059 
1536	2048	3327	1227 	1868 	3059 
1792	2048	3327	1523 	1867 	3059 
2048	2048	3327	1814 	1864 	3059 
2303	2048	3327	2079 	1862 	3059 
2559	2048	3327	2360 	1858 	3059 
2815	2048	3327	2650 	1855 	3059 
3071	2048	3327	2925 	1850 	3059 
3327	2048	3327	3219 	1847 	3059 
3583	2048	3327	3487 	1842 	3058 
3839	2048	3327	3754 	1835 	3058 
4095	2048	3327	4020 	1829 	3058 
0	2303	3327	0 	2094 	3059 
256	2303	3327	0 	2094 	3059 
512	2303	3327	0 	2094 	3059 
768	2303	3327	0 	2093 	3059 
1024	2303	3327	0 	2092 	3059 
1280	2303	3327	775 	2091 	3059 
1536	2303	3327	1153 	2090 	3059 
1792	2303	3327	1467 	2088 	3059 
2048	2303	3327	1770 	2085 	3059 
2303	2303	3327	2040 	2084 	3059 
2559	2303	3327	2327 	2080 	3059 
2815	2303	3327	2621 	2078 	3059 
3071	2303	3327	2899 	2073 	3058 
3327	2303	3327	3196 	2070 	3058 
3583	2303	3327	3465 	2066 	3058 
3839	2303	3327	3734 	2061 	3058 
4095	2303	3327	4001 	2056 	3058 
0	2559	3327	0 	2337 	3059 
256	2559	3327	0 	2337 	3059 
512	2559	3327	0 	2337 	3059 
768	2559	3327	0 	2337 	3059 
1024	2559	3327	0 	2337 	3059 
1280	2559	3327	622 	2336 	3059 
1536	2559	3327	1064 	2334 	3059 
1792	2559	3327	1400 	2332 	3059 
2048	2559	3327	1716 	2331 	3058 
2303	2559	3327	1995 	2329 	3058 
2559	2559	3327	2287 	2326 	3058 
2815	2559	3327	2586 	2323 	3058 
3071	2559	3327	2868 	2321 	3058 
3327	2559	3327	3169 	2317 	3058 
3583	2559	3327	3441 	2313 	3058 
3839	2559	3327	3711 	2309 	3058 
4095	2559	3327	3981 	2305 	3057 
0	2815	3327	0 	2595 	3058 
256	2815	3327	0 	2595 	3058 
512	2815	3327	0 	2595 	3058 
768	2815	3327	0 	2594 	3058 
1024	2815	3327	0 	2594 	3058 
1280	2815	3327	369 	2593 	3058 
1536	2815	3327	948 	2591 	3058 
1792	2815	3327	1321 	2590 	3058 
2048	2815	3327	1654 	2589 	3058 
2303	2815	3327	1942 	2587 	3058 
2559	2815	3327	2243 	2585 	3058 
2815	2815	3327	2548 	2582 	3058 
3071	2815	3327	2833 	2580 	3058 
3327	2815	3327	3138 	2576 	3057 
3583	2815	3327	3413 	2572 	3057 
3839	2815	3327	3686 	2569 	3057 
4095	2815	3327	3957 	2565 	3057 
0	3071	3327	0 	2840 	3058 
256	3071	3327	0 	2840 	3058 
512	3071	3327	0 	2840 	3058 
768	3071	3327	0 	2839 	3058 
1024	3071	3327	0 	2839 	3058 
1280	3071	3327	0 	2838 	3058 
1536	3071	3327	803 	2837 	3058 
1792	3071	3327	1225 	2835 	3058 
2048	3071	3327	1579 	2835 	3058 
2303	3071	3327	1882 	2832 	3057 
2559	3071	3327	2191 	2830 	3057 
2815	3071	3327	2502 	2828 	3057 
3071	3071	3327	2794 	2826 	3057 
3327	3071	3327	3103 	2822 	3057 
3583	3071	3327	3381 	2820 	3057 
3839	3071	3327	3657 	2817 	3057 
4095	3071	3327	3931 	2813 	3057 
0	3327	3327	0 	3108 	3057 
256	3327	3327	0 	3108 	3057 
512	3327	3327	0 	3108 	3057 
768	3327	3327	0 	3108 	3057 
1024	3327	3327	0 	3107 	3057 
1280	3327	3327	0 	3106 	3057 
1536	3327	3327	589 	3105 	3057 
1792	3327	3327	1107 	3104 	3057 
2048	3327	3327	1494 	3103 	3057 
2303	3327	3327	1814 	3101 	3057 
2559	3327	3327	2133 	3100 	3057 
2815	3327	3327	2452 	3097 	3057 
3071	3327	3327	2750 	3095 	3057 
3327	3327	3327	3064 	3093 	3057 
3583	3327	3327	3346 	3090 	3057 
3839	3327	3327	3625 	3087 	3057 
4095	3327	3327	3901 	3084 	3057 
0	3583	3327	0 	3351 	3057 
256	3583	3327	0 	3351 	3057 
512	3583	3327	0 	3350 	3057 
768	3583	3327	0 	3350 	3057 
1024	3583	3327	0 	3349 	3057 
1280	3583	3327	0 	3348 	3057 
1536	3583	3327	0 	3348 	3057 
1792	3583	3327	962 	3347 	3057 
2048	3583	3327	1392 	3345 	3057 
2303	3583	3327	1734 	3344 	3057 
2559	3583	3327	2066 	3342 	3057 
2815	3583	3327	2396 	3340 	3057 
3071	3583	3327	2700 	3338 	3057 
3327	3583	3327	3021 	3336 	3057 
3583	3583	3327	3307 	3334 	3057 
3839	3583	3327	3590 	3331 	3057 
4095	3583	3327	3869 	3328 	3056 
0	3839	3327	0 	3593 	3057 
256	3839	3327	0 	3593 	3057 
512	3839	3327	0 	3592 	3057 
768	3839	3327	0 	3592 	3057 
1024	3839	3327	0 	3592 	3057 
1280	3839	3327	0 	3591 	3057 
1536	3839	3327	0 	3590 	3057 
1792	3839	3327	765 	3590 	3057 
2048	3839	3327	1271 	3588 	3057 
2303	3839	3327	1642 	3587 	3057 
2559	3839	3327	1991 	3585 	3057 
2815	3839	3327	2332 	3584 	3057 
3071	3839	3327	2644 	3581 	3056 
3327	3839	3327	2972 	3580 	3056 
3583	3839	3327	3263 	3577 	3056 
3839	3839	3327	3550 	3574 	3056 
4095	3839	3327	3832 	3572 	3056 
0	4095	3327	0 	3835 	3056 
256	4095	3327	0 	3835 	3056 
512	4095	3327	0 	3835 	3056 
768	4095	3327	0 	3835 	3056 
1024	4095	3327	0 	3834 	3056 
1280	4095	3327	0 	3834 	3056 
1536	4095	3327	0 	3833 	3056 
1792	4095	3327	450 	3832 	3056 
2048	4095	3327	1125 	3831 	3056 
2303	4095	3327	1537 	3830 	3056 
2559	4095	3327	1907 	3828 	3056 
2815	4095	3327	2262 	3827 	3056 
3071	4095	3327	2583 	3825 	3056 
3327	4095	3327	2919 	3823 	3056 
3583	4095	3327	3216 	3821 	3055 
3839	4095	3327	3507 	3818 	3055 
4095	4095	3327	3793 	3816 	3055 
0	0	3583	0 	268 	3299 
256	0	3583	0 	256 	3299 
512	0	3583	168 	256 	3299 
768	0	3583	599 	244 	3299 
1024	0	3583	896 	244 	3299 
1280	0	3583	1162 	231 	3299 
1536	0	3583	1433 	203 	3299 
1792	0	3583	1688 	168 	3299 
2048	0	3583	1954 	147 	3299 
2303	0	3583	2199 	0 	3299 
2559	0	3583	2465 	0 	3299 
2815	0	3583	2743 	0 	3298 
3071	0	3583	3009 	0 	3298 
3327	0	3583	3294 	0 	3298 
3583	0	3583	3555 	0 	3298 
3839	0	3583	3816 	0 	3298 
4095	0	3583	4077 	0 	3298 
0	256	3583	0 	345 	3299 
256	256	3583	0 	345 	3299 
512	256	3583	147 	336 	3299 
768	256	3583	590 	336 	3299 
1024	256	3583	896 	327 	3299 
1280	256	3583	1162 	309 	3299 
1536	256	3583	1432 	309 	3299 
1792	256	3583	1687 	289 	3299 
2048	256	3583	1953 	256 	3299 
2303	256	3583	2198 	231 	3299 
2559	256	3583	2464 	186 	3299 
2815	256	3583	2742 	122 	3298 
3071	256	3583	3008 	0 	3298 
3327	256	3583	3293 	0 	3298 
3583	256	3583	3554 	0 	3298 
3839	256	3583	3815 	0 	3298 
4095	256	3583	4077 	0 	3298 
0	512	3583	0 	523 	3299 
256	512	3583	0 	523 	3299 
512	512	3583	0 	523 	3299 
768	512	3583	572 	518 	3299 
1024	512	3583	880 	513 	3299 
1280	512	3583	1151 	507 	3299 
1536	512	3583	1424 	502 	3299 
1792	512	3583	1681 	491 	3299 
2048	512	3583	1947 	480 	3299 
2303	512	3583	2193 	468 	3299 
2559	512	3583	2460 	444 	3298 
2815	512	3583	2739 	432 	3298 
3071	512	3583	3005 	405 	3298 
3327	512	3583	3290 	376 	3298 
3583	512	3583	3552 	345 	3298 
3839	512	3583	3813 	309 	3298 
4095	512	3583	4075 	244 	3298 
0	768	3583	0 	731 	3299 
256	768	3583	0 	731 	3299 
512	768	3583	0 	728 	3299 
768	768	3583	530 	728 	3299 
1024	768	3583	858 	724 	3299 
1280	768	3583	1135 	721 	3299 
1536	768	3583	1410 	717 	3299 
1792	768	3583	1670 	710 	3299 
2048	768	3583	1938 	700 	3299 
2303	768	3583	2185 	693 	3299 
2559	768	3583	2453 	682 	3298 
2815	768	3583	2732 	671 	3298 
3071	768	3583	2999 	655 	3298 
3327	768	3583	3285 	644 	3298 
3583	768	3583	3547 	628 	3298 
3839	768	3583	3809 	607 	3298 
4095	768	3583	4070 	586 	3298 
0	1024	3583	0 	958 	3299 
256	1024	3583	0 	958 	3299 
512	1024	3583	0 	958 	3299 
768	1024	3583	461 	955 	3299 
1024	1024	3583	817 	953 	3299 
1280	1024	3583	1106 	950 	3299 
1536	1024	3583	1390 	945 	3299 
1792	1024	3583	1652 	943 	3299 
2048	1024	3583	1923 	935 	3298 
2303	1024	3583	2172 	930 	3298 
2559	1024	3583	2442 	922 	3298 
2815	1024	3583	2722 	915 	3298 
3071	1024	3583	2990 	904 	3298 
3327	1024	3583	3277 	896 	3298 
3583	1024	3583	3540 	882 	3298 
3839	1024	3583	3802 	869 	3298 
4095	1024	3583	4064 	858 	3298 
0	1280	3583	0 	1176 	3299 
256	1280	3583	0 	1176 	3299 
512	1280	3583	0 	1174 	3299 
768	1280	3583	338 	1174 	3299 
1024	1280	3583	761 	1174 	3299 
1280	1280	3583	1068 	1170 	3299 
1536	1280	3583	1362 	1168 	3298 
1792	1280	3583	1629 	1164 	3298 
2048	1280	3583	1903 	1160 	3298 
2303	1280	3583	2155 	1155 	3298 
2559	1280	3583	2426 	1151 	3298 
2815	1280	3583	2709 	1143 	3298 
3071	1280	3583	2978 	1137 	3298 
3327	1280	3583	3266 	1129 	3298 
3583	1280	3583	3530 	1118 	3298 
3839	1280	3583	3793 	1110 	3298 
4095	1280	3583	4056 	1100 	3298 
0	1536	3583	0 	1410 	3298 
256	1536	3583	0 	1410 	3298 
512	1536	3583	0 	1410 	3298 
768	1536	3583	0 	1409 	3298 
1024	1536	3583	685 	1409 	3298 
1280	1536	3583	1019 	1407 	3298 
1536	1536	3583	1322 	1404 	3298 
1792	1536	3583	1599 	1401 	3298 
2048	1536	3583	1879 	1399 	3298 
2303	1536	3583	2133 	1394 	3298 
2559	1536	3583	2408 	1390 	3298 
2815	1536	3583	2692 	1385 	3298 
3071	1536	3583	2963 	1380 	3298 
3327	1536	3583	3253 	1372 	3298 
3583	1536	3583	3517 	1365 	3298 
3839	1536	3583	3782 	1359 	3298 
4095	1536	3583	4045 	1351 	3298 
0	1792	3583	0 	1637 	3298 
256	1792	3583	0 	1637 	3298 
512	1792	3583	0 	1635 	3298 
768	1792	3583	0 	1635 	3298 
1024	1792	3583	572 	1634 	3298 
1280	1792	3583	953 	1633 	3298 
1536	1792	3583	1276 	1631 	3298 
1792	1792	3583	1561 	1629 	3298 
2048	1792	3583	1847 	1625 	3298 
2303	1792	3583	2106 	1622 	3298 
2559	1792	3583	2384 	1618 	3298 
2815	1792	3583	2671 	1614 	3298 
3071	1792	3583	2944 	1609 	3298 
3327	1792	3583	3236 	1605 	3298 
3583	1792	3583	3502 	1599 	3298 
3839	1792	3583	3767 	1592 	3298 
4095	1792	3583	4032 	1586 	3298 
0	2048	3583	0 	1875 	3298 
256	2048	3583	0 	1875 	3298 
512	2048	3583	0 	1875 	3298 
768	2048	3583	0 	1875 	3298 
1024	2048	3583	391 	1874 	3298 
1280	2048	3583	868 	1872 	3298 
1536	2048	3583	1216 	1871 	3298 
1792	2048	3583	1514 	1868 	3298 
2048	2048	3583	1808 	1866 	3298 
2303	2048	3583	2073 	1863 	3298 
2559	2048	3583	2355 	1860 	3298 
2815	2048	3583	2645 	1856 	3298 
3071	2048	3583	2921 	1852 	3298 
3327	2048	3583	3216 	1849 	3298 
3583	2048	3583	3484 	1843 	3298 
3839	2048	3583	3751 	1837 	3298 
4095	2048	3583	4017 	1832 	3298 
0	2303	3583	0 	2096 	3298 
256	2303	3583	0 	2096 	3298 
512	2303	3583	0 	2096 	3298 
768	2303	3583	0 	2095 	3298 
1024	2303	3583	0 	2094 	3298 
1280	2303	3583	756 	2093 	3298 
1536	2303	3583	1141 	2091 	3298 
1792	2303	3583	1458 	2090 	3298 
2048	2303	3583	1763 	2087 	3298 
2303	2303	3583	2034 	2085 	3298 
2559	2303	3583	2321 	2082 	3298 
2815	2303	3583	2616 	2079 	3298 
3071	2303	3583	2894 	2075 	3298 
3327	2303	3583	3192 	2072 	3298 
3583	2303	3583	3463 	2067 	3298 
3839	2303	3583	3731 	2062 	3297 
4095	2303	3583	3999 	2057 	3297 
0	2559	3583	0 	2339 	3298 
256	2559	3583	0 	2339 	3298 
512	2559	3583	0 	2339 	3298 
768	2559	3583	0 	2338 	3298 
1024	2559	3583	0 	2337 	3298 
1280	2559	3583	597 	2337 	3298 
1536	2559	3583	1051 	2336 	3298 
1792	2559	3583	1391 	2334 	3298 
2048	2559	3583	1709 	2332 	3298 
2303	2559	3583	1989 	2330 	3298 
2559	2559	3583	2282 	2328 	3298 
2815	2559	3583	2582 	2325 	3298 
3071	2559	3583	2864 	2321 	3297 
3327	2559	3583	3166 	2318 	3297 
3583	2559	3583	3438 	2314 	3297 
3839	2559	3583	3708 	2310 	3297 
4095	2559	3583	3978 	2306 	3297 
0	2815	3583	0 	2596 	3298 
256	2815	3583	0 	2596 	3298 
512	2815	3583	0 	2596 	3298 
768	2815	3583	0 	2595 	3298 
1024	2815	3583	0 	2595 	3298 
1280	2815	3583	323 	2594 	3298 
1536	2815	3583	933 	2593 	3298 
1792	2815	3583	1311 	2591 	3298 
2048	2815	3583	1646 	2590 	3297 
2303	2815	3583	1937 	2588 	3297 
2559	2815	3583	2237 	2585 	3297 
2815	2815	3583	2543 	2583 	3297 
3071	2815	3583	2830 	2580 	3297 
3327	2815	3583	3134 	2577 	3297 
3583	2815	3583	3410 	2574 	3297 
3839	2815	3583	3683 	2571 	3297 
4095	2815	3583	3954 	2566 	3296 
0	3071	3583	0 	2841 	3297 
256	3071	3583	0 	2841 	3297 
512	3071	3583	0 	2841 	3297 
768	3071	3583	0 	2840 	3297 
1024	3071	3583	0 	2840 	3297 
1280	3071	3583	0 	2839 	3297 
1536	3071	3583	784 	2838 	3297 
1792	3071	3583	1214 	2837 	3297 
2048	3071	3583	1572 	2835 	3297 
2303	3071	3583	1875 	2834 	3297 
2559	3071	3583	2186 	2831 	3297 
2815	3071	3583	2498 	2830 	3297 
3071	3071	3583	2789 	2827 	3297 
3327	3071	3583	3100 	2824 	3296 
3583	3071	3583	3378 	2821 	3296 
3839	3071	3583	3654 	2817 	3296 
4095	3071	3583	3928 	2814 	3296 
0	3327	3583	0 	3109 	3297 
256	3327	3583	0 	3109 	3297 
512	3327	3583	0 	3109 	3297 
768	3327	3583	0 	3108 	3297 
1024	3327	3583	0 	3108 	3297 
1280	3327	3583	0 	3108 	3297 
1536	3327	3583	563 	3106 	3297 
1792	3327	3583	1095 	3105 	3297 
2048	3327	3583	1485 	3104 	3296 
2303	3327	3583	1807 	3102 	3296 
2559	3327	3583	2127 	3101 	3296 
2815	3327	3583	2447 	3099 	3296 
3071	3327	3583	2745 	3097 	3296 
3327	3327	3583	3060 	3094 	3296 
3583	3327	3583	3343 	3091 	3296 
3839	3327	3583	3622 	3088 	3296 
4095	3327	3583	3898 	3085 	3296 
0	3583	3583	0 	3351 	3296 
256	3583	3583	0 	3351 	3296 
512	3583	3583	0 	3351 	3296 
768	3583	3583	0 	3351 	3296 
1024	3583	3583	0 	3351 	3296 
1280	3583	3583	0 	3349 	3296 
1536	3583	3583	0 	3349 	3296 
1792	3583	3583	948 	3348 	3296 
2048	3583	3583	1384 	3346 	3296 
2303	3583	3583	1726 	3345 	3296 
2559	3583	3583	2061 	3344 	3296 
2815	3583	3583	2391 	3341 	3296 
3071	3583	3583	2695 	3339 	3296 
3327	3583	3583	3017 	3337 	3296 
3583	3583	3583	3303 	3335 	3296 
3839	3583	3583	3586 	3332 	3296 
4095	3583	3583	3866 	3329 	3296 
0	3839	3583	0 	3593 	3296 
256	3839	3583	0 	3593 	3296 
512	3839	3583	0 	3593 	3296 
768	3839	3583	0 	3593 	3296 
1024	3839	3583	0 	3593 	3296 
1280	3839	3583	0 	3592 	3296 
1536	3839	3583	0 	3591 	3296 
1792	3839	3583	747 	3590 	3296 
2048	3839	3583	1262 	3589 	3296 
2303	3839	3583	1634 	3587 	3296 
2559	3839	3583	1986 	3586 	3296 
2815	3839	3583	2327 	3584 	3296 
3071	3839	3583	2640 	3583 	3296 
3327	3839	3583	2968 	3580 	3296 
3583	3839	3583	3260 	3578 	3296 
3839	3839	3583	3547 	3576 	3295 
4095	3839	3583	3829 	3573 	3295 
0	4095	3583	0 	3836 	3296 
256	4095	3583	0 	3836 	3296 
512	4095	3583	0 	3836 	3296 
768	4095	3583	0 	3835 	3296 
1024	4095	3583	0 	3835 	3296 
1280	4095	3583	0 	3835 	3296 
1536	4095	3583	0 	3834 	3296 
1792	4095	3583	415 	3833 	3296 
2048	4095	3583	1113 	3832 	3296 
2303	4095	3583	1529 	3830 	3295 
2559	4095	3583	1901 	3829 	3295 
2815	4095	3583	2256 	3827 	3295 
3071	4095	3583	2579 	3826 	3295 
3327	4095	3583	2915 	3824 	3295 
3583	4095	3583	3212 	3822 	3295 
3839	4095	3583	3503 	3819 	3295 
4095	4095	3583	3790 	3817 	3295 
0	0	3839	0 	289 	3538 
256	0	3839	0 	279 	3538 
512	0	3839	0 	279 	3538 
768	0	3839	568 	268 	3538 
1024	0	3839	880 	256 	3538 
1280	0	3839	1151 	244 	3538 
1536	0	3839	1424 	231 	3538 
1792	0	3839	1681 	203 	3538 
2048	0	3839	1947 	168 	3538 
2303	0	3839	2193 	122 	3538 
2559	0	3839	2460 	0 	3537 
2815	0	3839	2739 	0 	3537 
3071	0	3839	3005 	0 	3537 
3327	0	3839	3290 	0 	3537 
3583	0	3839	3552 	0 	3537 
3839	0	3839	3813 	0 	3537 
4095	0	3839	4075 	0 	3537 
0	256	3839	0 	361 	3538 
256	256	3839	0 	361 	3538 
512	256	3839	0 	353 	3538 
768	256	3839	563 	353 	3538 
1024	256	3839	877 	345 	3538 
1280	256	3839	1149 	327 	3538 
1536	256	3839	1423 	318 	3538 
1792	256	3839	1678 	309 	3538 
2048	256	3839	1946 	279 	3538 
2303	256	3839	2192 	244 	3538 
2559	256	3839	2458 	218 	3537 
2815	256	3839	2737 	147 	3537 
3071	256	3839	3004 	0 	3537 
3327	256	3839	3289 	0 	3537 
3583	256	3839	3551 	0 	3537 
3839	256	3839	3812 	0 	3537 
4095	256	3839	4074 	0 	3537 
0	512	3839	0 	533 	3538 
256	512	3839	0 	533 	3538 
512	512	3839	0 	533 	3538 
768	512	3839	540 	528 	3538 
1024	512	3839	866 	523 	3538 
1280	512	3839	1141 	518 	3538 
1536	512	3839	1415 	507 	3538 
1792	512	3839	1673 	502 	3538 
2048	512	3839	1941 	491 	3538 
2303	512	3839	2188 	474 	3537 
2559	512	3839	2455 	463 	3537 
2815	512	3839	2734 	438 	3537 
3071	512	3839	3001 	419 	3537 
3327	512	3839	3286 	391 	3537 
3583	512	3839	3548 	361 	3537 
3839	512	3839	3810 	318 	3537 
4095	512	3839	4072 	268 	3537 
0	768	3839	0 	738 	3538 
256	768	3839	0 	738 	3538 
512	768	3839	0 	738 	3538 
768	768	3839	499 	734 	3538 
1024	768	3839	837 	731 	3538 
1280	768	3839	1120 	728 	3538 
1536	768	3839	1401 	721 	3538 
1792	768	3839	1661 	717 	3538 
2048	768	3839	1931 	707 	3537 
2303	768	3839	2179 	700 	3537 
2559	768	3839	2447 	689 	3537 
2815	768	3839	2728 	678 	3537 
3071	768	3839	2995 	663 	3537 
3327	768	3839	3281 	651 	3537 
3583	768	3839	3543 	632 	3537 
3839	768	3839	3806 	611 	3537 
4095	768	3839	4067 	590 	3537 
0	1024	3839	0 	960 	3538 
256	1024	3839	0 	960 	3538 
512	1024	3839	0 	960 	3538 
768	1024	3839	418 	958 	3538 
1024	1024	3839	799 	958 	3538 
1280	1024	3839	1094 	955 	3538 
1536	1024	3839	1380 	950 	3538 
1792	1024	3839	1644 	945 	3537 
2048	1024	3839	1916 	940 	3537 
2303	1024	3839	2166 	935 	3537 
2559	1024	3839	2436 	928 	3537 
2815	1024	3839	2718 	920 	3537 
3071	1024	3839	2986 	909 	3537 
3327	1024	3839	3274 	899 	3537 
3583	1024	3839	3536 	888 	3537 
3839	1024	3839	3799 	874 	3537 
4095	1024	3839	4061 	863 	3537 
0	1280	3839	0 	1180 	3538 
256	1280	3839	0 	1180 	3538 
512	1280	3839	0 	1178 	3537 
768	1280	3839	273 	1178 	3537 
1024	1280	3839	741 	1176 	3537 
1280	1280	3839	1055 	1174 	3537 
1536	1280	3839	1351 	1172 	3537 
1792	1280	3839	1621 	1168 	3537 
2048	1280	3839	1897 	1162 	3537 
2303	1280	3839	2148 	1159 	3537 
2559	1280	3839	2421 	1153 	3537 
2815	1280	3839	2704 	1147 	3537 
3071	1280	3839	2973 	1141 	3537 
3327	1280	3839	3263 	1133 	3537 
3583	1280	3839	3526 	1125 	3537 
3839	1280	3839	3790 	1114 	3537 
4095	1280	3839	4053 	1104 	3537 
0	1536	3839	0 	1413 	3537 
256	1536	3839	0 	1413 	3537 
512	1536	3839	0 	1413 	3537 
768	1536	3839	0 	1412 	3537 
1024	1536	3839	659 	1410 	3537 
1280	1536	3839	1003 	1409 	3537 
1536	1536	3839	1312 	1407 	3537 
1792	1536	3839	1590 	1404 	3537 
2048	1536	3839	1871 	1401 	3537 
2303	1536	3839	2127 	1398 	3537 
2559	1536	3839	2402 	1391 	3537 
2815	1536	3839	2687 	1388 	3537 
3071	1536	3839	2958 	1382 	3537 
3327	1536	3839	3249 	1375 	3537 
3583	1536	3839	3514 	1369 	3537 
3839	1536	3839	3779 	1362 	3537 
4095	1536	3839	4042 	1352 	3537 
0	1792	3839	0 	1639 	3537 
256	1792	3839	0 	1639 	3537 
512	1792	3839	0 	1639 	3537 
768	1792	3839	0 	1638 	3537 
1024	1792	3839	545 	1637 	3537 
1280	1792	3839	938 	1635 	3537 
1536	1792	3839	1263 	1633 	3537 
1792	1792	3839	1552 	1631 	3537 
2048	1792	3839	1840 	1627 	3537 
2303	1792	3839	2099 	1625 	3537 
2559	1792	3839	2378 	1621 	3537 
2815	1792	3839	2667 	1617 	3537 
3071	1792	3839	2939 	1611 	3537 
3327	1792	3839	3232 	1607 	3537 
3583	1792	3839	3498 	1601 	3537 
3839	1792	3839	3764 	1594 	3537 
4095	1792	3839	4029 	1587 	3537 
0	2048	3839	0 	1877 	3537 
256	2048	3839	0 	1877 	3537 
512	2048	3839	0 	1876 	3537 
768	2048	3839	0 	1876 	3537 
1024	2048	3839	346 	1875 	3537 
1280	2048	3839	852 	1874 	3537 
1536	2048	3839	1205 	1873 	3537 
1792	2048	3839	1504 	1871 	3537 
2048	2048	3839	1801 	1868 	3537 
2303	2048	3839	2067 	1865 	3537 
2559	2048	3839	2349 	1862 	3537 
2815	2048	3839	2640 	1858 	3537 
3071	2048	3839	2917 	1855 	3537 
3327	2048	3839	3212 	1850 	3537 
3583	2048	3839	3481 	1845 	3537 
3839	2048	3839	3747 	1840 	3537 
4095	2048	3839	4014 	1834 	3536 
0	2303	3839	0 	2097 	3537 
256	2303	3839	0 	2097 	3537 
512	2303	3839	0 	2097 	3537 
768	2303	3839	0 	2097 	3537 
1024	2303	3839	0 	2096 	3537 
1280	2303	3839	737 	2095 	3537 
1536	2303	3839	1129 	2093 	3537 
1792	2303	3839	1449 	2091 	3537 
2048	2303	3839	1756 	2089 	3537 
2303	2303	3839	2028 	2086 	3537 
2559	2303	3839	2316 	2084 	3537 
2815	2303	3839	2611 	2080 	3537 
3071	2303	3839	2890 	2077 	3537 
3327	2303	3839	3188 	2073 	3537 
3583	2303	3839	3459 	2069 	3536 
3839	2303	3839	3728 	2064 	3536 
4095	2303	3839	3996 	2059 	3536 
0	2559	3839	0 	2341 	3537 
256	2559	3839	0 	2341 	3537 
512	2559	3839	0 	2341 	3537 
768	2559	3839	0 	2340 	3537 
1024	2559	3839	0 	2339 	3537 
1280	2559	3839	576 	2338 	3537 
1536	2559	3839	1037 	2337 	3537 
1792	2559	3839	1381 	2336 	3537 
2048	2559	3839	1701 	2334 	3537 
2303	2559	3839	1983 	2332 	3537 
2559	2559	3839	2277 	2329 	3537 
2815	2559	3839	2576 	2327 	3536 
3071	2559	3839	2860 	2323 	3536 
3327	2559	3839	3161 	2320 	3536 
3583	2559	3839	3434 	2316 	3536 
3839	2559	3839	3705 	2312 	3536 
4095	2559	3839	3975 	2307 	3536 
0	2815	3839	0 	2598 	3537 
256	2815	3839	0 	2598 	3537 
512	2815	3839	0 	2598 	3537 
768	2815	3839	0 	2597 	3537 
1024	2815	3839	0 	2596 	3537 
1280	2815	3839	267 	2595 	3537 
1536	2815	3839	918 	2594 	3536 
1792	2815	3839	1300 	2593 	3536 
2048	2815	3839	1638 	2591 	3536 
2303	2815	3839	1929 	2589 	3536 
2559	2815	3839	2232 	2587 	3536 
2815	2815	3839	2538 	2585 	3536 
3071	2815	3839	2825 	2582 	3536 
3327	2815	3839	3130 	2579 	3536 
3583	2815	3839	3406 	2576 	3536 
3839	2815	3839	3680 	2572 	3536 
4095	2815	3839	3951 	2568 	3536 
0	3071	3839	0 	2842 	3536 
256	3071	3839	0 	2842 	3536 
512	3071	3839	0 	2842 	3536 
768	3071	3839	0 	2842 	3536 
1024	3071	3839	0 	2841 	3536 
1280	3071	3839	0 	2840 	3536 
1536	3071	3839	766 	2839 	3536 
1792	3071	3839	1203 	2838 	3536 
2048	3071	3839	1562 	2837 	3536 
2303	3071	3839	1868 	2835 	3536 
2559	3071	3839	2180 	2832 	3536 
2815	3071	3839	2492 	2831 	3536 
3071	3071	3839	2785 	2828 	3536 
3327	3071	3839	3095 	2825 	3536 
3583	3071	3839	3374 	2822 	3536 
3839	3071	3839	3651 	2819 	3536 
4095	3071	3839	3925 	2815 	3536 
0	3327	3839	0 	3111 	3536 
256	3327	3839	0 	3110 	3536 
512	3327	3839	0 	3110 	3536 
768	3327	3839	0 	3109 	3536 
1024	3327	3839	0 	3109 	3536 
1280	3327	3839	0 	3108 	3536 
1536	3327	3839	535 	3108 	3536 
1792	3327	3839	1080 	3106 	3536 
2048	3327	3839	1476 	3105 	3536 
2303	3327	3839	1800 	3104 	3536 
2559	3327	3839	2120 	3102 	3536 
2815	3327	3839	2442 	3100 	3536 
3071	3327	3839	2741 	3097 	3536 
3327	3327	3839	3056 	3095 	3536 
3583	3327	3839	3339 	3092 	3536 
3839	3327	3839	3618 	3089 	3536 
4095	3327	3839	3895 	3086 	3536 
0	3583	3839	0 	3352 	3536 
256	3583	3839	0 	3352 	3536 
512	3583	3839	0 	3352 	3536 
768	3583	3839	0 	3352 	3536 
1024	3583	3839	0 	3351 	3536 
1280	3583	3839	0 	3351 	3536 
1536	3583	3839	0 	3350 	3536 
1792	3583	3839	930 	3349 	3536 
2048	3583	3839	1373 	3347 	3536 
2303	3583	3839	1719 	3346 	3536 
2559	3583	3839	2054 	3344 	3536 
2815	3583	3839	2385 	3342 	3536 
3071	3583	3839	2691 	3340 	3536 
3327	3583	3839	3013 	3338 	3536 
3583	3583	3839	3300 	3336 	3536 
3839	3583	3839	3583 	3333 	3536 
4095	3583	3839	3862 	3330 	3536 
0	3839	3839	0 	3594 	3536 
256	3839	3839	0 	3594 	3536 
512	3839	3839	0 	3594 	3536 
768	3839	3839	0 	3594 	3536 
1024	3839	3839	0 	3593 	3536 
1280	3839	3839	0 	3593 	3536 
1536	3839	3839	0 	3592 	3536 
1792	3839	3839	724 	3591 	3536 
2048	3839	3839	1250 	3590 	3536 
2303	3839	3839	1628 	3588 	3536 
2559	3839	3839	1979 	3587 	3536 
2815	3839	3839	2321 	3585 	3536 
3071	3839	3839	2635 	3584 	3536 
3327	3839	3839	2964 	3581 	3536 
3583	3839	3839	3257 	3579 	3535 
3839	3839	3839	3543 	3577 	3535 
4095	3839	3839	3826 	3574 	3535 
0	4095	3839	0 	3837 	3536 
256	4095	3839	0 	3837 	3536 
512	4095	3839	0 	3837 	3536 
768	4095	3839	0 	3836 	3536 
1024	4095	3839	0 	3836 	3536 
1280	4095	3839	0 	3835 	3536 
1536	4095	3839	0 	3835 	3536 
1792	4095	3839	376 	3834 	3536 
2048	4095	3839	1101 	3832 	3535 
2303	4095	3839	1520 	3831 	3535 
2559	4095	3839	1894 	3830 	3535 
2815	4095	3839	2251 	3829 	3535 
3071	4095	3839	2574 	3827 	3535 
3327	4095	3839	2911 	3825 	3535 
3583	4095	3839	3209 	3823 	3535 
3839	4095	3839	3501 	3820 	3535 
4095	4095	3839	3787 	3818 	3535 
0	0	4095	0 	309 	3778 
256	0	4095	0 	309 	3778 
512	0	4095	0 	299 	3778 
768	0	4095	535 	299 	3778 
1024	0	4095	863 	289 	3778 
1280	0	4095	1139 	268 	3778 
1536	0	4095	1413 	256 	3778 
1792	0	4095	1672 	244 	3778 
2048	0	4095	1941 	203 	3777 
2303	0	4095	2187 	147 	3777 
2559	0	4095	2454 	89 	3777 
2815	0	4095	2734 	0 	3777 
3071	0	4095	3000 	0 	3777 
3327	0	4095	3286 	0 	3777 
3583	0	4095	3548 	0 	3777 
3839	0	4095	3809 	0 	3777 
4095	0	4095	4071 	0 	3777 
0	256	4095	0 	369 	3778 
256	256	4095	0 	369 	3778 
512	256	4095	0 	369 	3778 
768	256	4095	530 	361 	3778 
1024	256	4095	858 	361 	3778 
1280	256	4095	1135 	353 	3778 
1536	256	4095	1412 	336 	3778 
1792	256	4095	1670 	318 	3778 
2048	256	4095	1938 	299 	3777 
2303	256	4095	2186 	279 	3777 
2559	256	4095	2453 	244 	3777 
2815	256	4095	2733 	203 	3777 
3071	256	4095	3000 	122 	3777 
3327	256	4095	3285 	0 	3777 
3583	256	4095	3547 	0 	3777 
3839	256	4095	3809 	0 	3777 
4095	256	4095	4070 	0 	3777 
0	512	4095	0 	543 	3778 
256	512	4095	0 	543 	3778 
512	512	4095	0 	538 	3778 
768	512	4095	505 	538 	3778 
1024	512	4095	846 	533 	3778 
1280	512	4095	1127 	528 	3778 
1536	512	4095	1404 	518 	3778 
1792	512	4095	1664 	507 	3778 
2048	512	4095	1933 	502 	3777 
2303	512	4095	2181 	486 	3777 
2559	512	4095	2449 	474 	3777 
2815	512	4095	2728 	451 	3777 
3071	512	4095	2996 	432 	3777 
3327	512	4095	3282 	398 	3777 
3583	512	4095	3545 	369 	3777 
3839	512	4095	3806 	336 	3777 
4095	512	4095	4069 	289 	3777 
0	768	4095	0 	741 	3778 
256	768	4095	0 	741 	3778 
512	768	4095	0 	741 	3778 
768	768	4095	461 	741 	3778 
1024	768	4095	817 	738 	3778 
1280	768	4095	1106 	734 	3778 
1536	768	4095	1390 	728 	3777 
1792	768	4095	1652 	721 	3777 
2048	768	4095	1923 	717 	3777 
2303	768	4095	2172 	707 	3777 
2559	768	4095	2442 	696 	3777 
2815	768	4095	2722 	685 	3777 
3071	768	4095	2990 	674 	3777 
3327	768	4095	3277 	655 	3777 
3583	768	4095	3540 	640 	3777 
3839	768	4095	3802 	624 	3777 
4095	768	4095	4064 	603 	3777 
0	1024	4095	0 	965 	3778 
256	1024	4095	0 	965 	3778 
512	1024	4095	0 	965 	3778 
768	1024	4095	370 	963 	3777 
1024	1024	4095	777 	960 	3777 
1280	1024	4095	1079 	958 	3777 
1536	1024	4095	1369 	955 	3777 
1792	1024	4095	1635 	950 	3777 
2048	1024	4095	1909 	945 	3777 
2303	1024	4095	2160 	940 	3777 
2559	1024	4095	2431 	933 	3777 
2815	1024	4095	2713 	925 	3777 
3071	1024	4095	2981 	915 	3777 
3327	1024	4095	3269 	904 	3777 
3583	1024	4095	3533 	893 	3777 
3839	1024	4095	3795 	880 	3777 
4095	1024	4095	4058 	866 	3777 
0	1280	4095	0 	1184 	3777 
256	1280	4095	0 	1184 	3777 
512	1280	4095	0 	1184 	3777 
768	1280	4095	198 	1182 	3777 
1024	1280	4095	721 	1180 	3777 
1280	1280	4095	1042 	1178 	3777 
1536	1280	4095	1339 	1174 	3777 
1792	1280	4095	1611 	1172 	3777 
2048	1280	4095	1889 	1166 	3777 
2303	1280	4095	2143 	1162 	3777 
2559	1280	4095	2415 	1157 	3777 
2815	1280	4095	2699 	1151 	3777 
3071	1280	4095	2969 	1143 	3777 
3327	1280	4095	3259 	1137 	3777 
3583	1280	4095	3523 	1129 	3777 
3839	1280	4095	3786 	1116 	3777 
4095	1280	4095	4050 	1106 	3777 
0	1536	4095	0 	1418 	3777 
256	1536	4095	0 	1416 	3777 
512	1536	4095	0 	1416 	3777 
768	1536	4095	0 	1415 	3777 
1024	1536	4095	632 	1413 	3777 
1280	1536	4095	987 	1412 	3777 
1536	1536	4095	1302 	1409 	3777 
1792	1536	4095	1580 	1407 	3777 
2048	1536	4095	1863 	1404 	3777 
2303	1536	4095	2120 	1399 	3777 
2559	1536	4095	2396 	1396 	3777 
2815	1536	4095	2682 	1390 	3777 
3071	1536	4095	2954 	1385 	3777 
3327	1536	4095	3245 	1378 	3777 
3583	1536	4095	3510 	1370 	3777 
3839	1536	4095	3775 	1364 	3777 
4095	1536	4095	4039 	1356 	3777 
0	1792	4095	0 	1640 	3777 
256	1792	4095	0 	1640 	3777 
512	1792	4095	0 	1640 	3777 
768	1792	4095	0 	1640 	3777 
1024	1792	4095	510 	1639 	3777 
1280	1792	4095	921 	1638 	3777 
1536	1792	4095	1251 	1635 	3777 
1792	1792	4095	1543 	1633 	3777 
2048	1792	4095	1832 	1630 	3777 
2303	1792	4095	2092 	1627 	3777 
2559	1792	4095	2372 	1623 	3777 
2815	1792	4095	2661 	1619 	3777 
3071	1792	4095	2935 	1615 	3777 
3327	1792	4095	3228 	1609 	3777 
3583	1792	4095	3494 	1603 	3777 
3839	1792	4095	3761 	1598 	3777 
4095	1792	4095	4026 	1591 	3777 
0	2048	4095	0 	1880 	3777 
256	2048	4095	0 	1880 	3777 
512	2048	4095	0 	1880 	3777 
768	2048	4095	0 	1879 	3777 
1024	2048	4095	284 	1877 	3777 
1280	2048	4095	832 	1876 	3777 
1536	2048	4095	1191 	1875 	3777 
1792	2048	4095	1494 	1873 	3777 
2048	2048	4095	1793 	1869 	3777 
2303	2048	4095	2060 	1868 	3777 
2559	2048	4095	2343 	1864 	3777 
2815	2048	4095	2635 	1862 	3777 
3071	2048	4095	2913 	1856 	3777 
3327	2048	4095	3208 	1852 	3777 
3583	2048	4095	3477 	1848 	3777 
3839	2048	4095	3744 	1842 	3777 
4095	2048	4095	4010 	1836 	3777 
0	2303	4095	0 	2099 	3777 
256	2303	4095	0 	2099 	3777 
512	2303	4095	0 	2099 	3777 
768	2303	4095	0 	2098 	3777 
1024	2303	4095	0 	2097 	3777 
1280	2303	4095	713 	2097 	3777 
1536	2303	4095	1116 	2095 	3777 
1792	2303	4095	1439 	2093 	3777 
2048	2303	4095	1747 	2091 	3777 
2303	2303	4095	2020 	2089 	3777 
2559	2303	4095	2310 	2085 	3777 
2815	2303	4095	2606 	2083 	3777 
3071	2303	4095	2885 	2079 	3777 
3327	2303	4095	3184 	2075 	3777 
3583	2303	4095	3455 	2071 	3777 
3839	2303	4095	3724 	2067 	3777 
4095	2303	4095	3992 	2061 	3777 
0	2559	4095	0 	2343 	3777 
256	2559	4095	0 	2343 	3777 
512	2559	4095	0 	2343 	3777 
768	2559	4095	0 	2342 	3777 
1024	2559	4095	0 	2341 	3777 
1280	2559	4095	544 	2340 	3777 
1536	2559	4095	1022 	2338 	3777 
1792	2559	4095	1370 	2337 	3777 
2048	2559	4095	1692 	2336 	3777 
2303	2559	4095	1975 	2333 	3777 
2559	2559	4095	2270 	2331 	3777 
2815	2559	4095	2571 	2328 	3777 
3071	2559	4095	2855 	2325 	3777 
3327	2559	4095	3157 	2321 	3777 
3583	2559	4095	3430 	2317 	3777 
3839	2559	4095	3702 	2313 	3777 
4095	2559	4095	3972 	2309 	3777 
0	2815	4095	0 	2599 	3777 
256	2815	4095	0 	2599 	3777 
512	2815	4095	0 	2598 	3777 
768	2815	4095	0 	2598 	3777 
1024	2815	4095	0 	2598 	3777 
1280	2815	4095	177 	2597 	3777 
1536	2815	4095	900 	2595 	3777 
1792	2815	4095	1288 	2594 	3777 
2048	2815	4095	1629 	2593 	3777 
2303	2815	4095	1922 	2591 	3777 
2559	2815	4095	2225 	2589 	3777 
2815	2815	4095	2532 	2586 	3777 
3071	2815	4095	2820 	2583 	3777 
3327	2815	4095	3127 	2580 	3777 
3583	2815	4095	3402 	2576 	3776 
3839	2815	4095	3676 	2573 	3776 
4095	2815	4095	3948 	2569 	3776 
0	3071	4095	0 	2843 	3777 
256	3071	4095	0 	2843 	3777 
512	3071	4095	0 	2843 	3777 
768	3071	4095	0 	2843 	3777 
1024	3071	4095	0 	2842 	3777 
1280	3071	4095	0 	2842 	3777 
1536	3071	4095	743 	2840 	3777 
1792	3071	4095	1190 	2839 	3777 
2048	3071	4095	1552 	2838 	3777 
2303	3071	4095	1862 	2836 	3777 
2559	3071	4095	2173 	2835 	3777 
2815	3071	4095	2487 	2832 	3776 
3071	3071	4095	2780 	2830 	3776 
3327	3071	4095	3091 	2827 	3776 
3583	3071	4095	3371 	2823 	3776 
3839	3071	4095	3647 	2820 	3776 
4095	3071	4095	3922 	2817 	3776 
0	3327	4095	0 	3111 	3777 
256	3327	4095	0 	3111 	3777 
512	3327	4095	0 	3111 	3777 
768	3327	4095	0 	3111 	3776 
1024	3327	4095	0 	3111 	3776 
1280	3327	4095	0 	3109 	3776 
1536	3327	4095	501 	3109 	3776 
1792	3327	4095	1068 	3108 	3776 
2048	3327	4095	1466 	3106 	3776 
2303	3327	4095	1791 	3104 	3776 
2559	3327	4095	2114 	3103 	3776 
2815	3327	4095	2437 	3101 	3776 
3071	3327	4095	2736 	3099 	3776 
3327	3327	4095	3052 	3096 	3776 
3583	3327	4095	3335 	3093 	3775 
3839	3327	4095	3615 	3090 	3775 
4095	3327	4095	3892 	3087 	3775 
0	3583	4095	0 	3353 	3776 
256	3583	4095	0 	3353 	3776 
512	3583	4095	0 	3353 	3776 
768	3583	4095	0 	3353 	3776 
1024	3583	4095	0 	3352 	3776 
1280	3583	4095	0 	3352 	3776 
1536	3583	4095	0 	3351 	3776 
1792	3583	4095	913 	3350 	3776 
2048	3583	4095	1362 	3348 	3776 
2303	3583	4095	1710 	3347 	3776 
2559	3583	4095	2047 	3345 	3775 
2815	3583	4095	2379 	3344 	3775 
3071	3583	4095	2686 	3341 	3775 
3327	3583	4095	3008 	3339 	3775 
3583	3583	4095	3296 	3336 	3775 
3839	3583	4095	3579 	3334 	3775 
4095	3583	4095	3859 	3331 	3775 
0	3839	4095	0 	3595 	3775 
256	3839	4095	0 	3595 	3775 
512	3839	4095	0 	3595 	3775 
768	3839	4095	0 	3595 	3775 
1024	3839	4095	0 	3594 	3775 
1280	3839	4095	0 	3594 	3775 
1536	3839	4095	0 	3593 	3775 
1792	3839	4095	701 	3592 	3775 
2048	3839	4095	1239 	3591 	3775 
2303	3839	4095	1618 	3590 	3775 
2559	3839	4095	1971 	3588 	3775 
2815	3839	4095	2315 	3586 	3775 
3071	3839	4095	2630 	3584 	3775 
3327	3839	4095	2960 	3583 	3775 
3583	3839	4095	3253 	3580 	3775 
3839	3839	4095	3540 	3577 	3775 
4095	3839	4095	3823 	3574 	3775 
0	4095	4095	0 	3838 	3775 
256	4095	4095	0 	3838 	3775 
512	4095	4095	0 	3838 	3775 
768	4095	4095	0 	3837 	3775 
1024	4095	4095	0 	3837 	3775 
1280	4095	4095	0 	3836 	3775 
1536	4095	4095	0 	3835 	3775 
1792	4095	4095	325 	3835 	3775 
2048	4095	4095	1087 	3834 	3775 
2303	4095	4095	1511 	3832 	3775 
2559	4095	4095	1886 	3831 	3775 
2815	4095	4095	2244 	3829 	3775 
3071	4095	4095	2568 	3828 	3775 
3327	4095	4095	2906 	3826 	3775 
3583	4095	4095	3205 	3824 	3775 
3839	4095	4095	3497 	3821 	3774 
4095	4095	4095	3783 	3819 	3774 