0	0	0	0 	0 	0 
256	0	0	244 	0 	0 
512	0	0	497 	0 	0 
768	0	0	741 	0 	0 
1024	0	0	994 	0 	0 
1280	0	0	1236 	0 	0 
1536	0	0	1492 	0 	0 
1792	0	0	1736 	0 	0 
2048	0	0	1994 	0 	0 
2303	0	0	2235 	0 	0 
2559	0	0	2497 	0 	0 
2815	0	0	2772 	0 	0 
3071	0	0	3034 	0 	0 
3327	0	0	3316 	0 	0 
3583	0	0	3576 	0 	0 
3839	0	0	3835 	0 	0 
4095	0	0	4095 	0 	0 
0	256	0	0 	231 	0 
256	256	0	231 	231 	0 
512	256	0	491 	231 	0 
768	256	0	738 	218 	0 
1024	256	0	992 	203 	0 
1280	256	0	1232 	186 	0 
1536	256	0	1491 	147 	0 
1792	256	0	1736 	122 	0 
2048	256	0	1994 	0 	0 
2303	256	0	2233 	0 	0 
2559	256	0	2496 	0 	0 
2815	256	0	2770 	0 	0 
3071	256	0	3034 	0 	0 
3327	256	0	3316 	0 	0 
3583	256	0	3575 	0 	0 
3839	256	0	3835 	0 	0 
4095	256	0	4095 	0 	0 
0	512	0	0 	463 	0 
256	512	0	147 	463 	0 
512	512	0	463 	457 	0 
768	512	0	721 	457 	0 
1024	512	0	980 	451 	0 
1280	512	0	1225 	444 	0 
1536	512	0	1483 	438 	0 
1792	512	0	1730 	425 	0 
2048	512	0	1989 	412 	0 
2303	512	0	2229 	391 	0 
2559	512	0	2492 	376 	0 
2815	512	0	2767 	345 	0 
3071	512	0	3030 	318 	0 
3327	512	0	3313 	279 	0 
3583	512	0	3572 	231 	0 
3839	512	0	3832 	147 	0 
4095	512	0	4092 	0 	0 
0	768	0	0 	689 	0 
256	768	0	0 	689 	0 
512	768	0	412 	685 	0 
768	768	0	689 	685 	0 
1024	768	0	958 	685 	0 
1280	768	0	1208 	678 	0 
1536	768	0	1468 	674 	0 
1792	768	0	1719 	667 	0 
2048	768	0	1979 	659 	0 
2303	768	0	2221 	648 	0 
2559	768	0	2485 	640 	0 
2815	768	0	2760 	624 	0 
3071	768	0	3025 	611 	0 
3327	768	0	3308 	594 	0 
3583	768	0	3568 	577 	0 
3839	768	0	3828 	559 	0 
4095	768	0	4089 	530 	0 
0	1024	0	0 	925 	0 
256	1024	0	0 	925 	0 
512	1024	0	299 	925 	0 
768	1024	0	640 	922 	0 
1024	1024	0	928 	920 	0 
1280	1024	0	1184 	917 	0 
1536	1024	0	1450 	912 	0 
1792	1024	0	1702 	909 	0 
2048	1024	0	1965 	904 	0 
2303	1024	0	2209 	899 	0 
2559	1024	0	2474 	888 	0 
2815	1024	0	2751 	882 	0 
3071	1024	0	3016 	869 	0 
3327	1024	0	3300 	860 	0 
3583	1024	0	3560 	849 	0 
3839	1024	0	3821 	835 	0 
4095	1024	0	4082 	820 	0 
0	1280	0	0 	1151 	0 
256	1280	0	0 	1149 	0 
512	1280	0	0 	1149 	0 
768	1280	0	563 	1147 	0 
1024	1280	0	880 	1145 	0 
1280	1280	0	1151 	1143 	0 
1536	1280	0	1423 	1141 	0 
1792	1280	0	1679 	1137 	0 
2048	1280	0	1946 	1133 	0 
2303	1280	0	2192 	1129 	0 
2559	1280	0	2459 	1120 	0 
2815	1280	0	2738 	1116 	0 
3071	1280	0	3004 	1108 	0 
3327	1280	0	3289 	1100 	0 
3583	1280	0	3551 	1091 	0 
3839	1280	0	3812 	1081 	0 
4095	1280	0	4074 	1070 	0 
0	1536	0	0 	1386 	0 
256	1536	0	0 	1386 	0 
512	1536	0	0 	1386 	0 
768	1536	0	449 	1386 	0 
1024	1536	0	814 	1385 	0 
1280	1536	0	1104 	1382 	0 
1536	1536	0	1386 	1378 	0 
1792	1536	0	1651 	1377 	0 
2048	1536	0	1922 	1373 	0 
2303	1536	0	2171 	1369 	0 
2559	1536	0	2441 	1365 	0 
2815	1536	0	2721 	1360 	0 
3071	1536	0	2990 	1354 	0 
3327	1536	0	3277 	1347 	0 
3583	1536	0	3539 	1341 	0 
3839	1536	0	3801 	1332 	0 
4095	1536	0	4063 	1324 	0 
0	1792	0	0 	1614 	0 
256	1792	0	0 	1614 	0 
512	1792	0	0 	1614 	0 
768	1792	0	226 	1613 	0 
1024	1792	0	724 	1611 	0 
1280	1792	0	1046 	1610 	0 
1536	1792	0	1342 	1607 	0 
1792	1792	0	1614 	1606 	0 
2048	1792	0	1891 	1602 	0 
2303	1792	0	2144 	1599 	0 
2559	1792	0	2417 	1595 	0 
2815	1792	0	2701 	1591 	0 
3071	1792	0	2971 	1586 	0 
3327	1792	0	3260 	1580 	0 
3583	1792	0	3524 	1575 	0 
3839	1792	0	3787 	1569 	0 
4095	1792	0	4051 	1562 	0 
0	2048	0	0 	1854 	0 
256	2048	0	0 	1854 	0 
512	2048	0	0 	1854 	0 
768	2048	0	0 	1852 	0 
1024	2048	0	603 	1851 	0 
1280	2048	0	970 	1850 	0 
1536	2048	0	1288 	1849 	0 
1792	2048	0	1570 	1847 	0 
2048	2048	0	1855 	1843 	0 
2303	2048	0	2113 	1841 	0 
2559	2048	0	2390 	1837 	0 
2815	2048	0	2676 	1834 	0 
3071	2048	0	2948 	1830 	0 
3327	2048	0	3240 	1825 	0 
3583	2048	0	3506 	1820 	0 
3839	2048	0	3771 	1815 	0 
4095	2048	0	4035 	1809 	0 
0	2303	0	0 	2073 	0 
256	2303	0	0 	2073 	0 
512	2303	0	0 	2073 	0 
768	2303	0	0 	2073 	0 
1024	2303	0	412 	2072 	0 
1280	2303	0	874 	2071 	0 
1536	2303	0	1220 	2069 	0 
1792	2303	0	1518 	2067 	0 
2048	2303	0	1811 	2065 	0 
2303	2303	0	2075 	2062 	0 
2559	2303	0	2357 	2060 	0 
2815	2303	0	2647 	2057 	0 
3071	2303	0	2922 	2053 	0 
3327	2303	0	3217 	2050 	0 
3583	2303	0	3485 	2045 	0 
3839	2303	0	3752 	2041 	0 
4095	2303	0	4018 	2036 	0 
0	2559	0	0 	2318 	0 
256	2559	0	0 	2318 	0 
512	2559	0	0 	2317 	0 
768	2559	0	0 	2317 	0 
1024	2559	0	0 	2316 	0 
1280	2559	0	747 	2314 	0 
1536	2559	0	1137 	2313 	0 
1792	2559	0	1454 	2312 	0 
2048	2559	0	1759 	2310 	0 
2303	2559	0	2031 	2308 	0 
2559	2559	0	2319 	2305 	0 
2815	2559	0	2614 	2303 	0 
3071	2559	0	2892 	2299 	0 
3327	2559	0	3190 	2296 	0 
3583	2559	0	3461 	2292 	0 
3839	2559	0	3730 	2287 	0 
4095	2559	0	3997 	2283 	0 
0	2815	0	0 	2574 	0 
256	2815	0	0 	2574 	0 
512	2815	0	0 	2574 	0 
768	2815	0	0 	2573 	0 
1024	2815	0	0 	2572 	0 
1280	2815	0	567 	2572 	0 
1536	2815	0	1033 	2571 	0 
1792	2815	0	1378 	2569 	0 
2048	2815	0	1698 	2567 	0 
2303	2815	0	1981 	2565 	0 
2559	2815	0	2275 	2563 	0 
2815	2815	0	2576 	2560 	0 
3071	2815	0	2859 	2558 	0 
3327	2815	0	3161 	2555 	0 
3583	2815	0	3433 	2551 	0 
3839	2815	0	3704 	2548 	0 
4095	2815	0	3974 	2544 	0 
0	3071	0	0 	2818 	0 
256	3071	0	0 	2818 	0 
512	3071	0	0 	2818 	0 
768	3071	0	0 	2818 	0 
1024	3071	0	0 	2817 	0 
1280	3071	0	177 	2816 	0 
1536	3071	0	900 	2815 	0 
1792	3071	0	1288 	2814 	0 
2048	3071	0	1627 	2812 	0 
2303	3071	0	1923 	2810 	0 
2559	3071	0	2225 	2809 	0 
2815	3071	0	2532 	2807 	0 
3071	3071	0	2820 	2804 	0 
3327	3071	0	3126 	2801 	0 
3583	3071	0	3403 	2798 	0 
3839	3071	0	3676 	2794 	0 
4095	3071	0	3948 	2791 	0 
0	3327	0	0 	3086 	0 
256	3327	0	0 	3086 	0 
512	3327	0	0 	3086 	0 
768	3327	0	0 	3086 	0 
1024	3327	0	0 	3085 	0 
1280	3327	0	0 	3084 	0 
1536	3327	0	727 	3083 	0 
1792	3327	0	1180 	3082 	0 
2048	3327	0	1547 	3081 	0 
2303	3327	0	1855 	3079 	0 
2559	3327	0	2169 	3077 	0 
2815	3327	0	2483 	3076 	0 
3071	3327	0	2776 	3073 	0 
3327	3327	0	3088 	3070 	0 
3583	3327	0	3367 	3068 	0 
3839	3327	0	3644 	3065 	0 
4095	3327	0	3919 	3061 	0 
0	3583	0	0 	3327 	0 
256	3583	0	0 	3327 	0 
512	3583	0	0 	3327 	0 
768	3583	0	0 	3327 	0 
1024	3583	0	0 	3326 	0 
1280	3583	0	0 	3325 	0 
1536	3583	0	441 	3325 	0 
1792	3583	0	1046 	3324 	0 
2048	3583	0	1451 	3322 	0 
2303	3583	0	1780 	3321 	0 
2559	3583	0	2104 	3319 	0 
2815	3583	0	2427 	3318 	0 
3071	3583	0	2728 	3315 	0 
3327	3583	0	3046 	3313 	0 
3583	3583	0	3329 	3311 	0 
3839	3583	0	3609 	3308 	0 
4095	3583	0	3887 	3305 	0 
0	3839	0	0 	3569 	0 
256	3839	0	0 	3569 	0 
512	3839	0	0 	3569 	0 
768	3839	0	0 	3568 	0 
1024	3839	0	0 	3568 	0 
1280	3839	0	0 	3567 	0 
1536	3839	0	0 	3566 	0 
1792	3839	0	874 	3566 	0 
2048	3839	0	1337 	3564 	0 
2303	3839	0	1692 	3563 	0 
2559	3839	0	2032 	3561 	0 
2815	3839	0	2366 	3560 	0 
3071	3839	0	2673 	3558 	0 
3327	3839	0	2998 	3555 	0 
3583	3839	0	3287 	3553 	0 
3839	3839	0	3571 	3551 	0 
4095	3839	0	3851 	3548 	0 
0	4095	0	0 	3811 	0 
256	4095	0	0 	3810 	0 
512	4095	0	0 	3810 	0 
768	4095	0	0 	3810 	0 
1024	4095	0	0 	3809 	0 
1280	4095	0	0 	3809 	0 
1536	4095	0	0 	3808 	0 
1792	4095	0	628 	3807 	0 
2048	4095	0	1201 	3806 	0 
2303	4095	0	1591 	3805 	0 
2559	4095	0	1950 	3803 	0 
2815	4095	0	2297 	3802 	0 
3071	4095	0	2614 	3800 	0 
3327	4095	0	2946 	3798 	0 
3583	4095	0	3240 	3796 	0 
3839	4095	0	3528 	3794 	0 
4095	4095	0	3813 	3791 	0 
0	0	256	0 	0 	218 
256	0	256	244 	0 	218 
512	0	256	497 	0 	218 
768	0	256	741 	0 	218 
1024	0	256	994 	0 	218 
1280	0	256	1236 	0 	218 
1536	0	256	1492 	0 	218 
1792	0	256	1736 	0 	218 
2048	0	256	1994 	0 	218 
2303	0	256	2234 	0 	218 
2559	0	256	2497 	0 	218 
2815	0	256	2772 	0 	203 
3071	0	256	3034 	0 	203 
3327	0	256	3316 	0 	203 
3583	0	256	3576 	0 	203 
3839	0	256	3835 	0 	203 
4095	0	256	4095 	0 	203 
0	256	256	0 	231 	218 
256	256	256	231 	231 	218 
512	256	256	491 	231 	218 
768	256	256	738 	218 	218 
1024	256	256	992 	203 	218 
1280	256	256	1232 	186 	218 
1536	256	256	1489 	147 	218 
1792	256	256	1736 	122 	218 
2048	256	256	1994 	0 	218 
2303	256	256	2233 	0 	218 
2559	256	256	2496 	0 	218 
2815	256	256	2770 	0 	203 
3071	256	256	3034 	0 	203 
3327	256	256	3316 	0 	203 
3583	256	256	3575 	0 	203 
3839	256	256	3835 	0 	203 
4095	256	256	4095 	0 	203 
0	512	256	0 	463 	218 
256	512	256	147 	463 	218 
512	512	256	463 	463 	218 
768	512	256	721 	457 	218 
1024	512	256	980 	451 	218 
1280	512	256	1225 	444 	218 
1536	512	256	1483 	438 	218 
1792	512	256	1730 	425 	218 
2048	512	256	1989 	412 	218 
2303	512	256	2229 	391 	218 
2559	512	256	2492 	376 	218 
2815	512	256	2767 	345 	203 
3071	512	256	3030 	318 	203 
3327	512	256	3313 	279 	203 
3583	512	256	3572 	231 	203 
3839	512	256	3832 	147 	203 
4095	512	256	4092 	0 	203 
0	768	256	0 	689 	218 
256	768	256	0 	689 	218 
512	768	256	412 	685 	218 
768	768	256	689 	685 	218 
1024	768	256	958 	685 	218 
1280	768	256	1208 	678 	218 
1536	768	256	1468 	674 	218 
1792	768	256	1719 	667 	218 
2048	768	256	1979 	659 	218 
2303	768	256	2221 	648 	218 
2559	768	256	2485 	640 	203 
2815	768	256	2760 	624 	203 
3071	768	256	3025 	611 	203 
3327	768	256	3308 	594 	203 
3583	768	256	3568 	577 	203 
3839	768	256	3828 	559 	203 
4095	768	256	4089 	530 	203 
0	1024	256	0 	925 	218 
256	1024	256	0 	925 	218 
512	1024	256	299 	925 	218 
768	1024	256	640 	922 	218 
1024	1024	256	928 	920 	218 
1280	1024	256	1184 	917 	218 
1536	1024	256	1450 	912 	218 
1792	1024	256	1702 	909 	218 
2048	1024	256	1965 	904 	218 
2303	1024	256	2208 	899 	203 
2559	1024	256	2474 	888 	203 
2815	1024	256	2751 	882 	203 
3071	1024	256	3016 	869 	203 
3327	1024	256	3300 	860 	203 
3583	1024	256	3560 	849 	203 
3839	1024	256	3821 	835 	203 
4095	1024	256	4082 	820 	186 
0	1280	256	0 	1151 	218 
256	1280	256	0 	1149 	218 
512	1280	256	0 	1149 	218 
768	1280	256	563 	1147 	218 
1024	1280	256	880 	1145 	218 
1280	1280	256	1151 	1143 	218 
1536	1280	256	1423 	1141 	218 
1792	1280	256	1679 	1137 	203 
2048	1280	256	1946 	1133 	203 
2303	1280	256	2191 	1129 	203 
2559	1280	256	2459 	1120 	203 
2815	1280	256	2738 	1116 	203 
3071	1280	256	3004 	1108 	203 
3327	1280	256	3289 	1100 	203 
3583	1280	256	3551 	1091 	203 
3839	1280	256	3812 	1081 	186 
4095	1280	256	4074 	1070 	186 
0	1536	256	0 	1386 	218 
256	1536	256	0 	1386 	218 
512	1536	256	0 	1386 	203 
768	1536	256	449 	1386 	203 
1024	1536	256	814 	1385 	203 
1280	1536	256	1104 	1382 	203 
1536	1536	256	1386 	1378 	203 
1792	1536	256	1651 	1377 	203 
2048	1536	256	1921 	1373 	203 
2303	1536	256	2171 	1369 	203 
2559	1536	256	2441 	1365 	203 
2815	1536	256	2721 	1360 	203 
3071	1536	256	2989 	1354 	203 
3327	1536	256	3276 	1347 	203 
3583	1536	256	3539 	1341 	186 
3839	1536	256	3801 	1332 	186 
4095	1536	256	4063 	1324 	186 
0	1792	256	0 	1614 	203 
256	1792	256	0 	1614 	203 
512	1792	256	0 	1614 	203 
768	1792	256	226 	1613 	203 
1024	1792	256	724 	1611 	203 
1280	1792	256	1046 	1610 	203 
1536	1792	256	1342 	1607 	203 
1792	1792	256	1614 	1606 	203 
2048	1792	256	1891 	1602 	203 
2303	1792	256	2144 	1599 	203 
2559	1792	256	2417 	1595 	203 
2815	1792	256	2701 	1591 	203 
3071	1792	256	2971 	1586 	203 
3327	1792	256	3260 	1581 	186 
3583	1792	256	3524 	1575 	186 
3839	1792	256	3787 	1569 	186 
4095	1792	256	4051 	1562 	186 
0	2048	256	0 	1854 	203 
256	2048	256	0 	1854 	203 
512	2048	256	0 	1854 	203 
768	2048	256	0 	1852 	203 
1024	2048	256	603 	1851 	203 
1280	2048	256	970 	1850 	203 
1536	2048	256	1288 	1849 	203 
1792	2048	256	1570 	1847 	203 
2048	2048	256	1855 	1843 	203 
2303	2048	256	2112 	1841 	203 
2559	2048	256	2390 	1837 	186 
2815	2048	256	2676 	1834 	186 
3071	2048	256	2948 	1830 	186 
3327	2048	256	3240 	1825 	186 
3583	2048	256	3506 	1820 	186 
3839	2048	256	3771 	1815 	186 
4095	2048	256	4035 	1809 	186 
0	2303	256	0 	2073 	203 
256	2303	256	0 	2073 	203 
512	2303	256	0 	2073 	203 
768	2303	256	0 	2073 	203 
1024	2303	256	412 	2072 	203 
1280	2303	256	874 	2071 	203 
1536	2303	256	1220 	2069 	186 
1792	2303	256	1517 	2067 	186 
2048	2303	256	1811 	2065 	186 
2303	2303	256	2075 	2063 	186 
2559	2303	256	2357 	2060 	186 
2815	2303	256	2647 	2057 	186 
3071	2303	256	2922 	2053 	186 
3327	2303	256	3217 	2050 	186 
3583	2303	256	3484 	2046 	186 
3839	2303	256	3752 	2041 	168 
4095	2303	256	4018 	2036 	168 
0	2559	256	0 	2318 	186 
256	2559	256	0 	2318 	186 
512	2559	256	0 	2317 	186 
768	2559	256	0 	2317 	186 
1024	2559	256	0 	2316 	186 
1280	2559	256	747 	2314 	186 
1536	2559	256	1137 	2313 	186 
1792	2559	256	1454 	2312 	186 
2048	2559	256	1759 	2310 	186 
2303	2559	256	2031 	2308 	186 
2559	2559	256	2318 	2305 	186 
2815	2559	256	2613 	2303 	186 
3071	2559	256	2892 	2299 	186 
3327	2559	256	3190 	2296 	168 
3583	2559	256	3461 	2292 	168 
3839	2559	256	3730 	2287 	168 
4095	2559	256	3997 	2283 	168 
0	2815	256	0 	2574 	186 
256	2815	256	0 	2574 	186 
512	2815	256	0 	2574 	186 
768	2815	256	0 	2573 	186 
1024	2815	256	0 	2572 	186 
1280	2815	256	567 	2572 	186 
1536	2815	256	1033 	2571 	186 
1792	2815	256	1378 	2569 	186 
2048	2815	256	1698 	2567 	186 
2303	2815	256	1981 	2566 	168 
2559	2815	256	2275 	2563 	168 
2815	2815	256	2575 	2560 	168 
3071	2815	256	2859 	2558 	168 
3327	2815	256	3161 	2555 	168 
3583	2815	256	3433 	2552 	168 
3839	2815	256	3704 	2548 	168 
4095	2815	256	3974 	2544 	147 
0	3071	256	0 	2818 	168 
256	3071	256	0 	2818 	168 
512	3071	256	0 	2818 	168 
768	3071	256	0 	2818 	168 
1024	3071	256	0 	2817 	168 
1280	3071	256	177 	2816 	168 
1536	3071	256	900 	2815 	168 
1792	3071	256	1287 	2814 	168 
2048	3071	256	1627 	2812 	168 
2303	3071	256	1923 	2810 	168 
2559	3071	256	2225 	2809 	168 
2815	3071	256	2532 	2807 	168 
3071	3071	256	2820 	2804 	168 
3327	3071	256	3126 	2801 	147 
3583	3071	256	3403 	2798 	147 
3839	3071	256	3676 	2794 	147 
4095	3071	256	3948 	2791 	147 
0	3327	256	0 	3086 	168 
256	3327	256	0 	3086 	168 
512	3327	256	0 	3086 	168 
768	3327	256	0 	3086 	168 
1024	3327	256	0 	3085 	168 
1280	3327	256	0 	3084 	168 
1536	3327	256	727 	3083 	168 
1792	3327	256	1180 	3082 	168 
2048	3327	256	1547 	3081 	168 
2303	3327	256	1855 	3079 	147 
2559	3327	256	2168 	3077 	147 
2815	3327	256	2483 	3076 	147 
3071	3327	256	2776 	3073 	147 
3327	3327	256	3088 	3070 	147 
3583	3327	256	3367 	3068 	147 
3839	3327	256	3644 	3065 	147 
4095	3327	256	3919 	3061 	147 
0	3583	256	0 	3327 	147 
256	3583	256	0 	3327 	147 
512	3583	256	0 	3327 	147 
768	3583	256	0 	3327 	147 
1024	3583	256	0 	3326 	147 
1280	3583	256	0 	3325 	147 
1536	3583	256	441 	3325 	147 
1792	3583	256	1046 	3324 	147 
2048	3583	256	1451 	3322 	147 
2303	3583	256	1780 	3321 	147 
2559	3583	256	2104 	3319 	147 
2815	3583	256	2427 	3318 	147 
3071	3583	256	2728 	3315 	147 
3327	3583	256	3046 	3313 	147 
3583	3583	256	3329 	3311 	147 
3839	3583	256	3609 	3308 	147 
4095	3583	256	3887 	3305 	147 
0	3839	256	0 	3569 	147 
256	3839	256	0 	3569 	147 
512	3839	256	0 	3569 	147 
768	3839	256	0 	3568 	147 
1024	3839	256	0 	3568 	147 
1280	3839	256	0 	3567 	147 
1536	3839	256	0 	3566 	147 
1792	3839	256	874 	3566 	147 
2048	3839	256	1337 	3564 	147 
2303	3839	256	1692 	3563 	147 
2559	3839	256	2032 	3561 	147 
2815	3839	256	2366 	3560 	147 
3071	3839	256	2673 	3558 	147 
3327	3839	256	2998 	3555 	147 
3583	3839	256	3286 	3553 	147 
3839	3839	256	3571 	3551 	122 
4095	3839	256	3851 	3548 	122 
0	4095	256	0 	3811 	147 
256	4095	256	0 	3810 	147 
512	4095	256	0 	3810 	147 
768	4095	256	0 	3810 	147 
1024	4095	256	0 	3809 	147 
1280	4095	256	0 	3809 	147 
1536	4095	256	0 	3808 	147 
1792	4095	256	628 	3807 	147 
2048	4095	256	1201 	3806 	147 
2303	4095	256	1591 	3805 	147 
2559	4095	256	1950 	3803 	122 
2815	4095	256	2297 	3802 	122 
3071	4095	256	2614 	3801 	122 
3327	4095	256	2946 	3798 	122 
3583	4095	256	3240 	3796 	122 
3839	4095	256	3528 	3794 	122 
4095	4095	256	3813 	3791 	122 
0	0	512	0 	0 	432 
256	0	512	231 	0 	432 
512	0	512	497 	0 	432 
768	0	512	741 	0 	432 
1024	0	512	992 	0 	432 
1280	0	512	1234 	0 	432 
1536	0	512	1492 	0 	432 
1792	0	512	1736 	0 	432 
2048	0	512	1994 	0 	432 
2303	0	512	2234 	0 	432 
2559	0	512	2496 	0 	432 
2815	0	512	2771 	0 	432 
3071	0	512	3034 	0 	425 
3327	0	512	3316 	0 	425 
3583	0	512	3576 	0 	425 
3839	0	512	3835 	0 	425 
4095	0	512	4095 	0 	425 
0	256	512	0 	231 	432 
256	256	512	231 	231 	432 
512	256	512	486 	231 	432 
768	256	512	734 	218 	432 
1024	256	512	992 	203 	432 
1280	256	512	1232 	186 	432 
1536	256	512	1489 	147 	432 
1792	256	512	1735 	122 	432 
2048	256	512	1993 	0 	432 
2303	256	512	2233 	0 	432 
2559	256	512	2496 	0 	432 
2815	256	512	2770 	0 	432 
3071	256	512	3033 	0 	425 
3327	256	512	3315 	0 	425 
3583	256	512	3574 	0 	425 
3839	256	512	3834 	0 	425 
4095	256	512	4094 	0 	425 
0	512	512	0 	463 	432 
256	512	512	147 	463 	432 
512	512	512	457 	463 	432 
768	512	512	721 	457 	432 
1024	512	512	980 	451 	432 
1280	512	512	1223 	451 	432 
1536	512	512	1482 	438 	432 
1792	512	512	1730 	425 	432 
2048	512	512	1989 	412 	432 
2303	512	512	2229 	391 	432 
2559	512	512	2491 	376 	432 
2815	512	512	2767 	345 	432 
3071	512	512	3030 	318 	425 
3327	512	512	3313 	279 	425 
3583	512	512	3572 	231 	425 
3839	512	512	3832 	147 	425 
4095	512	512	4092 	0 	425 
0	768	512	0 	689 	432 
256	768	512	0 	689 	432 
512	768	512	405 	689 	432 
768	768	512	685 	685 	432 
1024	768	512	958 	685 	432 
1280	768	512	1208 	678 	432 
1536	768	512	1468 	674 	432 
1792	768	512	1717 	667 	432 
2048	768	512	1978 	659 	432 
2303	768	512	2220 	648 	432 
2559	768	512	2485 	640 	432 
2815	768	512	2760 	624 	425 
3071	768	512	3024 	611 	425 
3327	768	512	3308 	594 	425 
3583	768	512	3567 	577 	425 
3839	768	512	3827 	559 	425 
4095	768	512	4088 	530 	425 
0	1024	512	0 	928 	432 
256	1024	512	0 	925 	432 
512	1024	512	299 	925 	432 
768	1024	512	640 	922 	432 
1024	1024	512	925 	920 	432 
1280	1024	512	1182 	917 	432 
1536	1024	512	1449 	912 	432 
1792	1024	512	1702 	909 	432 
2048	1024	512	1965 	904 	432 
2303	1024	512	2208 	899 	432 
2559	1024	512	2473 	888 	425 
2815	1024	512	2751 	882 	425 
3071	1024	512	3016 	871 	425 
3327	1024	512	3300 	860 	425 
3583	1024	512	3560 	849 	425 
3839	1024	512	3821 	835 	425 
4095	1024	512	4082 	820 	425 
0	1280	512	0 	1151 	432 
256	1280	512	0 	1151 	432 
512	1280	512	0 	1149 	432 
768	1280	512	563 	1149 	432 
1024	1280	512	877 	1147 	432 
1280	1280	512	1149 	1143 	432 
1536	1280	512	1421 	1141 	432 
1792	1280	512	1679 	1137 	432 
2048	1280	512	1946 	1133 	432 
2303	1280	512	2191 	1129 	425 
2559	1280	512	2459 	1123 	425 
2815	1280	512	2737 	1116 	425 
3071	1280	512	3004 	1108 	425 
3327	1280	512	3289 	1100 	425 
3583	1280	512	3551 	1091 	425 
3839	1280	512	3812 	1081 	425 
4095	1280	512	4074 	1070 	419 
0	1536	512	0 	1386 	432 
256	1536	512	0 	1386 	432 
512	1536	512	0 	1386 	432 
768	1536	512	443 	1386 	432 
1024	1536	512	811 	1385 	432 
1280	1536	512	1104 	1382 	432 
1536	1536	512	1386 	1380 	425 
1792	1536	512	1650 	1377 	425 
2048	1536	512	1921 	1373 	425 
2303	1536	512	2170 	1369 	425 
2559	1536	512	2441 	1365 	425 
2815	1536	512	2721 	1360 	425 
3071	1536	512	2989 	1354 	425 
3327	1536	512	3276 	1347 	425 
3583	1536	512	3539 	1341 	425 
3839	1536	512	3801 	1334 	419 
4095	1536	512	4063 	1326 	419 
0	1792	512	0 	1614 	425 
256	1792	512	0 	1614 	425 
512	1792	512	0 	1614 	425 
768	1792	512	226 	1613 	425 
1024	1792	512	724 	1611 	425 
1280	1792	512	1044 	1610 	425 
1536	1792	512	1342 	1607 	425 
1792	1792	512	1614 	1606 	425 
2048	1792	512	1891 	1602 	425 
2303	1792	512	2144 	1599 	425 
2559	1792	512	2417 	1595 	425 
2815	1792	512	2701 	1591 	425 
3071	1792	512	2970 	1586 	425 
3327	1792	512	3259 	1581 	425 
3583	1792	512	3524 	1576 	419 
3839	1792	512	3787 	1569 	419 
4095	1792	512	4050 	1562 	419 
0	2048	512	0 	1854 	425 
256	2048	512	0 	1854 	425 
512	2048	512	0 	1854 	425 
768	2048	512	0 	1852 	425 
1024	2048	512	603 	1851 	425 
1280	2048	512	968 	1850 	425 
1536	2048	512	1286 	1849 	425 
1792	2048	512	1570 	1847 	425 
2048	2048	512	1855 	1843 	425 
2303	2048	512	2112 	1841 	425 
2559	2048	512	2389 	1837 	425 
2815	2048	512	2676 	1834 	419 
3071	2048	512	2948 	1830 	419 
3327	2048	512	3240 	1826 	419 
3583	2048	512	3506 	1820 	419 
3839	2048	512	3771 	1815 	419 
4095	2048	512	4035 	1809 	419 
0	2303	512	0 	2073 	425 
256	2303	512	0 	2073 	425 
512	2303	512	0 	2073 	425 
768	2303	512	0 	2073 	425 
1024	2303	512	405 	2072 	425 
1280	2303	512	874 	2071 	425 
1536	2303	512	1220 	2069 	425 
1792	2303	512	1517 	2067 	425 
2048	2303	512	1811 	2066 	419 
2303	2303	512	2074 	2063 	419 
2559	2303	512	2356 	2060 	419 
2815	2303	512	2647 	2057 	419 
3071	2303	512	2922 	2053 	419 
3327	2303	512	3217 	2050 	419 
3583	2303	512	3484 	2046 	419 
3839	2303	512	3752 	2041 	419 
4095	2303	512	4018 	2036 	419 
0	2559	512	0 	2318 	419 
256	2559	512	0 	2318 	419 
512	2559	512	0 	2317 	419 
768	2559	512	0 	2317 	419 
1024	2559	512	0 	2316 	419 
1280	2559	512	747 	2314 	419 
1536	2559	512	1135 	2313 	419 
1792	2559	512	1454 	2313 	419 
2048	2559	512	1758 	2310 	419 
2303	2559	512	2031 	2308 	419 
2559	2559	512	2318 	2305 	419 
2815	2559	512	2613 	2303 	419 
3071	2559	512	2892 	2299 	419 
3327	2559	512	3190 	2296 	419 
3583	2559	512	3461 	2292 	419 
3839	2559	512	3730 	2288 	419 
4095	2559	512	3997 	2284 	419 
0	2815	512	0 	2574 	419 
256	2815	512	0 	2574 	419 
512	2815	512	0 	2574 	419 
768	2815	512	0 	2573 	419 
1024	2815	512	0 	2572 	419 
1280	2815	512	563 	2572 	419 
1536	2815	512	1031 	2571 	419 
1792	2815	512	1378 	2569 	419 
2048	2815	512	1698 	2568 	419 
2303	2815	512	1981 	2566 	419 
2559	2815	512	2275 	2563 	419 
2815	2815	512	2575 	2561 	419 
3071	2815	512	2859 	2558 	419 
3327	2815	512	3161 	2555 	419 
3583	2815	512	3433 	2552 	419 
3839	2815	512	3704 	2548 	419 
4095	2815	512	3974 	2544 	419 
0	3071	512	0 	2818 	419 
256	3071	512	0 	2818 	419 
512	3071	512	0 	2818 	419 
768	3071	512	0 	2818 	419 
1024	3071	512	0 	2817 	419 
1280	3071	512	177 	2816 	419 
1536	3071	512	900 	2815 	419 
1792	3071	512	1287 	2814 	419 
2048	3071	512	1627 	2812 	419 
2303	3071	512	1922 	2810 	419 
2559	3071	512	2224 	2809 	419 
2815	3071	512	2532 	2807 	419 
3071	3071	512	2820 	2804 	419 
3327	3071	512	3126 	2801 	419 
3583	3071	512	3402 	2798 	412 
3839	3071	512	3676 	2795 	412 
4095	3071	512	3948 	2791 	412 
0	3327	512	0 	3086 	419 
256	3327	512	0 	3086 	419 
512	3327	512	0 	3086 	419 
768	3327	512	0 	3086 	419 
1024	3327	512	0 	3085 	419 
1280	3327	512	0 	3084 	419 
1536	3327	512	724 	3083 	419 
1792	3327	512	1180 	3083 	419 
2048	3327	512	1545 	3081 	419 
2303	3327	512	1855 	3079 	419 
2559	3327	512	2168 	3077 	412 
2815	3327	512	2483 	3076 	412 
3071	3327	512	2776 	3073 	412 
3327	3327	512	3088 	3070 	412 
3583	3327	512	3367 	3068 	412 
3839	3327	512	3644 	3065 	412 
4095	3327	512	3918 	3062 	412 
0	3583	512	0 	3327 	412 
256	3583	512	0 	3327 	412 
512	3583	512	0 	3327 	412 
768	3583	512	0 	3327 	412 
1024	3583	512	0 	3326 	412 
1280	3583	512	0 	3326 	412 
1536	3583	512	441 	3325 	412 
1792	3583	512	1044 	3324 	412 
2048	3583	512	1449 	3322 	412 
2303	3583	512	1778 	3321 	412 
2559	3583	512	2104 	3319 	412 
2815	3583	512	2427 	3318 	412 
3071	3583	512	2728 	3315 	412 
3327	3583	512	3045 	3313 	405 
3583	3583	512	3329 	3311 	405 
3839	3583	512	3609 	3308 	405 
4095	3583	512	3887 	3305 	405 
0	3839	512	0 	3569 	412 
256	3839	512	0 	3569 	412 
512	3839	512	0 	3569 	412 
768	3839	512	0 	3568 	412 
1024	3839	512	0 	3568 	412 
1280	3839	512	0 	3567 	412 
1536	3839	512	0 	3566 	412 
1792	3839	512	874 	3566 	412 
2048	3839	512	1337 	3564 	405 
2303	3839	512	1690 	3563 	405 
2559	3839	512	2031 	3561 	405 
2815	3839	512	2365 	3560 	405 
3071	3839	512	2673 	3558 	405 
3327	3839	512	2998 	3555 	405 
3583	3839	512	3286 	3553 	405 
3839	3839	512	3571 	3551 	405 
4095	3839	512	3851 	3548 	398 
0	4095	512	0 	3811 	405 
256	4095	512	0 	3811 	405 
512	4095	512	0 	3810 	405 
768	4095	512	0 	3810 	405 
1024	4095	512	0 	3810 	405 
1280	4095	512	0 	3809 	405 
1536	4095	512	0 	3808 	405 
1792	4095	512	628 	3807 	405 
2048	4095	512	1201 	3806 	405 
2303	4095	512	1591 	3805 	405 
2559	4095	512	1950 	3804 	405 
2815	4095	512	2297 	3802 	398 
3071	4095	512	2613 	3801 	398 
3327	4095	512	2945 	3798 	398 
3583	4095	512	3240 	3796 	398 
3839	4095	512	3528 	3794 	398 
4095	4095	512	3812 	3791 	398 
0	0	768	0 	0 	648 
256	0	768	231 	0 	648 
512	0	768	491 	0 	648 
768	0	768	738 	0 	648 
1024	0	768	992 	0 	648 
1280	0	768	1234 	0 	648 
1536	0	768	1491 	0 	648 
1792	0	768	1736 	0 	648 
2048	0	768	1994 	0 	648 
2303	0	768	2233 	0 	644 
2559	0	768	2496 	0 	644 
2815	0	768	2770 	0 	644 
3071	0	768	3034 	0 	644 
3327	0	768	3316 	0 	644 
3583	0	768	3575 	0 	644 
3839	0	768	3835 	0 	644 
4095	0	768	4095 	0 	640 
0	256	768	0 	231 	648 
256	256	768	218 	231 	648 
512	256	768	486 	231 	648 
768	256	768	734 	231 	648 
1024	256	768	990 	218 	648 
1280	256	768	1232 	186 	648 
1536	256	768	1488 	147 	648 
1792	256	768	1733 	122 	648 
2048	256	768	1992 	0 	648 
2303	256	768	2233 	0 	644 
2559	256	768	2495 	0 	644 
2815	256	768	2770 	0 	644 
3071	256	768	3033 	0 	644 
3327	256	768	3315 	0 	644 
3583	256	768	3574 	0 	644 
3839	256	768	3834 	0 	644 
4095	256	768	4094 	0 	640 
0	512	768	0 	463 	648 
256	512	768	122 	463 	648 
512	512	768	457 	463 	648 
768	512	768	717 	457 	648 
1024	512	768	978 	451 	648 
1280	512	768	1223 	451 	648 
1536	512	768	1482 	438 	648 
1792	512	768	1728 	425 	648 
2048	512	768	1988 	412 	644 
2303	512	768	2228 	398 	644 
2559	512	768	2491 	376 	644 
2815	512	768	2766 	345 	644 
3071	512	768	3030 	318 	644 
3327	512	768	3312 	289 	644 
3583	512	768	3572 	231 	644 
3839	512	768	3832 	147 	644 
4095	512	768	4092 	0 	640 
0	768	768	0 	689 	648 
256	768	768	0 	689 	648 
512	768	768	398 	689 	648 
768	768	768	685 	685 	648 
1024	768	768	955 	685 	648 
1280	768	768	1207 	682 	648 
1536	768	768	1468 	674 	648 
1792	768	768	1716 	667 	644 
2048	768	768	1978 	659 	644 
2303	768	768	2220 	648 	644 
2559	768	768	2484 	640 	644 
2815	768	768	2760 	624 	644 
3071	768	768	3024 	611 	644 
3327	768	768	3307 	599 	644 
3583	768	768	3567 	577 	644 
3839	768	768	3827 	559 	640 
4095	768	768	4088 	530 	640 
0	1024	768	0 	928 	648 
256	1024	768	0 	928 	648 
512	1024	768	289 	925 	648 
768	1024	768	636 	925 	648 
1024	1024	768	922 	922 	648 
1280	1024	768	1182 	917 	644 
1536	1024	768	1449 	915 	644 
1792	1024	768	1701 	909 	644 
2048	1024	768	1964 	904 	644 
2303	1024	768	2207 	899 	644 
2559	1024	768	2472 	891 	644 
2815	1024	768	2750 	882 	644 
3071	1024	768	3015 	871 	644 
3327	1024	768	3299 	860 	644 
3583	1024	768	3560 	849 	644 
3839	1024	768	3821 	835 	640 
4095	1024	768	4082 	820 	640 
0	1280	768	0 	1151 	644 
256	1280	768	0 	1151 	644 
512	1280	768	0 	1149 	644 
768	1280	768	559 	1149 	644 
1024	1280	768	874 	1147 	644 
1280	1280	768	1149 	1143 	644 
1536	1280	768	1421 	1141 	644 
1792	1280	768	1678 	1139 	644 
2048	1280	768	1945 	1133 	644 
2303	1280	768	2191 	1129 	644 
2559	1280	768	2458 	1123 	644 
2815	1280	768	2737 	1116 	644 
3071	1280	768	3004 	1108 	644 
3327	1280	768	3289 	1100 	644 
3583	1280	768	3551 	1091 	640 
3839	1280	768	3812 	1083 	640 
4095	1280	768	4074 	1072 	640 
0	1536	768	0 	1386 	644 
256	1536	768	0 	1386 	644 
512	1536	768	0 	1386 	644 
768	1536	768	443 	1386 	644 
1024	1536	768	811 	1385 	644 
1280	1536	768	1102 	1383 	644 
1536	1536	768	1386 	1380 	644 
1792	1536	768	1648 	1377 	644 
2048	1536	768	1921 	1373 	644 
2303	1536	768	2169 	1369 	644 
2559	1536	768	2440 	1365 	644 
2815	1536	768	2721 	1360 	644 
3071	1536	768	2988 	1354 	640 
3327	1536	768	3275 	1347 	640 
3583	1536	768	3538 	1341 	640 
3839	1536	768	3801 	1334 	640 
4095	1536	768	4063 	1326 	640 
0	1792	768	0 	1614 	644 
256	1792	768	0 	1614 	644 
512	1792	768	0 	1614 	644 
768	1792	768	213 	1613 	644 
1024	1792	768	724 	1611 	644 
1280	1792	768	1042 	1610 	644 
1536	1792	768	1341 	1607 	644 
1792	1792	768	1614 	1606 	644 
2048	1792	768	1891 	1603 	644 
2303	1792	768	2143 	1599 	644 
2559	1792	768	2416 	1595 	640 
2815	1792	768	2700 	1592 	640 
3071	1792	768	2970 	1586 	640 
3327	1792	768	3259 	1581 	640 
3583	1792	768	3523 	1576 	640 
3839	1792	768	3787 	1569 	640 
4095	1792	768	4050 	1562 	640 
0	2048	768	0 	1854 	644 
256	2048	768	0 	1854 	644 
512	2048	768	0 	1854 	644 
768	2048	768	0 	1852 	644 
1024	2048	768	599 	1851 	644 
1280	2048	768	968 	1850 	644 
1536	2048	768	1286 	1849 	644 
1792	2048	768	1569 	1847 	640 
2048	2048	768	1854 	1844 	640 
2303	2048	768	2111 	1842 	640 
2559	2048	768	2388 	1837 	640 
2815	2048	768	2675 	1835 	640 
3071	2048	768	2948 	1830 	640 
3327	2048	768	3239 	1826 	640 
3583	2048	768	3505 	1821 	640 
3839	2048	768	3770 	1815 	636 
4095	2048	768	4035 	1809 	636 
0	2303	768	0 	2074 	640 
256	2303	768	0 	2074 	640 
512	2303	768	0 	2073 	640 
768	2303	768	0 	2073 	640 
1024	2303	768	405 	2072 	640 
1280	2303	768	874 	2071 	640 
1536	2303	768	1218 	2069 	640 
1792	2303	768	1516 	2067 	640 
2048	2303	768	1809 	2066 	640 
2303	2303	768	2073 	2063 	640 
2559	2303	768	2356 	2061 	640 
2815	2303	768	2647 	2057 	640 
3071	2303	768	2922 	2054 	640 
3327	2303	768	3216 	2050 	636 
3583	2303	768	3484 	2046 	636 
3839	2303	768	3751 	2041 	636 
4095	2303	768	4017 	2036 	636 
0	2559	768	0 	2318 	640 
256	2559	768	0 	2318 	640 
512	2559	768	0 	2318 	640 
768	2559	768	0 	2317 	640 
1024	2559	768	0 	2316 	640 
1280	2559	768	743 	2315 	640 
1536	2559	768	1133 	2313 	640 
1792	2559	768	1452 	2313 	640 
2048	2559	768	1758 	2310 	640 
2303	2559	768	2030 	2308 	640 
2559	2559	768	2318 	2305 	640 
2815	2559	768	2613 	2303 	636 
3071	2559	768	2892 	2299 	636 
3327	2559	768	3190 	2296 	636 
3583	2559	768	3460 	2292 	636 
3839	2559	768	3729 	2288 	636 
4095	2559	768	3997 	2284 	636 
0	2815	768	0 	2575 	640 
256	2815	768	0 	2575 	640 
512	2815	768	0 	2574 	640 
768	2815	768	0 	2574 	640 
1024	2815	768	0 	2573 	640 
1280	2815	768	558 	2572 	636 
1536	2815	768	1028 	2571 	636 
1792	2815	768	1376 	2569 	636 
2048	2815	768	1697 	2568 	636 
2303	2815	768	1980 	2566 	636 
2559	2815	768	2274 	2564 	636 
2815	2815	768	2575 	2561 	636 
3071	2815	768	2858 	2558 	636 
3327	2815	768	3160 	2555 	636 
3583	2815	768	3433 	2552 	636 
3839	2815	768	3704 	2548 	632 
4095	2815	768	3974 	2544 	632 
0	3071	768	0 	2818 	636 
256	3071	768	0 	2818 	636 
512	3071	768	0 	2818 	636 
768	3071	768	0 	2818 	636 
1024	3071	768	0 	2817 	636 
1280	3071	768	160 	2817 	636 
1536	3071	768	900 	2815 	636 
1792	3071	768	1287 	2814 	636 
2048	3071	768	1627 	2812 	636 
2303	3071	768	1921 	2810 	636 
2559	3071	768	2224 	2809 	636 
2815	3071	768	2532 	2807 	632 
3071	3071	768	2819 	2804 	632 
3327	3071	768	3125 	2801 	632 
3583	3071	768	3401 	2798 	632 
3839	3071	768	3676 	2795 	632 
4095	3071	768	3947 	2791 	632 
0	3327	768	0 	3086 	636 
256	3327	768	0 	3086 	636 
512	3327	768	0 	3086 	636 
768	3327	768	0 	3086 	636 
1024	3327	768	0 	3085 	632 
1280	3327	768	0 	3085 	632 
1536	3327	768	720 	3083 	632 
1792	3327	768	1178 	3083 	632 
2048	3327	768	1545 	3081 	632 
2303	3327	768	1854 	3079 	632 
2559	3327	768	2167 	3077 	632 
2815	3327	768	2482 	3076 	632 
3071	3327	768	2775 	3073 	632 
3327	3327	768	3087 	3070 	632 
3583	3327	768	3367 	3068 	632 
3839	3327	768	3644 	3065 	628 
4095	3327	768	3918 	3062 	628 
0	3583	768	0 	3327 	632 
256	3583	768	0 	3327 	632 
512	3583	768	0 	3327 	632 
768	3583	768	0 	3327 	632 
1024	3583	768	0 	3326 	632 
1280	3583	768	0 	3326 	632 
1536	3583	768	435 	3325 	632 
1792	3583	768	1042 	3324 	632 
2048	3583	768	1448 	3322 	632 
2303	3583	768	1778 	3321 	632 
2559	3583	768	2103 	3319 	628 
2815	3583	768	2427 	3318 	628 
3071	3583	768	2727 	3315 	628 
3327	3583	768	3044 	3314 	628 
3583	3583	768	3329 	3311 	628 
3839	3583	768	3609 	3308 	628 
4095	3583	768	3886 	3305 	628 
0	3839	768	0 	3569 	628 
256	3839	768	0 	3569 	628 
512	3839	768	0 	3569 	628 
768	3839	768	0 	3568 	628 
1024	3839	768	0 	3568 	628 
1280	3839	768	0 	3567 	628 
1536	3839	768	0 	3566 	628 
1792	3839	768	871 	3566 	628 
2048	3839	768	1336 	3565 	628 
2303	3839	768	1689 	3563 	628 
2559	3839	768	2031 	3561 	628 
2815	3839	768	2365 	3560 	628 
3071	3839	768	2673 	3558 	628 
3327	3839	768	2997 	3556 	624 
3583	3839	768	3286 	3554 	624 
3839	3839	768	3570 	3551 	624 
4095	3839	768	3851 	3548 	624 
0	4095	768	0 	3811 	628 
256	4095	768	0 	3811 	628 
512	4095	768	0 	3810 	628 
768	4095	768	0 	3810 	628 
1024	4095	768	0 	3810 	628 
1280	4095	768	0 	3809 	628 
1536	4095	768	0 	3809 	628 
1792	4095	768	628 	3808 	624 
2048	4095	768	1201 	3806 	624 
2303	4095	768	1589 	3805 	624 
2559	4095	768	1949 	3804 	624 
2815	4095	768	2296 	3802 	624 
3071	4095	768	2613 	3801 	624 
3327	4095	768	2945 	3798 	624 
3583	4095	768	3239 	3796 	624 
3839	4095	768	3528 	3794 	624 
4095	4095	768	3812 	3792 	624 
0	0	1024	0 	89 	866 
256	0	1024	218 	89 	866 
512	0	1024	486 	0 	866 
768	0	1024	734 	0 	866 
1024	0	1024	990 	0 	866 
1280	0	1024	1232 	0 	866 
1536	0	1024	1489 	0 	866 
1792	0	1024	1735 	0 	866 
2048	0	1024	1993 	0 	866 
2303	0	1024	2233 	0 	866 
2559	0	1024	2495 	0 	866 
2815	0	1024	2770 	0 	863 
3071	0	1024	3033 	0 	863 
3327	0	1024	3315 	0 	863 
3583	0	1024	3574 	0 	863 
3839	0	1024	3834 	0 	863 
4095	0	1024	4094 	0 	863 
0	256	1024	0 	231 	866 
256	256	1024	203 	231 	866 
512	256	1024	480 	231 	866 
768	256	1024	728 	231 	866 
1024	256	1024	987 	218 	866 
1280	256	1024	1231 	203 	866 
1536	256	1024	1486 	168 	866 
1792	256	1024	1732 	147 	866 
2048	256	1024	1991 	0 	866 
2303	256	1024	2232 	0 	866 
2559	256	1024	2494 	0 	866 
2815	256	1024	2769 	0 	863 
3071	256	1024	3032 	0 	863 
3327	256	1024	3315 	0 	863 
3583	256	1024	3574 	0 	863 
3839	256	1024	3833 	0 	863 
4095	256	1024	4094 	0 	863 
0	512	1024	0 	468 	866 
256	512	1024	89 	468 	866 
512	512	1024	451 	463 	866 
768	512	1024	714 	463 	866 
1024	512	1024	975 	457 	866 
1280	512	1024	1221 	451 	866 
1536	512	1024	1479 	438 	866 
1792	512	1024	1727 	425 	866 
2048	512	1024	1987 	419 	866 
2303	512	1024	2227 	398 	866 
2559	512	1024	2490 	384 	866 
2815	512	1024	2765 	353 	863 
3071	512	1024	3030 	327 	863 
3327	512	1024	3312 	289 	863 
3583	512	1024	3572 	231 	863 
3839	512	1024	3831 	147 	863 
4095	512	1024	4091 	0 	863 
0	768	1024	0 	693 	866 
256	768	1024	0 	689 	866 
512	768	1024	391 	689 	866 
768	768	1024	682 	685 	866 
1024	768	1024	953 	685 	866 
1280	768	1024	1205 	682 	866 
1536	768	1024	1467 	674 	866 
1792	768	1024	1716 	667 	866 
2048	768	1024	1977 	663 	866 
2303	768	1024	2219 	651 	866 
2559	768	1024	2483 	640 	863 
2815	768	1024	2759 	628 	863 
3071	768	1024	3023 	611 	863 
3327	768	1024	3306 	599 	863 
3583	768	1024	3566 	581 	863 
3839	768	1024	3827 	559 	863 
4095	768	1024	4087 	530 	863 
0	1024	1024	0 	928 	866 
256	1024	1024	0 	928 	866 
512	1024	1024	289 	928 	866 
768	1024	1024	632 	925 	866 
1024	1024	1024	920 	922 	866 
1280	1024	1024	1180 	920 	866 
1536	1024	1024	1446 	915 	866 
1792	1024	1024	1700 	912 	866 
2048	1024	1024	1963 	904 	866 
2303	1024	1024	2206 	899 	863 
2559	1024	1024	2472 	891 	863 
2815	1024	1024	2749 	882 	863 
3071	1024	1024	3015 	871 	863 
3327	1024	1024	3299 	860 	863 
3583	1024	1024	3560 	849 	863 
3839	1024	1024	3820 	837 	863 
4095	1024	1024	4082 	823 	860 
0	1280	1024	0 	1151 	866 
256	1280	1024	0 	1151 	866 
512	1280	1024	0 	1151 	866 
768	1280	1024	559 	1149 	866 
1024	1280	1024	871 	1147 	866 
1280	1280	1024	1145 	1145 	866 
1536	1280	1024	1420 	1141 	863 
1792	1280	1024	1677 	1139 	863 
2048	1280	1024	1944 	1133 	863 
2303	1280	1024	2190 	1129 	863 
2559	1280	1024	2457 	1123 	863 
2815	1280	1024	2736 	1116 	863 
3071	1280	1024	3003 	1108 	863 
3327	1280	1024	3289 	1102 	863 
3583	1280	1024	3550 	1091 	863 
3839	1280	1024	3811 	1083 	860 
4095	1280	1024	4073 	1072 	860 
0	1536	1024	0 	1386 	863 
256	1536	1024	0 	1386 	863 
512	1536	1024	0 	1386 	863 
768	1536	1024	437 	1386 	863 
1024	1536	1024	808 	1385 	863 
1280	1536	1024	1100 	1383 	863 
1536	1536	1024	1385 	1380 	863 
1792	1536	1024	1648 	1377 	863 
2048	1536	1024	1920 	1375 	863 
2303	1536	1024	2169 	1370 	863 
2559	1536	1024	2439 	1365 	863 
2815	1536	1024	2719 	1360 	863 
3071	1536	1024	2988 	1354 	863 
3327	1536	1024	3275 	1349 	863 
3583	1536	1024	3537 	1342 	860 
3839	1536	1024	3800 	1334 	860 
4095	1536	1024	4063 	1326 	860 
0	1792	1024	0 	1614 	863 
256	1792	1024	0 	1614 	863 
512	1792	1024	0 	1614 	863 
768	1792	1024	198 	1614 	863 
1024	1792	1024	721 	1613 	863 
1280	1792	1024	1042 	1610 	863 
1536	1792	1024	1339 	1609 	863 
1792	1792	1024	1611 	1606 	863 
2048	1792	1024	1889 	1603 	863 
2303	1792	1024	2143 	1599 	863 
2559	1792	1024	2415 	1596 	863 
2815	1792	1024	2699 	1592 	863 
3071	1792	1024	2969 	1587 	860 
3327	1792	1024	3258 	1581 	860 
3583	1792	1024	3523 	1576 	860 
3839	1792	1024	3787 	1570 	860 
4095	1792	1024	4049 	1564 	860 
0	2048	1024	0 	1855 	863 
256	2048	1024	0 	1855 	863 
512	2048	1024	0 	1854 	863 
768	2048	1024	0 	1854 	863 
1024	2048	1024	594 	1852 	863 
1280	2048	1024	966 	1850 	863 
1536	2048	1024	1283 	1849 	863 
1792	2048	1024	1568 	1847 	863 
2048	2048	1024	1852 	1844 	863 
2303	2048	1024	2110 	1842 	863 
2559	2048	1024	2387 	1839 	860 
2815	2048	1024	2674 	1835 	860 
3071	2048	1024	2948 	1830 	860 
3327	2048	1024	3239 	1826 	860 
3583	2048	1024	3505 	1821 	860 
3839	2048	1024	3770 	1815 	860 
4095	2048	1024	4034 	1809 	860 
0	2303	1024	0 	2074 	863 
256	2303	1024	0 	2074 	863 
512	2303	1024	0 	2073 	863 
768	2303	1024	0 	2073 	863 
1024	2303	1024	391 	2073 	863 
1280	2303	1024	871 	2071 	860 
1536	2303	1024	1216 	2070 	860 
1792	2303	1024	1514 	2068 	860 
2048	2303	1024	1808 	2066 	860 
2303	2303	1024	2073 	2063 	860 
2559	2303	1024	2355 	2061 	860 
2815	2303	1024	2645 	2057 	860 
3071	2303	1024	2922 	2054 	860 
3327	2303	1024	3216 	2050 	860 
3583	2303	1024	3484 	2046 	860 
3839	2303	1024	3751 	2041 	858 
4095	2303	1024	4017 	2036 	858 
0	2559	1024	0 	2318 	860 
256	2559	1024	0 	2318 	860 
512	2559	1024	0 	2318 	860 
768	2559	1024	0 	2317 	860 
1024	2559	1024	0 	2316 	860 
1280	2559	1024	740 	2315 	860 
1536	2559	1024	1131 	2313 	860 
1792	2559	1024	1451 	2313 	860 
2048	2559	1024	1756 	2311 	860 
2303	2559	1024	2030 	2308 	860 
2559	2559	1024	2317 	2305 	860 
2815	2559	1024	2613 	2304 	860 
3071	2559	1024	2892 	2299 	858 
3327	2559	1024	3189 	2296 	858 
3583	2559	1024	3460 	2293 	858 
3839	2559	1024	3728 	2288 	858 
4095	2559	1024	3996 	2284 	858 
0	2815	1024	0 	2575 	860 
256	2815	1024	0 	2575 	860 
512	2815	1024	0 	2575 	860 
768	2815	1024	0 	2574 	860 
1024	2815	1024	0 	2573 	860 
1280	2815	1024	554 	2572 	860 
1536	2815	1024	1028 	2571 	860 
1792	2815	1024	1375 	2570 	860 
2048	2815	1024	1696 	2568 	858 
2303	2815	1024	1979 	2566 	858 
2559	2815	1024	2273 	2564 	858 
2815	2815	1024	2574 	2561 	858 
3071	2815	1024	2857 	2558 	858 
3327	2815	1024	3159 	2555 	858 
3583	2815	1024	3432 	2552 	858 
3839	2815	1024	3703 	2548 	858 
4095	2815	1024	3973 	2544 	855 
0	3071	1024	0 	2818 	858 
256	3071	1024	0 	2818 	858 
512	3071	1024	0 	2818 	858 
768	3071	1024	0 	2818 	858 
1024	3071	1024	0 	2817 	858 
1280	3071	1024	140 	2817 	858 
1536	3071	1024	898 	2815 	858 
1792	3071	1024	1285 	2814 	858 
2048	3071	1024	1626 	2813 	858 
2303	3071	1024	1920 	2811 	858 
2559	3071	1024	2222 	2809 	858 
2815	3071	1024	2530 	2807 	858 
3071	3071	1024	2818 	2804 	858 
3327	3071	1024	3125 	2802 	855 
3583	3071	1024	3401 	2799 	855 
3839	3071	1024	3675 	2795 	855 
4095	3071	1024	3947 	2791 	855 
0	3327	1024	0 	3086 	858 
256	3327	1024	0 	3086 	858 
512	3327	1024	0 	3086 	858 
768	3327	1024	0 	3086 	858 
1024	3327	1024	0 	3085 	858 
1280	3327	1024	0 	3085 	858 
1536	3327	1024	717 	3083 	858 
1792	3327	1024	1176 	3083 	858 
2048	3327	1024	1543 	3081 	855 
2303	3327	1024	1853 	3080 	855 
2559	3327	1024	2167 	3077 	855 
2815	3327	1024	2481 	3076 	855 
3071	3327	1024	2775 	3073 	855 
3327	3327	1024	3086 	3071 	855 
3583	3327	1024	3367 	3068 	855 
3839	3327	1024	3643 	3065 	855 
4095	3327	1024	3918 	3062 	855 
0	3583	1024	0 	3328 	855 
256	3583	1024	0 	3328 	855 
512	3583	1024	0 	3327 	855 
768	3583	1024	0 	3327 	855 
1024	3583	1024	0 	3327 	855 
1280	3583	1024	0 	3326 	855 
1536	3583	1024	435 	3325 	855 
1792	3583	1024	1042 	3324 	855 
2048	3583	1024	1448 	3323 	855 
2303	3583	1024	1776 	3321 	855 
2559	3583	1024	2102 	3320 	855 
2815	3583	1024	2426 	3318 	855 
3071	3583	1024	2726 	3316 	855 
3327	3583	1024	3044 	3314 	855 
3583	3583	1024	3328 	3311 	855 
3839	3583	1024	3608 	3308 	855 
4095	3583	1024	3886 	3305 	855 
0	3839	1024	0 	3569 	855 
256	3839	1024	0 	3569 	855 
512	3839	1024	0 	3569 	855 
768	3839	1024	0 	3569 	855 
1024	3839	1024	0 	3568 	855 
1280	3839	1024	0 	3567 	855 
1536	3839	1024	0 	3567 	855 
1792	3839	1024	869 	3566 	855 
2048	3839	1024	1334 	3565 	855 
2303	3839	1024	1689 	3563 	855 
2559	3839	1024	2030 	3562 	855 
2815	3839	1024	2364 	3560 	855 
3071	3839	1024	2673 	3558 	855 
3327	3839	1024	2997 	3556 	855 
3583	3839	1024	3286 	3554 	855 
3839	3839	1024	3570 	3551 	852 
4095	3839	1024	3851 	3548 	852 
0	4095	1024	0 	3811 	855 
256	4095	1024	0 	3811 	855 
512	4095	1024	0 	3811 	855 
768	4095	1024	0 	3810 	855 
1024	4095	1024	0 	3810 	855 
1280	4095	1024	0 	3809 	855 
1536	4095	1024	0 	3809 	855 
1792	4095	1024	620 	3808 	855 
2048	4095	1024	1197 	3806 	855 
2303	4095	1024	1588 	3805 	852 
2559	4095	1024	1948 	3804 	852 
2815	4095	1024	2295 	3802 	852 
3071	4095	1024	2613 	3801 	852 
3327	4095	1024	2944 	3799 	852 
3583	4095	1024	3239 	3796 	852 
3839	4095	1024	3528 	3794 	852 
4095	4095	1024	3811 	3792 	849 
0	0	1280	0 	89 	1075 
256	0	1280	203 	89 	1075 
512	0	1280	480 	89 	1075 
768	0	1280	728 	0 	1075 
1024	0	1280	987 	0 	1075 
1280	0	1280	1231 	0 	1075 
1536	0	1280	1486 	0 	1075 
1792	0	1280	1732 	0 	1075 
2048	0	1280	1991 	0 	1075 
2303	0	1280	2232 	0 	1075 
2559	0	1280	2494 	0 	1075 
2815	0	1280	2769 	0 	1075 
3071	0	1280	3032 	0 	1075 
3327	0	1280	3315 	0 	1075 
3583	0	1280	3574 	0 	1072 
3839	0	1280	3833 	0 	1072 
4095	0	1280	4094 	0 	1072 
0	256	1280	0 	244 	1075 
256	256	1280	168 	231 	1075 
512	256	1280	468 	231 	1075 
768	256	1280	724 	231 	1075 
1024	256	1280	982 	218 	1075 
1280	256	1280	1227 	203 	1075 
1536	256	1280	1483 	168 	1075 
1792	256	1280	1731 	147 	1075 
2048	256	1280	1990 	89 	1075 
2303	256	1280	2231 	0 	1075 
2559	256	1280	2493 	0 	1075 
2815	256	1280	2768 	0 	1075 
3071	256	1280	3032 	0 	1075 
3327	256	1280	3314 	0 	1075 
3583	256	1280	3573 	0 	1072 
3839	256	1280	3833 	0 	1072 
4095	256	1280	4093 	0 	1072 
0	512	1280	0 	468 	1075 
256	512	1280	0 	468 	1075 
512	512	1280	444 	468 	1075 
768	512	1280	707 	463 	1075 
1024	512	1280	970 	457 	1075 
1280	512	1280	1220 	451 	1075 
1536	512	1280	1477 	444 	1075 
1792	512	1280	1725 	432 	1075 
2048	512	1280	1985 	419 	1075 
2303	512	1280	2226 	398 	1075 
2559	512	1280	2489 	384 	1075 
2815	512	1280	2765 	353 	1075 
3071	512	1280	3028 	327 	1075 
3327	512	1280	3311 	289 	1075 
3583	512	1280	3571 	231 	1072 
3839	512	1280	3830 	168 	1072 
4095	512	1280	4091 	0 	1072 
0	768	1280	0 	693 	1075 
256	768	1280	0 	693 	1075 
512	768	1280	384 	693 	1075 
768	768	1280	678 	689 	1075 
1024	768	1280	950 	685 	1075 
1280	768	1280	1203 	682 	1075 
1536	768	1280	1464 	678 	1075 
1792	768	1280	1715 	671 	1075 
2048	768	1280	1976 	663 	1075 
2303	768	1280	2218 	651 	1075 
2559	768	1280	2482 	644 	1075 
2815	768	1280	2758 	628 	1075 
3071	768	1280	3022 	615 	1075 
3327	768	1280	3306 	599 	1072 
3583	768	1280	3566 	581 	1072 
3839	768	1280	3826 	559 	1072 
4095	768	1280	4086 	535 	1072 
0	1024	1280	0 	928 	1075 
256	1024	1280	0 	928 	1075 
512	1024	1280	268 	928 	1075 
768	1024	1280	624 	925 	1075 
1024	1024	1280	915 	922 	1075 
1280	1024	1280	1178 	920 	1075 
1536	1024	1280	1444 	915 	1075 
1792	1024	1280	1697 	912 	1075 
2048	1024	1280	1961 	907 	1075 
2303	1024	1280	2205 	899 	1075 
2559	1024	1280	2472 	891 	1075 
2815	1024	1280	2748 	885 	1075 
3071	1024	1280	3014 	874 	1072 
3327	1024	1280	3298 	863 	1072 
3583	1024	1280	3559 	852 	1072 
3839	1024	1280	3819 	837 	1072 
4095	1024	1280	4081 	823 	1072 
0	1280	1280	0 	1151 	1075 
256	1280	1280	0 	1151 	1075 
512	1280	1280	0 	1151 	1075 
768	1280	1280	549 	1151 	1075 
1024	1280	1280	869 	1149 	1075 
1280	1280	1280	1143 	1145 	1075 
1536	1280	1280	1418 	1141 	1075 
1792	1280	1280	1676 	1139 	1075 
2048	1280	1280	1943 	1135 	1075 
2303	1280	1280	2189 	1131 	1075 
2559	1280	1280	2457 	1125 	1075 
2815	1280	1280	2736 	1118 	1072 
3071	1280	1280	3002 	1110 	1072 
3327	1280	1280	3287 	1102 	1072 
3583	1280	1280	3549 	1094 	1072 
3839	1280	1280	3811 	1083 	1072 
4095	1280	1280	4072 	1072 	1072 
0	1536	1280	0 	1388 	1075 
256	1536	1280	0 	1388 	1075 
512	1536	1280	0 	1386 	1075 
768	1536	1280	431 	1386 	1075 
1024	1536	1280	805 	1386 	1075 
1280	1536	1280	1098 	1383 	1075 
1536	1536	1280	1382 	1382 	1075 
1792	1536	1280	1646 	1378 	1075 
2048	1536	1280	1918 	1375 	1075 
2303	1536	1280	2168 	1370 	1072 
2559	1536	1280	2437 	1367 	1072 
2815	1536	1280	2719 	1360 	1072 
3071	1536	1280	2987 	1356 	1072 
3327	1536	1280	3274 	1349 	1072 
3583	1536	1280	3537 	1342 	1072 
3839	1536	1280	3800 	1334 	1072 
4095	1536	1280	4062 	1326 	1070 
0	1792	1280	0 	1614 	1075 
256	1792	1280	0 	1614 	1075 
512	1792	1280	0 	1614 	1075 
768	1792	1280	164 	1614 	1075 
1024	1792	1280	714 	1613 	1075 
1280	1792	1280	1037 	1611 	1075 
1536	1792	1280	1337 	1609 	1072 
1792	1792	1280	1610 	1606 	1072 
2048	1792	1280	1888 	1603 	1072 
2303	1792	1280	2141 	1601 	1072 
2559	1792	1280	2414 	1596 	1072 
2815	1792	1280	2698 	1592 	1072 
3071	1792	1280	2969 	1587 	1072 
3327	1792	1280	3258 	1583 	1072 
3583	1792	1280	3522 	1577 	1072 
3839	1792	1280	3786 	1570 	1070 
4095	1792	1280	4049 	1564 	1070 
0	2048	1280	0 	1855 	1072 
256	2048	1280	0 	1855 	1072 
512	2048	1280	0 	1855 	1072 
768	2048	1280	0 	1854 	1072 
1024	2048	1280	586 	1852 	1072 
1280	2048	1280	963 	1851 	1072 
1536	2048	1280	1281 	1849 	1072 
1792	2048	1280	1565 	1848 	1072 
2048	2048	1280	1850 	1844 	1072 
2303	2048	1280	2109 	1842 	1072 
2559	2048	1280	2387 	1839 	1072 
2815	2048	1280	2673 	1835 	1072 
3071	2048	1280	2946 	1830 	1072 
3327	2048	1280	3238 	1827 	1070 
3583	2048	1280	3504 	1821 	1070 
3839	2048	1280	3769 	1816 	1070 
4095	2048	1280	4034 	1811 	1070 
0	2303	1280	0 	2074 	1072 
256	2303	1280	0 	2074 	1072 
512	2303	1280	0 	2074 	1072 
768	2303	1280	0 	2073 	1072 
1024	2303	1280	384 	2073 	1072 
1280	2303	1280	865 	2072 	1072 
1536	2303	1280	1212 	2070 	1072 
1792	2303	1280	1511 	2068 	1072 
2048	2303	1280	1806 	2067 	1072 
2303	2303	1280	2072 	2064 	1072 
2559	2303	1280	2354 	2061 	1072 
2815	2303	1280	2645 	2058 	1070 
3071	2303	1280	2920 	2054 	1070 
3327	2303	1280	3215 	2051 	1070 
3583	2303	1280	3483 	2046 	1070 
3839	2303	1280	3750 	2041 	1070 
4095	2303	1280	4016 	2036 	1070 
0	2559	1280	0 	2318 	1072 
256	2559	1280	0 	2318 	1072 
512	2559	1280	0 	2318 	1072 
768	2559	1280	0 	2318 	1072 
1024	2559	1280	0 	2317 	1072 
1280	2559	1280	737 	2315 	1072 
1536	2559	1280	1131 	2314 	1070 
1792	2559	1280	1448 	2313 	1070 
2048	2559	1280	1756 	2311 	1070 
2303	2559	1280	2028 	2308 	1070 
2559	2559	1280	2315 	2306 	1070 
2815	2559	1280	2611 	2304 	1070 
3071	2559	1280	2890 	2300 	1070 
3327	2559	1280	3188 	2296 	1070 
3583	2559	1280	3459 	2293 	1070 
3839	2559	1280	3728 	2289 	1068 
4095	2559	1280	3996 	2285 	1068 
0	2815	1280	0 	2575 	1070 
256	2815	1280	0 	2575 	1070 
512	2815	1280	0 	2575 	1070 
768	2815	1280	0 	2574 	1070 
1024	2815	1280	0 	2573 	1070 
1280	2815	1280	549 	2572 	1070 
1536	2815	1280	1026 	2571 	1070 
1792	2815	1280	1373 	2570 	1070 
2048	2815	1280	1695 	2568 	1070 
2303	2815	1280	1977 	2566 	1070 
2559	2815	1280	2271 	2564 	1070 
2815	2815	1280	2572 	2562 	1070 
3071	2815	1280	2856 	2558 	1068 
3327	2815	1280	3158 	2556 	1068 
3583	2815	1280	3431 	2552 	1068 
3839	2815	1280	3703 	2548 	1068 
4095	2815	1280	3972 	2544 	1068 
0	3071	1280	0 	2819 	1070 
256	3071	1280	0 	2819 	1070 
512	3071	1280	0 	2818 	1070 
768	3071	1280	0 	2818 	1070 
1024	3071	1280	0 	2818 	1070 
1280	3071	1280	115 	2817 	1070 
1536	3071	1280	892 	2816 	1070 
1792	3071	1280	1282 	2815 	1068 
2048	3071	1280	1623 	2813 	1068 
2303	3071	1280	1918 	2811 	1068 
2559	3071	1280	2221 	2810 	1068 
2815	3071	1280	2529 	2807 	1068 
3071	3071	1280	2817 	2804 	1068 
3327	3071	1280	3124 	2802 	1068 
3583	3071	1280	3400 	2799 	1068 
3839	3071	1280	3674 	2795 	1068 
4095	3071	1280	3947 	2791 	1066 
0	3327	1280	0 	3086 	1068 
256	3327	1280	0 	3086 	1068 
512	3327	1280	0 	3086 	1068 
768	3327	1280	0 	3086 	1068 
1024	3327	1280	0 	3086 	1068 
1280	3327	1280	0 	3085 	1068 
1536	3327	1280	713 	3084 	1068 
1792	3327	1280	1172 	3083 	1068 
2048	3327	1280	1541 	3081 	1068 
2303	3327	1280	1852 	3080 	1068 
2559	3327	1280	2165 	3078 	1068 
2815	3327	1280	2480 	3076 	1068 
3071	3327	1280	2774 	3074 	1066 
3327	3327	1280	3086 	3071 	1066 
3583	3327	1280	3366 	3068 	1066 
3839	3327	1280	3642 	3066 	1066 
4095	3327	1280	3917 	3063 	1066 
0	3583	1280	0 	3328 	1068 
256	3583	1280	0 	3328 	1068 
512	3583	1280	0 	3328 	1068 
768	3583	1280	0 	3327 	1068 
1024	3583	1280	0 	3327 	1068 
1280	3583	1280	0 	3326 	1066 
1536	3583	1280	423 	3325 	1066 
1792	3583	1280	1040 	3324 	1066 
2048	3583	1280	1446 	3323 	1066 
2303	3583	1280	1775 	3321 	1066 
2559	3583	1280	2100 	3320 	1066 
2815	3583	1280	2425 	3318 	1066 
3071	3583	1280	2725 	3316 	1066 
3327	3583	1280	3043 	3314 	1066 
3583	3583	1280	3327 	3311 	1066 
3839	3583	1280	3608 	3308 	1064 
4095	3583	1280	3885 	3305 	1064 
0	3839	1280	0 	3569 	1066 
256	3839	1280	0 	3569 	1066 
512	3839	1280	0 	3569 	1066 
768	3839	1280	0 	3569 	1066 
1024	3839	1280	0 	3568 	1066 
1280	3839	1280	0 	3568 	1066 
1536	3839	1280	0 	3567 	1066 
1792	3839	1280	863 	3566 	1066 
2048	3839	1280	1331 	3565 	1066 
2303	3839	1280	1687 	3563 	1066 
2559	3839	1280	2029 	3562 	1064 
2815	3839	1280	2364 	3560 	1064 
3071	3839	1280	2671 	3558 	1064 
3327	3839	1280	2996 	3557 	1064 
3583	3839	1280	3284 	3554 	1064 
3839	3839	1280	3569 	3552 	1064 
4095	3839	1280	3850 	3548 	1064 
0	4095	1280	0 	3811 	1064 
256	4095	1280	0 	3811 	1064 
512	4095	1280	0 	3811 	1064 
768	4095	1280	0 	3811 	1064 
1024	4095	1280	0 	3810 	1064 
1280	4095	1280	0 	3809 	1064 
1536	4095	1280	0 	3809 	1064 
1792	4095	1280	617 	3808 	1064 
2048	4095	1280	1195 	3807 	1064 
2303	4095	1280	1585 	3806 	1064 
2559	4095	1280	1947 	3804 	1064 
2815	4095	1280	2294 	3803 	1064 
3071	4095	1280	2612 	3801 	1064 
3327	4095	1280	2944 	3799 	1064 
3583	4095	1280	3238 	3797 	1064 
3839	4095	1280	3526 	3794 	1064 
4095	4095	1280	3811 	3792 	1064 
0	0	1536	0 	122 	1297 
256	0	1536	168 	122 	1297 
512	0	1536	468 	89 	1297 
768	0	1536	724 	89 	1297 
1024	0	1536	982 	0 	1297 
1280	0	1536	1227 	0 	1297 
1536	0	1536	1483 	0 	1297 
1792	0	1536	1730 	0 	1297 
2048	0	1536	1989 	0 	1297 
2303	0	1536	2230 	0 	1297 
2559	0	1536	2493 	0 	1297 
2815	0	1536	2768 	0 	1297 
3071	0	1536	3031 	0 	1297 
3327	0	1536	3314 	0 	1295 
3583	0	1536	3573 	0 	1295 
3839	0	1536	3832 	0 	1295 
4095	0	1536	4093 	0 	1295 
0	256	1536	0 	244 	1297 
256	256	1536	147 	244 	1297 
512	256	1536	457 	244 	1297 
768	256	1536	721 	231 	1297 
1024	256	1536	980 	231 	1297 
1280	256	1536	1223 	218 	1297 
1536	256	1536	1482 	186 	1297 
1792	256	1536	1730 	147 	1297 
2048	256	1536	1988 	89 	1297 
2303	256	1536	2229 	0 	1297 
2559	256	1536	2491 	0 	1297 
2815	256	1536	2767 	0 	1297 
3071	256	1536	3030 	0 	1297 
3327	256	1536	3313 	0 	1295 
3583	256	1536	3572 	0 	1295 
3839	256	1536	3832 	0 	1295 
4095	256	1536	4092 	0 	1295 
0	512	1536	0 	474 	1297 
256	512	1536	0 	474 	1297 
512	512	1536	432 	468 	1297 
768	512	1536	703 	468 	1297 
1024	512	1536	968 	463 	1297 
1280	512	1536	1216 	451 	1297 
1536	512	1536	1476 	444 	1297 
1792	512	1536	1722 	432 	1297 
2048	512	1536	1984 	419 	1297 
2303	512	1536	2224 	405 	1297 
2559	512	1536	2487 	384 	1297 
2815	512	1536	2763 	361 	1297 
3071	512	1536	3027 	336 	1297 
3327	512	1536	3310 	289 	1295 
3583	512	1536	3570 	244 	1295 
3839	512	1536	3830 	168 	1295 
4095	512	1536	4090 	0 	1295 
0	768	1536	0 	696 	1297 
256	768	1536	0 	693 	1297 
512	768	1536	369 	693 	1297 
768	768	1536	671 	689 	1297 
1024	768	1536	945 	685 	1297 
1280	768	1536	1199 	685 	1297 
1536	768	1536	1461 	678 	1297 
1792	768	1536	1712 	671 	1297 
2048	768	1536	1973 	667 	1297 
2303	768	1536	2217 	655 	1297 
2559	768	1536	2481 	644 	1297 
2815	768	1536	2756 	632 	1297 
3071	768	1536	3022 	620 	1297 
3327	768	1536	3305 	603 	1295 
3583	768	1536	3565 	581 	1295 
3839	768	1536	3825 	559 	1295 
4095	768	1536	4086 	535 	1295 
0	1024	1536	0 	928 	1297 
256	1024	1536	0 	928 	1297 
512	1024	1536	244 	928 	1297 
768	1024	1536	620 	928 	1297 
1024	1024	1536	912 	925 	1297 
1280	1024	1536	1174 	922 	1297 
1536	1024	1536	1443 	917 	1297 
1792	1024	1536	1696 	912 	1297 
2048	1024	1536	1960 	907 	1297 
2303	1024	1536	2204 	899 	1297 
2559	1024	1536	2469 	893 	1297 
2815	1024	1536	2747 	885 	1297 
3071	1024	1536	3012 	874 	1295 
3327	1024	1536	3297 	863 	1295 
3583	1024	1536	3558 	852 	1295 
3839	1024	1536	3819 	840 	1295 
4095	1024	1536	4080 	826 	1295 
0	1280	1536	0 	1151 	1297 
256	1280	1536	0 	1151 	1297 
512	1280	1536	0 	1151 	1297 
768	1280	1536	540 	1151 	1297 
1024	1280	1536	863 	1149 	1297 
1280	1280	1536	1141 	1147 	1297 
1536	1280	1536	1415 	1143 	1297 
1792	1280	1536	1673 	1141 	1297 
2048	1280	1536	1941 	1135 	1297 
2303	1280	1536	2187 	1131 	1297 
2559	1280	1536	2455 	1125 	1295 
2815	1280	1536	2734 	1118 	1295 
3071	1280	1536	3001 	1110 	1295 
3327	1280	1536	3286 	1104 	1295 
3583	1280	1536	3548 	1094 	1295 
3839	1280	1536	3810 	1085 	1295 
4095	1280	1536	4072 	1075 	1295 
0	1536	1536	0 	1388 	1297 
256	1536	1536	0 	1388 	1297 
512	1536	1536	0 	1388 	1297 
768	1536	1536	418 	1386 	1297 
1024	1536	1536	799 	1386 	1297 
1280	1536	1536	1094 	1385 	1297 
1536	1536	1536	1378 	1382 	1297 
1792	1536	1536	1643 	1378 	1297 
2048	1536	1536	1915 	1377 	1295 
2303	1536	1536	2167 	1372 	1295 
2559	1536	1536	2436 	1367 	1295 
2815	1536	1536	2717 	1362 	1295 
3071	1536	1536	2986 	1356 	1295 
3327	1536	1536	3273 	1351 	1295 
3583	1536	1536	3536 	1342 	1295 
3839	1536	1536	3799 	1334 	1295 
4095	1536	1536	4061 	1326 	1293 
0	1792	1536	0 	1615 	1297 
256	1792	1536	0 	1615 	1297 
512	1792	1536	0 	1614 	1297 
768	1792	1536	144 	1614 	1295 
1024	1792	1536	707 	1614 	1295 
1280	1792	1536	1033 	1611 	1295 
1536	1792	1536	1334 	1610 	1295 
1792	1792	1536	1607 	1607 	1295 
2048	1792	1536	1885 	1605 	1295 
2303	1792	1536	2140 	1601 	1295 
2559	1792	1536	2413 	1598 	1295 
2815	1792	1536	2697 	1592 	1295 
3071	1792	1536	2967 	1588 	1295 
3327	1792	1536	3257 	1583 	1295 
3583	1792	1536	3521 	1577 	1293 
3839	1792	1536	3785 	1570 	1293 
4095	1792	1536	4049 	1564 	1293 
0	2048	1536	0 	1856 	1295 
256	2048	1536	0 	1856 	1295 
512	2048	1536	0 	1855 	1295 
768	2048	1536	0 	1855 	1295 
1024	2048	1536	581 	1854 	1295 
1280	2048	1536	958 	1851 	1295 
1536	2048	1536	1279 	1850 	1295 
1792	2048	1536	1564 	1848 	1295 
2048	2048	1536	1849 	1845 	1295 
2303	2048	1536	2107 	1843 	1295 
2559	2048	1536	2385 	1840 	1295 
2815	2048	1536	2672 	1836 	1295 
3071	2048	1536	2945 	1832 	1295 
3327	2048	1536	3237 	1827 	1293 
3583	2048	1536	3503 	1822 	1293 
3839	2048	1536	3768 	1816 	1293 
4095	2048	1536	4033 	1811 	1293 
0	2303	1536	0 	2075 	1295 
256	2303	1536	0 	2075 	1295 
512	2303	1536	0 	2075 	1295 
768	2303	1536	0 	2074 	1295 
1024	2303	1536	377 	2073 	1295 
1280	2303	1536	860 	2072 	1295 
1536	2303	1536	1210 	2071 	1295 
1792	2303	1536	1510 	2069 	1295 
2048	2303	1536	1805 	2067 	1295 
2303	2303	1536	2069 	2064 	1295 
2559	2303	1536	2352 	2062 	1293 
2815	2303	1536	2644 	2058 	1293 
3071	2303	1536	2919 	2055 	1293 
3327	2303	1536	3214 	2051 	1293 
3583	2303	1536	3482 	2046 	1293 
3839	2303	1536	3749 	2042 	1293 
4095	2303	1536	4015 	2037 	1293 
0	2559	1536	0 	2318 	1295 
256	2559	1536	0 	2318 	1295 
512	2559	1536	0 	2318 	1295 
768	2559	1536	0 	2318 	1293 
1024	2559	1536	0 	2317 	1293 
1280	2559	1536	730 	2316 	1293 
1536	2559	1536	1127 	2314 	1293 
1792	2559	1536	1446 	2313 	1293 
2048	2559	1536	1753 	2312 	1293 
2303	2559	1536	2026 	2309 	1293 
2559	2559	1536	2313 	2306 	1293 
2815	2559	1536	2609 	2304 	1293 
3071	2559	1536	2889 	2300 	1293 
3327	2559	1536	3187 	2297 	1293 
3583	2559	1536	3458 	2294 	1291 
3839	2559	1536	3727 	2289 	1291 
4095	2559	1536	3995 	2285 	1291 
0	2815	1536	0 	2575 	1293 
256	2815	1536	0 	2575 	1293 
512	2815	1536	0 	2575 	1293 
768	2815	1536	0 	2575 	1293 
1024	2815	1536	0 	2574 	1293 
1280	2815	1536	544 	2573 	1293 
1536	2815	1536	1022 	2572 	1293 
1792	2815	1536	1370 	2571 	1293 
2048	2815	1536	1692 	2568 	1293 
2303	2815	1536	1974 	2566 	1293 
2559	2815	1536	2270 	2564 	1293 
2815	2815	1536	2571 	2562 	1291 
3071	2815	1536	2855 	2559 	1291 
3327	2815	1536	3157 	2556 	1291 
3583	2815	1536	3430 	2552 	1291 
3839	2815	1536	3702 	2549 	1291 
4095	2815	1536	3972 	2545 	1291 
0	3071	1536	0 	2819 	1293 
256	3071	1536	0 	2819 	1293 
512	3071	1536	0 	2819 	1293 
768	3071	1536	0 	2818 	1293 
1024	3071	1536	0 	2818 	1293 
1280	3071	1536	0 	2817 	1293 
1536	3071	1536	887 	2816 	1291 
1792	3071	1536	1278 	2815 	1291 
2048	3071	1536	1621 	2814 	1291 
2303	3071	1536	1917 	2812 	1291 
2559	3071	1536	2220 	2810 	1291 
2815	3071	1536	2528 	2807 	1291 
3071	3071	1536	2816 	2804 	1291 
3327	3071	1536	3123 	2802 	1291 
3583	3071	1536	3399 	2799 	1291 
3839	3071	1536	3673 	2795 	1290 
4095	3071	1536	3946 	2791 	1290 
0	3327	1536	0 	3086 	1291 
256	3327	1536	0 	3086 	1291 
512	3327	1536	0 	3086 	1291 
768	3327	1536	0 	3086 	1291 
1024	3327	1536	0 	3086 	1291 
1280	3327	1536	0 	3085 	1291 
1536	3327	1536	710 	3084 	1291 
1792	3327	1536	1171 	3083 	1291 
2048	3327	1536	1540 	3082 	1291 
2303	3327	1536	1849 	3080 	1291 
2559	3327	1536	2163 	3078 	1291 
2815	3327	1536	2478 	3077 	1290 
3071	3327	1536	2773 	3074 	1290 
3327	3327	1536	3085 	3072 	1290 
3583	3327	1536	3364 	3069 	1290 
3839	3327	1536	3642 	3066 	1290 
4095	3327	1536	3917 	3063 	1290 
0	3583	1536	0 	3328 	1291 
256	3583	1536	0 	3328 	1291 
512	3583	1536	0 	3328 	1291 
768	3583	1536	0 	3328 	1290 
1024	3583	1536	0 	3327 	1290 
1280	3583	1536	0 	3326 	1290 
1536	3583	1536	410 	3325 	1290 
1792	3583	1536	1035 	3324 	1290 
2048	3583	1536	1442 	3324 	1290 
2303	3583	1536	1774 	3322 	1290 
2559	3583	1536	2099 	3321 	1290 
2815	3583	1536	2423 	3318 	1290 
3071	3583	1536	2724 	3316 	1290 
3327	3583	1536	3042 	3314 	1290 
3583	3583	1536	3326 	3312 	1290 
3839	3583	1536	3607 	3308 	1290 
4095	3583	1536	3884 	3305 	1290 
0	3839	1536	0 	3570 	1290 
256	3839	1536	0 	3570 	1290 
512	3839	1536	0 	3569 	1290 
768	3839	1536	0 	3569 	1290 
1024	3839	1536	0 	3569 	1290 
1280	3839	1536	0 	3568 	1290 
1536	3839	1536	0 	3567 	1290 
1792	3839	1536	860 	3566 	1290 
2048	3839	1536	1329 	3565 	1290 
2303	3839	1536	1684 	3564 	1290 
2559	3839	1536	2027 	3563 	1290 
2815	3839	1536	2362 	3560 	1290 
3071	3839	1536	2670 	3559 	1290 
3327	3839	1536	2994 	3557 	1290 
3583	3839	1536	3283 	3554 	1290 
3839	3839	1536	3568 	3552 	1290 
4095	3839	1536	3849 	3548 	1288 
0	4095	1536	0 	3811 	1290 
256	4095	1536	0 	3811 	1290 
512	4095	1536	0 	3811 	1290 
768	4095	1536	0 	3811 	1290 
1024	4095	1536	0 	3810 	1290 
1280	4095	1536	0 	3810 	1290 
1536	4095	1536	0 	3809 	1290 
1792	4095	1536	609 	3808 	1290 
2048	4095	1536	1191 	3807 	1290 
2303	4095	1536	1584 	3806 	1290 
2559	4095	1536	1944 	3804 	1290 
2815	4095	1536	2293 	3803 	1290 
3071	4095	1536	2610 	3801 	1288 
3327	4095	1536	2943 	3799 	1288 
3583	4095	1536	3237 	3797 	1288 
3839	4095	1536	3525 	3795 	1288 
4095	4095	1536	3810 	3792 	1288 
0	0	1792	0 	122 	1508 
256	0	1792	122 	122 	1508 
512	0	1792	451 	122 	1508 
768	0	1792	717 	89 	1508 
1024	0	1792	978 	0 	1508 
1280	0	1792	1223 	0 	1508 
1536	0	1792	1480 	0 	1508 
1792	0	1792	1728 	0 	1508 
2048	0	1792	1988 	0 	1508 
2303	0	1792	2228 	0 	1507 
2559	0	1792	2491 	0 	1507 
2815	0	1792	2766 	0 	1507 
3071	0	1792	3030 	0 	1507 
3327	0	1792	3312 	0 	1507 
3583	0	1792	3572 	0 	1507 
3839	0	1792	3832 	0 	1507 
4095	0	1792	4091 	0 	1506 
0	256	1792	0 	256 	1508 
256	256	1792	89 	256 	1508 
512	256	1792	451 	244 	1508 
768	256	1792	710 	244 	1508 
1024	256	1792	973 	231 	1508 
1280	256	1792	1221 	218 	1508 
1536	256	1792	1479 	203 	1508 
1792	256	1792	1726 	147 	1508 
2048	256	1792	1986 	122 	1508 
2303	256	1792	2226 	0 	1507 
2559	256	1792	2490 	0 	1507 
2815	256	1792	2765 	0 	1507 
3071	256	1792	3029 	0 	1507 
3327	256	1792	3312 	0 	1507 
3583	256	1792	3571 	0 	1507 
3839	256	1792	3831 	0 	1507 
4095	256	1792	4091 	0 	1506 
0	512	1792	0 	474 	1508 
256	512	1792	0 	474 	1508 
512	512	1792	419 	474 	1508 
768	512	1792	696 	468 	1508 
1024	512	1792	963 	463 	1508 
1280	512	1792	1212 	457 	1508 
1536	512	1792	1471 	451 	1508 
1792	512	1792	1720 	438 	1508 
2048	512	1792	1980 	425 	1508 
2303	512	1792	2222 	412 	1507 
2559	512	1792	2486 	384 	1507 
2815	512	1792	2762 	369 	1507 
3071	512	1792	3026 	336 	1507 
3327	512	1792	3308 	299 	1507 
3583	512	1792	3569 	256 	1507 
3839	512	1792	3829 	186 	1507 
4095	512	1792	4089 	0 	1506 
0	768	1792	0 	696 	1508 
256	768	1792	0 	696 	1508 
512	768	1792	353 	696 	1508 
768	768	1792	663 	693 	1508 
1024	768	1792	940 	689 	1508 
1280	768	1792	1195 	685 	1508 
1536	768	1792	1459 	682 	1508 
1792	768	1792	1710 	674 	1508 
2048	768	1792	1972 	667 	1507 
2303	768	1792	2214 	659 	1507 
2559	768	1792	2478 	648 	1507 
2815	768	1792	2755 	632 	1507 
3071	768	1792	3020 	620 	1507 
3327	768	1792	3303 	603 	1507 
3583	768	1792	3564 	586 	1507 
3839	768	1792	3824 	563 	1507 
4095	768	1792	4085 	540 	1506 
0	1024	1792	0 	930 	1508 
256	1024	1792	0 	930 	1508 
512	1024	1792	218 	928 	1508 
768	1024	1792	611 	928 	1508 
1024	1024	1792	907 	928 	1508 
1280	1024	1792	1170 	922 	1508 
1536	1024	1792	1438 	920 	1507 
1792	1024	1792	1693 	915 	1507 
2048	1024	1792	1957 	909 	1507 
2303	1024	1792	2202 	901 	1507 
2559	1024	1792	2468 	896 	1507 
2815	1024	1792	2745 	885 	1507 
3071	1024	1792	3011 	877 	1507 
3327	1024	1792	3296 	866 	1507 
3583	1024	1792	3557 	855 	1507 
3839	1024	1792	3818 	840 	1506 
4095	1024	1792	4079 	826 	1506 
0	1280	1792	0 	1153 	1507 
256	1280	1792	0 	1153 	1507 
512	1280	1792	0 	1153 	1507 
768	1280	1792	530 	1151 	1507 
1024	1280	1792	858 	1151 	1507 
1280	1280	1792	1135 	1147 	1507 
1536	1280	1792	1412 	1145 	1507 
1792	1280	1792	1670 	1141 	1507 
2048	1280	1792	1938 	1137 	1507 
2303	1280	1792	2186 	1131 	1507 
2559	1280	1792	2453 	1127 	1507 
2815	1280	1792	2733 	1120 	1507 
3071	1280	1792	2999 	1112 	1507 
3327	1280	1792	3285 	1104 	1507 
3583	1280	1792	3547 	1096 	1506 
3839	1280	1792	3809 	1087 	1506 
4095	1280	1792	4070 	1075 	1506 
0	1536	1792	0 	1390 	1507 
256	1536	1792	0 	1390 	1507 
512	1536	1792	0 	1390 	1507 
768	1536	1792	405 	1388 	1507 
1024	1536	1792	793 	1386 	1507 
1280	1536	1792	1087 	1386 	1507 
1536	1536	1792	1377 	1383 	1507 
1792	1536	1792	1642 	1380 	1507 
2048	1536	1792	1914 	1377 	1507 
2303	1536	1792	2164 	1372 	1507 
2559	1536	1792	2434 	1369 	1507 
2815	1536	1792	2716 	1362 	1507 
3071	1536	1792	2984 	1357 	1507 
3327	1536	1792	3272 	1351 	1506 
3583	1536	1792	3535 	1342 	1506 
3839	1536	1792	3798 	1336 	1506 
4095	1536	1792	4060 	1327 	1506 
0	1792	1792	0 	1617 	1507 
256	1792	1792	0 	1617 	1507 
512	1792	1792	0 	1615 	1507 
768	1792	1792	0 	1614 	1507 
1024	1792	1792	703 	1614 	1507 
1280	1792	1792	1028 	1613 	1507 
1536	1792	1792	1331 	1610 	1507 
1792	1792	1792	1605 	1607 	1507 
2048	1792	1792	1883 	1606 	1507 
2303	1792	1792	2137 	1602 	1507 
2559	1792	1792	2411 	1599 	1507 
2815	1792	1792	2695 	1594 	1506 
3071	1792	1792	2965 	1590 	1506 
3327	1792	1792	3255 	1584 	1506 
3583	1792	1792	3520 	1577 	1506 
3839	1792	1792	3784 	1570 	1506 
4095	1792	1792	4047 	1564 	1506 
0	2048	1792	0 	1856 	1507 
256	2048	1792	0 	1856 	1507 
512	2048	1792	0 	1856 	1507 
768	2048	1792	0 	1855 	1507 
1024	2048	1792	572 	1854 	1507 
1280	2048	1792	953 	1852 	1507 
1536	2048	1792	1274 	1850 	1507 
1792	2048	1792	1561 	1849 	1507 
2048	2048	1792	1845 	1847 	1506 
2303	2048	1792	2105 	1843 	1506 
2559	2048	1792	2383 	1840 	1506 
2815	2048	1792	2670 	1837 	1506 
3071	2048	1792	2943 	1832 	1506 
3327	2048	1792	3236 	1828 	1506 
3583	2048	1792	3502 	1823 	1506 
3839	2048	1792	3767 	1818 	1506 
4095	2048	1792	4032 	1812 	1504 
0	2303	1792	0 	2076 	1506 
256	2303	1792	0 	2076 	1506 
512	2303	1792	0 	2075 	1506 
768	2303	1792	0 	2075 	1506 
1024	2303	1792	354 	2074 	1506 
1280	2303	1792	854 	2073 	1506 
1536	2303	1792	1205 	2071 	1506 
1792	2303	1792	1507 	2069 	1506 
2048	2303	1792	1802 	2067 	1506 
2303	2303	1792	2067 	2065 	1506 
2559	2303	1792	2351 	2062 	1506 
2815	2303	1792	2641 	2059 	1506 
3071	2303	1792	2918 	2056 	1506 
3327	2303	1792	3212 	2052 	1506 
3583	2303	1792	3481 	2047 	1504 
3839	2303	1792	3748 	2042 	1504 
4095	2303	1792	4015 	2037 	1504 
0	2559	1792	0 	2319 	1506 
256	2559	1792	0 	2319 	1506 
512	2559	1792	0 	2319 	1506 
768	2559	1792	0 	2318 	1506 
1024	2559	1792	0 	2318 	1506 
1280	2559	1792	724 	2317 	1506 
1536	2559	1792	1120 	2315 	1506 
1792	2559	1792	1442 	2313 	1506 
2048	2559	1792	1749 	2312 	1506 
2303	2559	1792	2025 	2309 	1506 
2559	2559	1792	2313 	2307 	1506 
2815	2559	1792	2608 	2304 	1504 
3071	2559	1792	2888 	2301 	1504 
3327	2559	1792	3186 	2297 	1504 
3583	2559	1792	3456 	2294 	1504 
3839	2559	1792	3726 	2289 	1504 
4095	2559	1792	3994 	2285 	1504 
0	2815	1792	0 	2576 	1506 
256	2815	1792	0 	2576 	1506 
512	2815	1792	0 	2575 	1506 
768	2815	1792	0 	2575 	1506 
1024	2815	1792	0 	2575 	1506 
1280	2815	1792	530 	2573 	1504 
1536	2815	1792	1017 	2572 	1504 
1792	2815	1792	1365 	2571 	1504 
2048	2815	1792	1690 	2569 	1504 
2303	2815	1792	1973 	2567 	1504 
2559	2815	1792	2268 	2565 	1504 
2815	2815	1792	2570 	2562 	1504 
3071	2815	1792	2853 	2560 	1504 
3327	2815	1792	3156 	2556 	1504 
3583	2815	1792	3429 	2553 	1504 
3839	2815	1792	3701 	2549 	1503 
4095	2815	1792	3971 	2545 	1503 
0	3071	1792	0 	2820 	1504 
256	3071	1792	0 	2820 	1504 
512	3071	1792	0 	2820 	1504 
768	3071	1792	0 	2819 	1504 
1024	3071	1792	0 	2818 	1504 
1280	3071	1792	0 	2818 	1504 
1536	3071	1792	882 	2817 	1504 
1792	3071	1792	1276 	2815 	1504 
2048	3071	1792	1619 	2814 	1504 
2303	3071	1792	1914 	2812 	1504 
2559	3071	1792	2218 	2810 	1504 
2815	3071	1792	2526 	2807 	1504 
3071	3071	1792	2815 	2805 	1503 
3327	3071	1792	3122 	2802 	1503 
3583	3071	1792	3398 	2799 	1503 
3839	3071	1792	3672 	2796 	1503 
4095	3071	1792	3945 	2792 	1503 
0	3327	1792	0 	3087 	1504 
256	3327	1792	0 	3087 	1504 
512	3327	1792	0 	3087 	1504 
768	3327	1792	0 	3086 	1504 
1024	3327	1792	0 	3086 	1504 
1280	3327	1792	0 	3086 	1503 
1536	3327	1792	700 	3085 	1503 
1792	3327	1792	1165 	3083 	1503 
2048	3327	1792	1536 	3082 	1503 
2303	3327	1792	1847 	3080 	1503 
2559	3327	1792	2162 	3079 	1503 
2815	3327	1792	2477 	3077 	1503 
3071	3327	1792	2771 	3074 	1503 
3327	3327	1792	3083 	3072 	1503 
3583	3327	1792	3363 	3069 	1503 
3839	3327	1792	3641 	3066 	1503 
4095	3327	1792	3916 	3063 	1503 
0	3583	1792	0 	3328 	1503 
256	3583	1792	0 	3328 	1503 
512	3583	1792	0 	3328 	1503 
768	3583	1792	0 	3328 	1503 
1024	3583	1792	0 	3327 	1503 
1280	3583	1792	0 	3327 	1503 
1536	3583	1792	403 	3326 	1503 
1792	3583	1792	1031 	3325 	1503 
2048	3583	1792	1440 	3324 	1503 
2303	3583	1792	1770 	3322 	1503 
2559	3583	1792	2096 	3321 	1503 
2815	3583	1792	2421 	3319 	1503 
3071	3583	1792	2722 	3316 	1503 
3327	3583	1792	3041 	3315 	1503 
3583	3583	1792	3325 	3312 	1503 
3839	3583	1792	3606 	3309 	1503 
4095	3583	1792	3883 	3306 	1503 
0	3839	1792	0 	3570 	1503 
256	3839	1792	0 	3570 	1503 
512	3839	1792	0 	3570 	1503 
768	3839	1792	0 	3569 	1503 
1024	3839	1792	0 	3569 	1503 
1280	3839	1792	0 	3568 	1503 
1536	3839	1792	0 	3567 	1503 
1792	3839	1792	855 	3566 	1503 
2048	3839	1792	1326 	3566 	1503 
2303	3839	1792	1683 	3564 	1503 
2559	3839	1792	2025 	3563 	1503 
2815	3839	1792	2359 	3561 	1503 
3071	3839	1792	2669 	3559 	1503 
3327	3839	1792	2994 	3557 	1503 
3583	3839	1792	3283 	3554 	1501 
3839	3839	1792	3567 	3552 	1501 
4095	3839	1792	3848 	3549 	1501 
0	4095	1792	0 	3811 	1503 
256	4095	1792	0 	3811 	1503 
512	4095	1792	0 	3811 	1503 
768	4095	1792	0 	3811 	1503 
1024	4095	1792	0 	3811 	1503 
1280	4095	1792	0 	3810 	1503 
1536	4095	1792	0 	3809 	1503 
1792	4095	1792	601 	3809 	1501 
2048	4095	1792	1188 	3807 	1501 
2303	4095	1792	1580 	3806 	1501 
2559	4095	1792	1942 	3805 	1501 
2815	4095	1792	2291 	3803 	1501 
3071	4095	1792	2608 	3801 	1501 
3327	4095	1792	2941 	3799 	1501 
3583	4095	1792	3236 	3797 	1501 
3839	4095	1792	3524 	3795 	1500 
4095	4095	1792	3809 	3793 	1500 
0	0	2048	0 	147 	1732 
256	0	2048	0 	147 	1732 
512	0	2048	438 	147 	1732 
768	0	2048	707 	122 	1732 
1024	0	2048	970 	89 	1732 
1280	0	2048	1218 	0 	1732 
1536	0	2048	1476 	0 	1732 
1792	0	2048	1725 	0 	1732 
2048	0	2048	1985 	0 	1732 
2303	0	2048	2226 	0 	1732 
2559	0	2048	2489 	0 	1731 
2815	0	2048	2765 	0 	1731 
3071	0	2048	3028 	0 	1731 
3327	0	2048	3311 	0 	1731 
3583	0	2048	3571 	0 	1731 
3839	0	2048	3830 	0 	1731 
4095	0	2048	4090 	0 	1731 
0	256	2048	0 	268 	1732 
256	256	2048	0 	268 	1732 
512	256	2048	432 	256 	1732 
768	256	2048	703 	244 	1732 
1024	256	2048	968 	231 	1732 
1280	256	2048	1216 	231 	1732 
1536	256	2048	1476 	203 	1732 
1792	256	2048	1722 	168 	1732 
2048	256	2048	1984 	147 	1732 
2303	256	2048	2224 	0 	1732 
2559	256	2048	2488 	0 	1731 
2815	256	2048	2763 	0 	1731 
3071	256	2048	3027 	0 	1731 
3327	256	2048	3310 	0 	1731 
3583	256	2048	3570 	0 	1731 
3839	256	2048	3830 	0 	1731 
4095	256	2048	4090 	0 	1731 
0	512	2048	0 	480 	1732 
256	512	2048	0 	480 	1732 
512	512	2048	398 	480 	1732 
768	512	2048	685 	474 	1732 
1024	512	2048	955 	468 	1732 
1280	512	2048	1207 	463 	1732 
1536	512	2048	1468 	451 	1732 
1792	512	2048	1716 	444 	1732 
2048	512	2048	1978 	425 	1732 
2303	512	2048	2220 	412 	1731 
2559	512	2048	2484 	391 	1731 
2815	512	2048	2760 	369 	1731 
3071	512	2048	3024 	345 	1731 
3327	512	2048	3307 	309 	1731 
3583	512	2048	3567 	256 	1731 
3839	512	2048	3827 	203 	1731 
4095	512	2048	4088 	89 	1730 
0	768	2048	0 	700 	1732 
256	768	2048	0 	700 	1732 
512	768	2048	336 	700 	1732 
768	768	2048	651 	696 	1732 
1024	768	2048	933 	693 	1732 
1280	768	2048	1191 	689 	1732 
1536	768	2048	1455 	685 	1732 
1792	768	2048	1706 	678 	1732 
2048	768	2048	1969 	667 	1732 
2303	768	2048	2212 	659 	1731 
2559	768	2048	2477 	648 	1731 
2815	768	2048	2753 	636 	1731 
3071	768	2048	3018 	624 	1731 
3327	768	2048	3302 	603 	1731 
3583	768	2048	3563 	586 	1731 
3839	768	2048	3823 	568 	1731 
4095	768	2048	4084 	545 	1730 
0	1024	2048	0 	933 	1732 
256	1024	2048	0 	933 	1732 
512	1024	2048	168 	930 	1732 
768	1024	2048	603 	930 	1732 
1024	1024	2048	899 	928 	1732 
1280	1024	2048	1164 	925 	1732 
1536	1024	2048	1435 	920 	1732 
1792	1024	2048	1690 	915 	1731 
2048	1024	2048	1955 	912 	1731 
2303	1024	2048	2200 	904 	1731 
2559	1024	2048	2466 	899 	1731 
2815	1024	2048	2744 	888 	1731 
3071	1024	2048	3009 	880 	1731 
3327	1024	2048	3294 	869 	1731 
3583	1024	2048	3555 	855 	1731 
3839	1024	2048	3817 	840 	1730 
4095	1024	2048	4077 	826 	1730 
0	1280	2048	0 	1155 	1732 
256	1280	2048	0 	1155 	1732 
512	1280	2048	0 	1153 	1732 
768	1280	2048	520 	1153 	1732 
1024	1280	2048	852 	1151 	1731 
1280	1280	2048	1131 	1149 	1731 
1536	1280	2048	1407 	1147 	1731 
1792	1280	2048	1668 	1141 	1731 
2048	1280	2048	1935 	1139 	1731 
2303	1280	2048	2183 	1133 	1731 
2559	1280	2048	2451 	1129 	1731 
2815	1280	2048	2731 	1120 	1731 
3071	1280	2048	2998 	1114 	1731 
3327	1280	2048	3283 	1106 	1731 
3583	1280	2048	3546 	1098 	1730 
3839	1280	2048	3808 	1087 	1730 
4095	1280	2048	4069 	1075 	1730 
0	1536	2048	0 	1391 	1731 
256	1536	2048	0 	1391 	1731 
512	1536	2048	0 	1391 	1731 
768	1536	2048	384 	1390 	1731 
1024	1536	2048	783 	1388 	1731 
1280	1536	2048	1083 	1386 	1731 
1536	1536	2048	1372 	1385 	1731 
1792	1536	2048	1638 	1382 	1731 
2048	1536	2048	1911 	1377 	1731 
2303	1536	2048	2162 	1373 	1731 
2559	1536	2048	2432 	1369 	1731 
2815	1536	2048	2713 	1364 	1731 
3071	1536	2048	2983 	1359 	1731 
3327	1536	2048	3271 	1352 	1730 
3583	1536	2048	3534 	1344 	1730 
3839	1536	2048	3796 	1337 	1730 
4095	1536	2048	4059 	1329 	1730 
0	1792	2048	0 	1617 	1731 
256	1792	2048	0 	1617 	1731 
512	1792	2048	0 	1617 	1731 
768	1792	2048	0 	1615 	1731 
1024	1792	2048	693 	1614 	1731 
1280	1792	2048	1024 	1614 	1731 
1536	1792	2048	1326 	1611 	1731 
1792	1792	2048	1601 	1609 	1731 
2048	1792	2048	1880 	1606 	1731 
2303	1792	2048	2135 	1603 	1731 
2559	1792	2048	2409 	1599 	1731 
2815	1792	2048	2693 	1595 	1730 
3071	1792	2048	2964 	1590 	1730 
3327	1792	2048	3254 	1586 	1730 
3583	1792	2048	3518 	1579 	1730 
3839	1792	2048	3782 	1572 	1730 
4095	1792	2048	4046 	1565 	1730 
0	2048	2048	0 	1856 	1731 
256	2048	2048	0 	1856 	1731 
512	2048	2048	0 	1856 	1731 
768	2048	2048	0 	1856 	1731 
1024	2048	2048	559 	1855 	1731 
1280	2048	2048	946 	1854 	1731 
1536	2048	2048	1270 	1851 	1731 
1792	2048	2048	1557 	1849 	1731 
2048	2048	2048	1843 	1847 	1731 
2303	2048	2048	2103 	1844 	1730 
2559	2048	2048	2381 	1841 	1730 
2815	2048	2048	2669 	1837 	1730 
3071	2048	2048	2941 	1833 	1730 
3327	2048	2048	3234 	1829 	1730 
3583	2048	2048	3501 	1825 	1730 
3839	2048	2048	3766 	1819 	1730 
4095	2048	2048	4031 	1812 	1730 
0	2303	2048	0 	2077 	1730 
256	2303	2048	0 	2076 	1730 
512	2303	2048	0 	2076 	1730 
768	2303	2048	0 	2075 	1730 
1024	2303	2048	338 	2074 	1730 
1280	2303	2048	846 	2073 	1730 
1536	2303	2048	1201 	2072 	1730 
1792	2303	2048	1503 	2070 	1730 
2048	2303	2048	1800 	2068 	1730 
2303	2303	2048	2065 	2066 	1730 
2559	2303	2048	2348 	2062 	1730 
2815	2303	2048	2640 	2060 	1730 
3071	2303	2048	2916 	2056 	1730 
3327	2303	2048	3211 	2052 	1730 
3583	2303	2048	3479 	2048 	1730 
3839	2303	2048	3747 	2043 	1730 
4095	2303	2048	4013 	2038 	1730 
0	2559	2048	0 	2320 	1730 
256	2559	2048	0 	2320 	1730 
512	2559	2048	0 	2320 	1730 
768	2559	2048	0 	2319 	1730 
1024	2559	2048	0 	2318 	1730 
1280	2559	2048	713 	2317 	1730 
1536	2559	2048	1116 	2316 	1730 
1792	2559	2048	1439 	2314 	1730 
2048	2559	2048	1747 	2313 	1730 
2303	2559	2048	2021 	2310 	1730 
2559	2559	2048	2310 	2308 	1730 
2815	2559	2048	2606 	2305 	1730 
3071	2559	2048	2885 	2302 	1730 
3327	2559	2048	3184 	2298 	1730 
3583	2559	2048	3455 	2295 	1730 
3839	2559	2048	3725 	2290 	1730 
4095	2559	2048	3992 	2286 	1730 
0	2815	2048	0 	2576 	1730 
256	2815	2048	0 	2576 	1730 
512	2815	2048	0 	2576 	1730 
768	2815	2048	0 	2575 	1730 
1024	2815	2048	0 	2575 	1730 
1280	2815	2048	521 	2574 	1730 
1536	2815	2048	1010 	2572 	1730 
1792	2815	2048	1362 	2571 	1730 
2048	2815	2048	1686 	2570 	1730 
2303	2815	2048	1970 	2568 	1730 
2559	2815	2048	2266 	2565 	1730 
2815	2815	2048	2568 	2563 	1730 
3071	2815	2048	2852 	2560 	1730 
3327	2815	2048	3154 	2557 	1730 
3583	2815	2048	3428 	2553 	1730 
3839	2815	2048	3700 	2549 	1728 
4095	2815	2048	3970 	2545 	1728 
0	3071	2048	0 	2820 	1730 
256	3071	2048	0 	2820 	1730 
512	3071	2048	0 	2820 	1730 
768	3071	2048	0 	2820 	1730 
1024	3071	2048	0 	2819 	1730 
1280	3071	2048	0 	2818 	1730 
1536	3071	2048	874 	2817 	1730 
1792	3071	2048	1271 	2816 	1730 
2048	3071	2048	1615 	2814 	1730 
2303	3071	2048	1912 	2812 	1730 
2559	3071	2048	2216 	2810 	1730 
2815	3071	2048	2523 	2808 	1730 
3071	3071	2048	2813 	2806 	1728 
3327	3071	2048	3120 	2803 	1728 
3583	3071	2048	3397 	2799 	1728 
3839	3071	2048	3671 	2797 	1728 
4095	3071	2048	3944 	2793 	1728 
0	3327	2048	0 	3088 	1730 
256	3327	2048	0 	3088 	1730 
512	3327	2048	0 	3088 	1730 
768	3327	2048	0 	3087 	1730 
1024	3327	2048	0 	3086 	1730 
1280	3327	2048	0 	3086 	1730 
1536	3327	2048	693 	3085 	1730 
1792	3327	2048	1161 	3084 	1728 
2048	3327	2048	1533 	3083 	1728 
2303	3327	2048	1845 	3081 	1728 
2559	3327	2048	2159 	3079 	1728 
2815	3327	2048	2475 	3077 	1728 
3071	3327	2048	2769 	3075 	1728 
3327	3327	2048	3081 	3072 	1728 
3583	3327	2048	3362 	3070 	1728 
3839	3327	2048	3640 	3066 	1727 
4095	3327	2048	3914 	3063 	1727 
0	3583	2048	0 	3329 	1728 
256	3583	2048	0 	3329 	1728 
512	3583	2048	0 	3329 	1728 
768	3583	2048	0 	3328 	1728 
1024	3583	2048	0 	3328 	1728 
1280	3583	2048	0 	3327 	1728 
1536	3583	2048	383 	3326 	1728 
1792	3583	2048	1024 	3325 	1728 
2048	3583	2048	1436 	3324 	1728 
2303	3583	2048	1766 	3322 	1728 
2559	3583	2048	2094 	3321 	1728 
2815	3583	2048	2419 	3319 	1727 
3071	3583	2048	2721 	3317 	1727 
3327	3583	2048	3039 	3315 	1727 
3583	3583	2048	3324 	3312 	1727 
3839	3583	2048	3604 	3309 	1727 
4095	3583	2048	3882 	3306 	1727 
0	3839	2048	0 	3570 	1727 
256	3839	2048	0 	3570 	1727 
512	3839	2048	0 	3570 	1727 
768	3839	2048	0 	3570 	1727 
1024	3839	2048	0 	3569 	1727 
1280	3839	2048	0 	3569 	1727 
1536	3839	2048	0 	3568 	1727 
1792	3839	2048	847 	3567 	1727 
2048	3839	2048	1322 	3566 	1727 
2303	3839	2048	1679 	3565 	1727 
2559	3839	2048	2021 	3563 	1727 
2815	3839	2048	2358 	3561 	1727 
3071	3839	2048	2667 	3559 	1727 
3327	3839	2048	2992 	3557 	1727 
3583	3839	2048	3281 	3555 	1726 
3839	3839	2048	3566 	3552 	1726 
4095	3839	2048	3847 	3549 	1726 
0	4095	2048	0 	3812 	1727 
256	4095	2048	0 	3812 	1727 
512	4095	2048	0 	3811 	1727 
768	4095	2048	0 	3811 	1727 
1024	4095	2048	0 	3811 	1727 
1280	4095	2048	0 	3810 	1727 
1536	4095	2048	0 	3810 	1727 
1792	4095	2048	588 	3809 	1727 
2048	4095	2048	1182 	3808 	1726 
2303	4095	2048	1577 	3806 	1726 
2559	4095	2048	1940 	3805 	1726 
2815	4095	2048	2288 	3803 	1726 
3071	4095	2048	2606 	3802 	1726 
3327	4095	2048	2939 	3800 	1726 
3583	4095	2048	3234 	3798 	1726 
3839	4095	2048	3523 	3795 	1726 
4095	4095	2048	3808 	3793 	1725 
0	0	2303	0 	147 	1936 
256	0	2303	0 	147 	1936 
512	0	2303	419 	147 	1936 
768	0	2303	696 	147 	1936 
1024	0	2303	965 	122 	1936 
1280	0	2303	1212 	89 	1936 
1536	0	2303	1473 	0 	1936 
1792	0	2303	1721 	0 	1936 
2048	0	2303	1981 	0 	1936 
2303	0	2303	2222 	0 	1936 
2559	0	2303	2486 	0 	1936 
2815	0	2303	2762 	0 	1936 
3071	0	2303	3026 	0 	1936 
3327	0	2303	3309 	0 	1936 
3583	0	2303	3569 	0 	1935 
3839	0	2303	3829 	0 	1935 
4095	0	2303	4089 	0 	1935 
0	256	2303	0 	279 	1936 
256	256	2303	0 	268 	1936 
512	256	2303	412 	268 	1936 
768	256	2303	693 	256 	1936 
1024	256	2303	960 	244 	1936 
1280	256	2303	1210 	231 	1936 
1536	256	2303	1470 	218 	1936 
1792	256	2303	1720 	186 	1936 
2048	256	2303	1979 	147 	1936 
2303	256	2303	2221 	89 	1936 
2559	256	2303	2486 	0 	1936 
2815	256	2303	2761 	0 	1936 
3071	256	2303	3026 	0 	1936 
3327	256	2303	3308 	0 	1936 
3583	256	2303	3568 	0 	1935 
3839	256	2303	3828 	0 	1935 
4095	256	2303	4089 	0 	1935 
0	512	2303	0 	486 	1936 
256	512	2303	0 	486 	1936 
512	512	2303	384 	486 	1936 
768	512	2303	674 	480 	1936 
1024	512	2303	948 	474 	1936 
1280	512	2303	1203 	468 	1936 
1536	512	2303	1464 	457 	1936 
1792	512	2303	1714 	451 	1936 
2048	512	2303	1975 	432 	1936 
2303	512	2303	2217 	419 	1936 
2559	512	2303	2481 	398 	1936 
2815	512	2303	2757 	376 	1936 
3071	512	2303	3022 	345 	1936 
3327	512	2303	3305 	318 	1936 
3583	512	2303	3566 	268 	1935 
3839	512	2303	3826 	218 	1935 
4095	512	2303	4086 	122 	1935 
0	768	2303	0 	703 	1936 
256	768	2303	0 	703 	1936 
512	768	2303	299 	703 	1936 
768	768	2303	644 	700 	1936 
1024	768	2303	928 	696 	1936 
1280	768	2303	1184 	693 	1936 
1536	768	2303	1450 	685 	1936 
1792	768	2303	1703 	682 	1936 
2048	768	2303	1965 	671 	1936 
2303	768	2303	2209 	663 	1936 
2559	768	2303	2474 	651 	1936 
2815	768	2303	2751 	640 	1936 
3071	768	2303	3016 	624 	1936 
3327	768	2303	3301 	607 	1935 
3583	768	2303	3561 	590 	1935 
3839	768	2303	3822 	572 	1935 
4095	768	2303	4082 	549 	1935 
0	1024	2303	0 	935 	1936 
256	1024	2303	0 	935 	1936 
512	1024	2303	122 	933 	1936 
768	1024	2303	586 	933 	1936 
1024	1024	2303	891 	930 	1936 
1280	1024	2303	1160 	928 	1936 
1536	1024	2303	1430 	922 	1936 
1792	1024	2303	1686 	917 	1936 
2048	1024	2303	1951 	912 	1936 
2303	1024	2303	2197 	907 	1936 
2559	1024	2303	2463 	899 	1936 
2815	1024	2303	2741 	891 	1936 
3071	1024	2303	3008 	882 	1935 
3327	1024	2303	3293 	869 	1935 
3583	1024	2303	3554 	858 	1935 
3839	1024	2303	3815 	843 	1935 
4095	1024	2303	4076 	829 	1935 
0	1280	2303	0 	1157 	1936 
256	1280	2303	0 	1157 	1936 
512	1280	2303	0 	1155 	1936 
768	1280	2303	505 	1155 	1936 
1024	1280	2303	840 	1153 	1936 
1280	1280	2303	1125 	1151 	1936 
1536	1280	2303	1402 	1149 	1936 
1792	1280	2303	1663 	1143 	1936 
2048	1280	2303	1932 	1141 	1936 
2303	1280	2303	2180 	1135 	1936 
2559	1280	2303	2449 	1131 	1936 
2815	1280	2303	2728 	1123 	1935 
3071	1280	2303	2996 	1116 	1935 
3327	1280	2303	3282 	1108 	1935 
3583	1280	2303	3544 	1098 	1935 
3839	1280	2303	3806 	1087 	1935 
4095	1280	2303	4068 	1077 	1935 
0	1536	2303	0 	1393 	1936 
256	1536	2303	0 	1393 	1936 
512	1536	2303	0 	1391 	1936 
768	1536	2303	370 	1391 	1936 
1024	1536	2303	777 	1390 	1936 
1280	1536	2303	1077 	1386 	1936 
1536	1536	2303	1367 	1386 	1936 
1792	1536	2303	1634 	1383 	1936 
2048	1536	2303	1908 	1378 	1936 
2303	1536	2303	2159 	1375 	1935 
2559	1536	2303	2430 	1370 	1935 
2815	1536	2303	2712 	1365 	1935 
3071	1536	2303	2980 	1360 	1935 
3327	1536	2303	3268 	1352 	1935 
3583	1536	2303	3531 	1346 	1935 
3839	1536	2303	3795 	1339 	1935 
4095	1536	2303	4057 	1331 	1935 
0	1792	2303	0 	1618 	1936 
256	1792	2303	0 	1618 	1936 
512	1792	2303	0 	1618 	1936 
768	1792	2303	0 	1617 	1936 
1024	1792	2303	682 	1615 	1936 
1280	1792	2303	1017 	1614 	1935 
1536	1792	2303	1320 	1613 	1935 
1792	1792	2303	1598 	1610 	1935 
2048	1792	2303	1877 	1607 	1935 
2303	1792	2303	2132 	1605 	1935 
2559	1792	2303	2406 	1599 	1935 
2815	1792	2303	2691 	1596 	1935 
3071	1792	2303	2962 	1591 	1935 
3327	1792	2303	3252 	1586 	1935 
3583	1792	2303	3517 	1580 	1935 
3839	1792	2303	3781 	1573 	1935 
4095	1792	2303	4045 	1566 	1935 
0	2048	2303	0 	1857 	1935 
256	2048	2303	0 	1857 	1935 
512	2048	2303	0 	1857 	1935 
768	2048	2303	0 	1856 	1935 
1024	2048	2303	545 	1856 	1935 
1280	2048	2303	941 	1855 	1935 
1536	2048	2303	1265 	1852 	1935 
1792	2048	2303	1552 	1850 	1935 
2048	2048	2303	1840 	1848 	1935 
2303	2048	2303	2099 	1845 	1935 
2559	2048	2303	2378 	1842 	1935 
2815	2048	2303	2666 	1837 	1935 
3071	2048	2303	2940 	1834 	1935 
3327	2048	2303	3232 	1830 	1935 
3583	2048	2303	3499 	1825 	1935 
3839	2048	2303	3764 	1819 	1935 
4095	2048	2303	4030 	1813 	1935 
0	2303	2303	0 	2077 	1935 
256	2303	2303	0 	2077 	1935 
512	2303	2303	0 	2077 	1935 
768	2303	2303	0 	2076 	1935 
1024	2303	2303	312 	2075 	1935 
1280	2303	2303	840 	2074 	1935 
1536	2303	2303	1195 	2073 	1935 
1792	2303	2303	1498 	2071 	1935 
2048	2303	2303	1795 	2069 	1935 
2303	2303	2303	2062 	2067 	1935 
2559	2303	2303	2346 	2063 	1935 
2815	2303	2303	2637 	2061 	1935 
3071	2303	2303	2914 	2057 	1935 
3327	2303	2303	3209 	2053 	1935 
3583	2303	2303	3478 	2049 	1935 
3839	2303	2303	3745 	2044 	1935 
4095	2303	2303	4012 	2039 	1935 
0	2559	2303	0 	2321 	1935 
256	2559	2303	0 	2321 	1935 
512	2559	2303	0 	2320 	1935 
768	2559	2303	0 	2320 	1935 
1024	2559	2303	0 	2319 	1935 
1280	2559	2303	707 	2318 	1935 
1536	2559	2303	1110 	2317 	1935 
1792	2559	2303	1434 	2315 	1935 
2048	2559	2303	1743 	2313 	1935 
2303	2559	2303	2018 	2311 	1935 
2559	2559	2303	2307 	2308 	1935 
2815	2559	2303	2604 	2305 	1935 
3071	2559	2303	2884 	2303 	1935 
3327	2559	2303	3183 	2299 	1935 
3583	2559	2303	3454 	2295 	1935 
3839	2559	2303	3723 	2291 	1934 
4095	2559	2303	3991 	2287 	1934 
0	2815	2303	0 	2577 	1935 
256	2815	2303	0 	2576 	1935 
512	2815	2303	0 	2576 	1935 
768	2815	2303	0 	2576 	1935 
1024	2815	2303	0 	2575 	1935 
1280	2815	2303	506 	2575 	1935 
1536	2815	2303	1006 	2573 	1935 
1792	2815	2303	1357 	2572 	1935 
2048	2815	2303	1683 	2571 	1935 
2303	2815	2303	1967 	2568 	1935 
2559	2815	2303	2263 	2566 	1935 
2815	2815	2303	2565 	2564 	1935 
3071	2815	2303	2850 	2560 	1934 
3327	2815	2303	3152 	2558 	1934 
3583	2815	2303	3426 	2554 	1934 
3839	2815	2303	3698 	2550 	1934 
4095	2815	2303	3968 	2546 	1934 
0	3071	2303	0 	2821 	1935 
256	3071	2303	0 	2821 	1935 
512	3071	2303	0 	2820 	1935 
768	3071	2303	0 	2820 	1935 
1024	3071	2303	0 	2820 	1935 
1280	3071	2303	0 	2818 	1935 
1536	3071	2303	868 	2818 	1935 
1792	3071	2303	1266 	2817 	1934 
2048	3071	2303	1611 	2815 	1934 
2303	3071	2303	1909 	2813 	1934 
2559	3071	2303	2213 	2811 	1934 
2815	3071	2303	2522 	2809 	1934 
3071	3071	2303	2810 	2807 	1934 
3327	3071	2303	3118 	2803 	1934 
3583	3071	2303	3394 	2800 	1934 
3839	3071	2303	3669 	2797 	1933 
4095	3071	2303	3942 	2794 	1933 
0	3327	2303	0 	3088 	1934 
256	3327	2303	0 	3088 	1934 
512	3327	2303	0 	3088 	1934 
768	3327	2303	0 	3088 	1934 
1024	3327	2303	0 	3087 	1934 
1280	3327	2303	0 	3086 	1934 
1536	3327	2303	682 	3086 	1934 
1792	3327	2303	1155 	3085 	1934 
2048	3327	2303	1528 	3083 	1934 
2303	3327	2303	1841 	3081 	1934 
2559	3327	2303	2156 	3080 	1934 
2815	3327	2303	2472 	3077 	1934 
3071	3327	2303	2767 	3076 	1933 
3327	3327	2303	3080 	3073 	1933 
3583	3327	2303	3360 	3070 	1933 
3839	3327	2303	3638 	3067 	1933 
4095	3327	2303	3913 	3064 	1933 
0	3583	2303	0 	3329 	1934 
256	3583	2303	0 	3329 	1934 
512	3583	2303	0 	3329 	1934 
768	3583	2303	0 	3329 	1934 
1024	3583	2303	0 	3328 	1934 
1280	3583	2303	0 	3328 	1933 
1536	3583	2303	362 	3327 	1933 
1792	3583	2303	1017 	3326 	1933 
2048	3583	2303	1431 	3324 	1933 
2303	3583	2303	1764 	3323 	1933 
2559	3583	2303	2091 	3321 	1933 
2815	3583	2303	2417 	3319 	1933 
3071	3583	2303	2718 	3318 	1933 
3327	3583	2303	3037 	3315 	1933 
3583	3583	2303	3322 	3312 	1933 
3839	3583	2303	3603 	3310 	1931 
4095	3583	2303	3880 	3307 	1931 
0	3839	2303	0 	3571 	1933 
256	3839	2303	0 	3571 	1933 
512	3839	2303	0 	3571 	1933 
768	3839	2303	0 	3570 	1933 
1024	3839	2303	0 	3570 	1933 
1280	3839	2303	0 	3569 	1933 
1536	3839	2303	0 	3568 	1933 
1792	3839	2303	838 	3567 	1933 
2048	3839	2303	1316 	3566 	1933 
2303	3839	2303	1675 	3565 	1933 
2559	3839	2303	2019 	3563 	1931 
2815	3839	2303	2355 	3561 	1931 
3071	3839	2303	2664 	3560 	1931 
3327	3839	2303	2990 	3558 	1931 
3583	3839	2303	3279 	3555 	1931 
3839	3839	2303	3564 	3553 	1931 
4095	3839	2303	3845 	3550 	1931 
0	4095	2303	0 	3812 	1931 
256	4095	2303	0 	3812 	1931 
512	4095	2303	0 	3812 	1931 
768	4095	2303	0 	3812 	1931 
1024	4095	2303	0 	3811 	1931 
1280	4095	2303	0 	3811 	1931 
1536	4095	2303	0 	3810 	1931 
1792	4095	2303	580 	3809 	1931 
2048	4095	2303	1178 	3808 	1931 
2303	4095	2303	1573 	3807 	1931 
2559	4095	2303	1936 	3806 	1931 
2815	4095	2303	2286 	3804 	1931 
3071	4095	2303	2604 	3802 	1931 
3327	4095	2303	2937 	3800 	1930 
3583	4095	2303	3232 	3798 	1930 
3839	4095	2303	3522 	3795 	1930 
4095	4095	2303	3806 	3793 	1930 
0	0	2559	0 	168 	2164 
256	0	2559	0 	168 	2164 
512	0	2559	398 	168 	2164 
768	0	2559	685 	147 	2164 
1024	0	2559	955 	147 	2164 
1280	0	2559	1207 	122 	2164 
1536	0	2559	1468 	0 	2164 
1792	0	2559	1716 	0 	2164 
2048	0	2559	1978 	0 	2164 
2303	0	2559	2220 	0 	2164 
2559	0	2559	2484 	0 	2163 
2815	0	2559	2760 	0 	2163 
3071	0	2559	3024 	0 	2163 
3327	0	2559	3307 	0 	2163 
3583	0	2559	3567 	0 	2163 
3839	0	2559	3827 	0 	2163 
4095	0	2559	4088 	0 	2163 
0	256	2559	0 	289 	2164 
256	256	2559	0 	289 	2164 
512	256	2559	384 	279 	2164 
768	256	2559	682 	279 	2164 
1024	256	2559	953 	268 	2164 
1280	256	2559	1203 	244 	2164 
1536	256	2559	1465 	231 	2164 
1792	256	2559	1716 	203 	2164 
2048	256	2559	1977 	168 	2164 
2303	256	2559	2219 	122 	2164 
2559	256	2559	2482 	0 	2163 
2815	256	2559	2759 	0 	2163 
3071	256	2559	3023 	0 	2163 
3327	256	2559	3306 	0 	2163 
3583	256	2559	3566 	0 	2163 
3839	256	2559	3827 	0 	2163 
4095	256	2559	4087 	0 	2163 
0	512	2559	0 	486 	2164 
256	512	2559	0 	486 	2164 
512	512	2559	353 	486 	2164 
768	512	2559	663 	486 	2164 
1024	512	2559	940 	480 	2164 
1280	512	2559	1195 	474 	2164 
1536	512	2559	1459 	463 	2164 
1792	512	2559	1710 	451 	2164 
2048	512	2559	1972 	438 	2164 
2303	512	2559	2214 	425 	2164 
2559	512	2559	2478 	405 	2163 
2815	512	2559	2755 	384 	2163 
3071	512	2559	3020 	353 	2163 
3327	512	2559	3303 	327 	2163 
3583	512	2559	3564 	289 	2163 
3839	512	2559	3824 	231 	2163 
4095	512	2559	4085 	147 	2163 
0	768	2559	0 	707 	2164 
256	768	2559	0 	707 	2164 
512	768	2559	268 	707 	2164 
768	768	2559	628 	703 	2164 
1024	768	2559	917 	700 	2164 
1280	768	2559	1178 	696 	2164 
1536	768	2559	1444 	689 	2164 
1792	768	2559	1698 	685 	2164 
2048	768	2559	1962 	674 	2164 
2303	768	2559	2206 	667 	2163 
2559	768	2559	2472 	655 	2163 
2815	768	2559	2748 	644 	2163 
3071	768	2559	3014 	628 	2163 
3327	768	2559	3299 	611 	2163 
3583	768	2559	3559 	594 	2163 
3839	768	2559	3820 	577 	2163 
4095	768	2559	4081 	554 	2162 
0	1024	2559	0 	938 	2164 
256	1024	2559	0 	938 	2164 
512	1024	2559	0 	935 	2164 
768	1024	2559	572 	935 	2164 
1024	1024	2559	882 	933 	2164 
1280	1024	2559	1153 	928 	2164 
1536	1024	2559	1426 	928 	2164 
1792	1024	2559	1682 	920 	2163 
2048	1024	2559	1948 	915 	2163 
2303	1024	2559	2193 	909 	2163 
2559	1024	2559	2461 	901 	2163 
2815	1024	2559	2739 	893 	2163 
3071	1024	2559	3005 	885 	2163 
3327	1024	2559	3290 	871 	2163 
3583	1024	2559	3552 	860 	2163 
3839	1024	2559	3813 	846 	2163 
4095	1024	2559	4075 	832 	2162 
0	1280	2559	0 	1159 	2164 
256	1280	2559	0 	1159 	2164 
512	1280	2559	0 	1157 	2164 
768	1280	2559	483 	1157 	2164 
1024	1280	2559	832 	1155 	2164 
1280	1280	2559	1118 	1151 	2163 
1536	1280	2559	1398 	1151 	2163 
1792	1280	2559	1659 	1147 	2163 
2048	1280	2559	1929 	1141 	2163 
2303	1280	2559	2177 	1137 	2163 
2559	1280	2559	2446 	1131 	2163 
2815	1280	2559	2725 	1125 	2163 
3071	1280	2559	2994 	1118 	2163 
3327	1280	2559	3280 	1108 	2163 
3583	1280	2559	3542 	1100 	2163 
3839	1280	2559	3804 	1091 	2162 
4095	1280	2559	4067 	1081 	2162 
0	1536	2559	0 	1394 	2163 
256	1536	2559	0 	1394 	2163 
512	1536	2559	0 	1394 	2163 
768	1536	2559	338 	1393 	2163 
1024	1536	2559	764 	1391 	2163 
1280	1536	2559	1070 	1390 	2163 
1536	1536	2559	1360 	1386 	2163 
1792	1536	2559	1629 	1385 	2163 
2048	1536	2559	1903 	1380 	2163 
2303	1536	2559	2156 	1377 	2163 
2559	1536	2559	2427 	1372 	2163 
2815	1536	2559	2710 	1367 	2163 
3071	1536	2559	2978 	1360 	2163 
3327	1536	2559	3266 	1354 	2162 
3583	1536	2559	3530 	1347 	2162 
3839	1536	2559	3793 	1341 	2162 
4095	1536	2559	4056 	1332 	2162 
0	1792	2559	0 	1621 	2163 
256	1792	2559	0 	1619 	2163 
512	1792	2559	0 	1619 	2163 
768	1792	2559	0 	1618 	2163 
1024	1792	2559	667 	1617 	2163 
1280	1792	2559	1008 	1615 	2163 
1536	1792	2559	1315 	1614 	2163 
1792	1792	2559	1592 	1611 	2163 
2048	1792	2559	1873 	1609 	2163 
2303	1792	2559	2129 	1606 	2163 
2559	1792	2559	2403 	1601 	2163 
2815	1792	2559	2689 	1598 	2163 
3071	1792	2559	2960 	1592 	2162 
3327	1792	2559	3250 	1587 	2162 
3583	1792	2559	3515 	1581 	2162 
3839	1792	2559	3780 	1575 	2162 
4095	1792	2559	4043 	1568 	2162 
0	2048	2559	0 	1858 	2163 
256	2048	2559	0 	1858 	2163 
512	2048	2559	0 	1858 	2163 
768	2048	2559	0 	1857 	2163 
1024	2048	2559	530 	1856 	2163 
1280	2048	2559	931 	1856 	2163 
1536	2048	2559	1260 	1854 	2163 
1792	2048	2559	1548 	1851 	2163 
2048	2048	2559	1836 	1849 	2163 
2303	2048	2559	2096 	1847 	2162 
2559	2048	2559	2376 	1843 	2162 
2815	2048	2559	2664 	1840 	2162 
3071	2048	2559	2937 	1835 	2162 
3327	2048	2559	3230 	1830 	2162 
3583	2048	2559	3497 	1826 	2162 
3839	2048	2559	3763 	1820 	2162 
4095	2048	2559	4028 	1814 	2162 
0	2303	2559	0 	2078 	2163 
256	2303	2559	0 	2078 	2163 
512	2303	2559	0 	2078 	2162 
768	2303	2559	0 	2077 	2162 
1024	2303	2559	284 	2076 	2162 
1280	2303	2559	829 	2075 	2162 
1536	2303	2559	1189 	2073 	2162 
1792	2303	2559	1494 	2072 	2162 
2048	2303	2559	1792 	2070 	2162 
2303	2303	2559	2059 	2067 	2162 
2559	2303	2559	2343 	2064 	2162 
2815	2303	2559	2635 	2062 	2162 
3071	2303	2559	2911 	2058 	2162 
3327	2303	2559	3207 	2054 	2162 
3583	2303	2559	3476 	2050 	2162 
3839	2303	2559	3743 	2045 	2162 
4095	2303	2559	4010 	2040 	2162 
0	2559	2559	0 	2321 	2162 
256	2559	2559	0 	2321 	2162 
512	2559	2559	0 	2321 	2162 
768	2559	2559	0 	2321 	2162 
1024	2559	2559	0 	2320 	2162 
1280	2559	2559	696 	2319 	2162 
1536	2559	2559	1104 	2318 	2162 
1792	2559	2559	1430 	2316 	2162 
2048	2559	2559	1740 	2313 	2162 
2303	2559	2559	2014 	2312 	2162 
2559	2559	2559	2304 	2309 	2162 
2815	2559	2559	2601 	2306 	2162 
3071	2559	2559	2882 	2304 	2162 
3327	2559	2559	3180 	2299 	2162 
3583	2559	2559	3452 	2296 	2162 
3839	2559	2559	3721 	2292 	2162 
4095	2559	2559	3990 	2287 	2162 
0	2815	2559	0 	2578 	2162 
256	2815	2559	0 	2578 	2162 
512	2815	2559	0 	2577 	2162 
768	2815	2559	0 	2576 	2162 
1024	2815	2559	0 	2576 	2162 
1280	2815	2559	490 	2575 	2162 
1536	2815	2559	996 	2574 	2162 
1792	2815	2559	1352 	2572 	2162 
2048	2815	2559	1678 	2571 	2162 
2303	2815	2559	1964 	2569 	2162 
2559	2815	2559	2260 	2567 	2162 
2815	2815	2559	2562 	2564 	2162 
3071	2815	2559	2847 	2562 	2162 
3327	2815	2559	3151 	2558 	2162 
3583	2815	2559	3424 	2555 	2162 
3839	2815	2559	3696 	2551 	2161 
4095	2815	2559	3967 	2547 	2161 
0	3071	2559	0 	2822 	2162 
256	3071	2559	0 	2822 	2162 
512	3071	2559	0 	2822 	2162 
768	3071	2559	0 	2821 	2162 
1024	3071	2559	0 	2820 	2162 
1280	3071	2559	0 	2820 	2162 
1536	3071	2559	857 	2818 	2162 
1792	3071	2559	1259 	2817 	2162 
2048	3071	2559	1606 	2815 	2162 
2303	3071	2559	1905 	2814 	2162 
2559	3071	2559	2210 	2812 	2162 
2815	3071	2559	2519 	2810 	2162 
3071	3071	2559	2808 	2807 	2161 
3327	3071	2559	3116 	2804 	2161 
3583	3071	2559	3393 	2801 	2161 
3839	3071	2559	3668 	2798 	2161 
4095	3071	2559	3940 	2794 	2161 
0	3327	2559	0 	3089 	2162 
256	3327	2559	0 	3089 	2162 
512	3327	2559	0 	3089 	2162 
768	3327	2559	0 	3088 	2162 
1024	3327	2559	0 	3088 	2162 
1280	3327	2559	0 	3087 	2162 
1536	3327	2559	671 	3086 	2162 
1792	3327	2559	1149 	3085 	2161 
2048	3327	2559	1524 	3083 	2161 
2303	3327	2559	1837 	3082 	2161 
2559	3327	2559	2152 	3080 	2161 
2815	3327	2559	2469 	3078 	2161 
3071	3327	2559	2765 	3076 	2161 
3327	3327	2559	3077 	3073 	2161 
3583	3327	2559	3358 	3070 	2161 
3839	3327	2559	3636 	3068 	2160 
4095	3327	2559	3911 	3065 	2160 
0	3583	2559	0 	3330 	2161 
256	3583	2559	0 	3330 	2161 
512	3583	2559	0 	3330 	2161 
768	3583	2559	0 	3329 	2161 
1024	3583	2559	0 	3329 	2161 
1280	3583	2559	0 	3328 	2161 
1536	3583	2559	331 	3327 	2161 
1792	3583	2559	1011 	3326 	2161 
2048	3583	2559	1425 	3325 	2161 
2303	3583	2559	1760 	3324 	2161 
2559	3583	2559	2088 	3322 	2161 
2815	3583	2559	2414 	3320 	2161 
3071	3583	2559	2716 	3318 	2160 
3327	3583	2559	3035 	3316 	2160 
3583	3583	2559	3320 	3314 	2160 
3839	3583	2559	3601 	3311 	2160 
4095	3583	2559	3879 	3308 	2160 
0	3839	2559	0 	3571 	2160 
256	3839	2559	0 	3571 	2160 
512	3839	2559	0 	3571 	2160 
768	3839	2559	0 	3571 	2160 
1024	3839	2559	0 	3570 	2160 
1280	3839	2559	0 	3570 	2160 
1536	3839	2559	0 	3569 	2160 
1792	3839	2559	830 	3568 	2160 
2048	3839	2559	1311 	3567 	2160 
2303	3839	2559	1670 	3566 	2160 
2559	3839	2559	2015 	3564 	2160 
2815	3839	2559	2352 	3563 	2160 
3071	3839	2559	2661 	3560 	2160 
3327	3839	2559	2987 	3558 	2160 
3583	3839	2559	3277 	3556 	2159 
3839	3839	2559	3562 	3553 	2159 
4095	3839	2559	3843 	3551 	2159 
0	4095	2559	0 	3813 	2160 
256	4095	2559	0 	3813 	2160 
512	4095	2559	0 	3812 	2160 
768	4095	2559	0 	3812 	2160 
1024	4095	2559	0 	3812 	2160 
1280	4095	2559	0 	3811 	2160 
1536	4095	2559	0 	3811 	2160 
1792	4095	2559	563 	3810 	2160 
2048	4095	2559	1171 	3809 	2159 
2303	4095	2559	1569 	3807 	2159 
2559	4095	2559	1933 	3806 	2159 
2815	4095	2559	2283 	3804 	2159 
3071	4095	2559	2602 	3803 	2159 
3327	4095	2559	2935 	3801 	2159 
3583	4095	2559	3230 	3798 	2159 
3839	4095	2559	3520 	3796 	2159 
4095	4095	2559	3805 	3794 	2158 
0	0	2815	0 	203 	2405 
256	0	2815	0 	203 	2405 
512	0	2815	376 	186 	2405 
768	0	2815	671 	168 	2405 
1024	0	2815	945 	147 	2405 
1280	0	2815	1199 	147 	2405 
1536	0	2815	1461 	89 	2405 
1792	0	2815	1712 	0 	2405 
2048	0	2815	1974 	0 	2405 
2303	0	2815	2217 	0 	2405 
2559	0	2815	2481 	0 	2405 
2815	0	2815	2756 	0 	2405 
3071	0	2815	3022 	0 	2405 
3327	0	2815	3305 	0 	2405 
3583	0	2815	3565 	0 	2404 
3839	0	2815	3825 	0 	2404 
4095	0	2815	4086 	0 	2404 
0	256	2815	0 	289 	2405 
256	256	2815	0 	289 	2405 
512	256	2815	361 	289 	2405 
768	256	2815	667 	289 	2405 
1024	256	2815	940 	279 	2405 
1280	256	2815	1197 	256 	2405 
1536	256	2815	1459 	244 	2405 
1792	256	2815	1710 	231 	2405 
2048	256	2815	1972 	186 	2405 
2303	256	2815	2215 	147 	2405 
2559	256	2815	2480 	0 	2405 
2815	256	2815	2756 	0 	2405 
3071	256	2815	3020 	0 	2405 
3327	256	2815	3304 	0 	2404 
3583	256	2815	3564 	0 	2404 
3839	256	2815	3825 	0 	2404 
4095	256	2815	4085 	0 	2404 
0	512	2815	0 	497 	2405 
256	512	2815	0 	491 	2405 
512	512	2815	318 	491 	2405 
768	512	2815	648 	486 	2405 
1024	512	2815	930 	486 	2405 
1280	512	2815	1188 	480 	2405 
1536	512	2815	1452 	468 	2405 
1792	512	2815	1703 	457 	2405 
2048	512	2815	1967 	451 	2405 
2303	512	2815	2211 	432 	2405 
2559	512	2815	2476 	412 	2405 
2815	512	2815	2753 	391 	2405 
3071	512	2815	3017 	369 	2405 
3327	512	2815	3301 	336 	2404 
3583	512	2815	3562 	289 	2404 
3839	512	2815	3822 	231 	2404 
4095	512	2815	4083 	147 	2404 
0	768	2815	0 	707 	2405 
256	768	2815	0 	707 	2405 
512	768	2815	231 	707 	2405 
768	768	2815	611 	707 	2405 
1024	768	2815	907 	703 	2405 
1280	768	2815	1172 	700 	2405 
1536	768	2815	1440 	693 	2405 
1792	768	2815	1693 	685 	2405 
2048	768	2815	1958 	682 	2405 
2303	768	2815	2202 	671 	2405 
2559	768	2815	2468 	659 	2405 
2815	768	2815	2746 	648 	2405 
3071	768	2815	3012 	632 	2405 
3327	768	2815	3296 	620 	2404 
3583	768	2815	3557 	603 	2404 
3839	768	2815	3818 	581 	2404 
4095	768	2815	4079 	559 	2404 
0	1024	2815	0 	940 	2405 
256	1024	2815	0 	940 	2405 
512	1024	2815	0 	940 	2405 
768	1024	2815	559 	938 	2405 
1024	1024	2815	871 	935 	2405 
1280	1024	2815	1145 	933 	2405 
1536	1024	2815	1420 	928 	2405 
1792	1024	2815	1677 	925 	2405 
2048	1024	2815	1944 	917 	2405 
2303	1024	2815	2190 	912 	2405 
2559	1024	2815	2457 	904 	2405 
2815	1024	2815	2736 	896 	2405 
3071	1024	2815	3003 	885 	2404 
3327	1024	2815	3289 	874 	2404 
3583	1024	2815	3550 	863 	2404 
3839	1024	2815	3811 	852 	2404 
4095	1024	2815	4073 	837 	2404 
0	1280	2815	0 	1160 	2405 
256	1280	2815	0 	1160 	2405 
512	1280	2815	0 	1160 	2405 
768	1280	2815	467 	1159 	2405 
1024	1280	2815	823 	1157 	2405 
1280	1280	2815	1108 	1155 	2405 
1536	1280	2815	1391 	1151 	2405 
1792	1280	2815	1655 	1149 	2405 
2048	1280	2815	1925 	1143 	2405 
2303	1280	2815	2173 	1139 	2405 
2559	1280	2815	2442 	1133 	2404 
2815	1280	2815	2723 	1127 	2404 
3071	1280	2815	2991 	1120 	2404 
3327	1280	2815	3278 	1110 	2404 
3583	1280	2815	3540 	1102 	2404 
3839	1280	2815	3803 	1094 	2404 
4095	1280	2815	4064 	1083 	2404 
0	1536	2815	0 	1394 	2405 
256	1536	2815	0 	1394 	2405 
512	1536	2815	0 	1394 	2405 
768	1536	2815	303 	1394 	2405 
1024	1536	2815	751 	1393 	2405 
1280	1536	2815	1064 	1391 	2405 
1536	1536	2815	1356 	1388 	2405 
1792	1536	2815	1625 	1386 	2405 
2048	1536	2815	1900 	1382 	2404 
2303	1536	2815	2151 	1378 	2404 
2559	1536	2815	2424 	1373 	2404 
2815	1536	2815	2706 	1369 	2404 
3071	1536	2815	2976 	1362 	2404 
3327	1536	2815	3264 	1357 	2404 
3583	1536	2815	3528 	1351 	2404 
3839	1536	2815	3791 	1342 	2404 
4095	1536	2815	4055 	1334 	2403 
0	1792	2815	0 	1621 	2405 
256	1792	2815	0 	1621 	2405 
512	1792	2815	0 	1621 	2405 
768	1792	2815	0 	1621 	2405 
1024	1792	2815	655 	1619 	2404 
1280	1792	2815	1001 	1617 	2404 
1536	1792	2815	1309 	1615 	2404 
1792	1792	2815	1587 	1613 	2404 
2048	1792	2815	1868 	1610 	2404 
2303	1792	2815	2126 	1606 	2404 
2559	1792	2815	2401 	1603 	2404 
2815	1792	2815	2686 	1599 	2404 
3071	1792	2815	2957 	1594 	2404 
3327	1792	2815	3248 	1588 	2404 
3583	1792	2815	3513 	1583 	2404 
3839	1792	2815	3777 	1576 	2403 
4095	1792	2815	4042 	1569 	2403 
0	2048	2815	0 	1860 	2404 
256	2048	2815	0 	1860 	2404 
512	2048	2815	0 	1859 	2404 
768	2048	2815	0 	1859 	2404 
1024	2048	2815	510 	1858 	2404 
1280	2048	2815	921 	1856 	2404 
1536	2048	2815	1251 	1855 	2404 
1792	2048	2815	1543 	1852 	2404 
2048	2048	2815	1832 	1850 	2404 
2303	2048	2815	2093 	1848 	2404 
2559	2048	2815	2372 	1844 	2404 
2815	2048	2815	2661 	1841 	2404 
3071	2048	2815	2935 	1837 	2404 
3327	2048	2815	3228 	1832 	2403 
3583	2048	2815	3495 	1827 	2403 
3839	2048	2815	3761 	1821 	2403 
4095	2048	2815	4026 	1815 	2403 
0	2303	2815	0 	2079 	2404 
256	2303	2815	0 	2079 	2404 
512	2303	2815	0 	2078 	2404 
768	2303	2815	0 	2078 	2404 
1024	2303	2815	226 	2078 	2404 
1280	2303	2815	817 	2076 	2404 
1536	2303	2815	1182 	2075 	2404 
1792	2303	2815	1488 	2073 	2404 
2048	2303	2815	1787 	2071 	2404 
2303	2303	2815	2055 	2068 	2404 
2559	2303	2815	2339 	2066 	2403 
2815	2303	2815	2632 	2062 	2403 
3071	2303	2815	2909 	2059 	2403 
3327	2303	2815	3205 	2055 	2403 
3583	2303	2815	3474 	2051 	2403 
3839	2303	2815	3742 	2046 	2403 
4095	2303	2815	4009 	2041 	2403 
0	2559	2815	0 	2322 	2404 
256	2559	2815	0 	2322 	2404 
512	2559	2815	0 	2322 	2404 
768	2559	2815	0 	2321 	2404 
1024	2559	2815	0 	2321 	2403 
1280	2559	2815	678 	2320 	2403 
1536	2559	2815	1096 	2318 	2403 
1792	2559	2815	1423 	2317 	2403 
2048	2559	2815	1735 	2314 	2403 
2303	2559	2815	2011 	2313 	2403 
2559	2559	2815	2301 	2310 	2403 
2815	2559	2815	2598 	2307 	2403 
3071	2559	2815	2878 	2304 	2403 
3327	2559	2815	3178 	2301 	2403 
3583	2559	2815	3450 	2297 	2403 
3839	2559	2815	3720 	2293 	2403 
4095	2559	2815	3988 	2288 	2403 
0	2815	2815	0 	2579 	2403 
256	2815	2815	0 	2579 	2403 
512	2815	2815	0 	2578 	2403 
768	2815	2815	0 	2578 	2403 
1024	2815	2815	0 	2577 	2403 
1280	2815	2815	469 	2576 	2403 
1536	2815	2815	987 	2575 	2403 
1792	2815	2815	1346 	2574 	2403 
2048	2815	2815	1673 	2572 	2403 
2303	2815	2815	1959 	2570 	2403 
2559	2815	2815	2257 	2568 	2403 
2815	2815	2815	2560 	2565 	2403 
3071	2815	2815	2845 	2562 	2403 
3327	2815	2815	3147 	2559 	2403 
3583	2815	2815	3422 	2556 	2403 
3839	2815	2815	3694 	2552 	2403 
4095	2815	2815	3964 	2548 	2403 
0	3071	2815	0 	2822 	2403 
256	3071	2815	0 	2822 	2403 
512	3071	2815	0 	2822 	2403 
768	3071	2815	0 	2822 	2403 
1024	3071	2815	0 	2821 	2403 
1280	3071	2815	0 	2820 	2403 
1536	3071	2815	849 	2819 	2403 
1792	3071	2815	1254 	2818 	2403 
2048	3071	2815	1602 	2816 	2403 
2303	3071	2815	1901 	2815 	2403 
2559	3071	2815	2206 	2812 	2403 
2815	3071	2815	2515 	2810 	2403 
3071	3071	2815	2806 	2807 	2403 
3327	3071	2815	3114 	2805 	2403 
3583	3071	2815	3391 	2802 	2403 
3839	3071	2815	3666 	2799 	2402 
4095	3071	2815	3939 	2795 	2402 
0	3327	2815	0 	3090 	2403 
256	3327	2815	0 	3090 	2403 
512	3327	2815	0 	3090 	2403 
768	3327	2815	0 	3089 	2403 
1024	3327	2815	0 	3088 	2403 
1280	3327	2815	0 	3088 	2403 
1536	3327	2815	656 	3086 	2403 
1792	3327	2815	1139 	3086 	2403 
2048	3327	2815	1518 	3084 	2403 
2303	3327	2815	1833 	3083 	2403 
2559	3327	2815	2149 	3081 	2403 
2815	3327	2815	2467 	3079 	2403 
3071	3327	2815	2762 	3077 	2402 
3327	3327	2815	3075 	3074 	2402 
3583	3327	2815	3356 	3072 	2402 
3839	3327	2815	3634 	3068 	2402 
4095	3327	2815	3909 	3065 	2402 
0	3583	2815	0 	3331 	2403 
256	3583	2815	0 	3330 	2403 
512	3583	2815	0 	3330 	2403 
768	3583	2815	0 	3330 	2403 
1024	3583	2815	0 	3329 	2402 
1280	3583	2815	0 	3329 	2402 
1536	3583	2815	305 	3328 	2402 
1792	3583	2815	1002 	3327 	2402 
2048	3583	2815	1420 	3326 	2402 
2303	3583	2815	1754 	3324 	2402 
2559	3583	2815	2084 	3322 	2402 
2815	3583	2815	2410 	3321 	2402 
3071	3583	2815	2713 	3319 	2402 
3327	3583	2815	3032 	3316 	2402 
3583	3583	2815	3318 	3314 	2401 
3839	3583	2815	3599 	3311 	2401 
4095	3583	2815	3877 	3308 	2401 
0	3839	2815	0 	3572 	2402 
256	3839	2815	0 	3572 	2402 
512	3839	2815	0 	3572 	2402 
768	3839	2815	0 	3572 	2402 
1024	3839	2815	0 	3571 	2402 
1280	3839	2815	0 	3570 	2402 
1536	3839	2815	0 	3569 	2402 
1792	3839	2815	819 	3568 	2402 
2048	3839	2815	1304 	3567 	2402 
2303	3839	2815	1666 	3566 	2402 
2559	3839	2815	2011 	3565 	2401 
2815	3839	2815	2349 	3563 	2401 
3071	3839	2815	2659 	3561 	2401 
3327	3839	2815	2985 	3559 	2401 
3583	3839	2815	3275 	3557 	2401 
3839	3839	2815	3560 	3554 	2401 
4095	3839	2815	3842 	3551 	2401 
0	4095	2815	0 	3813 	2401 
256	4095	2815	0 	3813 	2401 
512	4095	2815	0 	3813 	2401 
768	4095	2815	0 	3813 	2401 
1024	4095	2815	0 	3812 	2401 
1280	4095	2815	0 	3812 	2401 
1536	4095	2815	0 	3811 	2401 
1792	4095	2815	545 	3810 	2401 
2048	4095	2815	1163 	3809 	2401 
2303	4095	2815	1563 	3808 	2401 
2559	4095	2815	1929 	3806 	2401 
2815	4095	2815	2279 	3805 	2401 
3071	4095	2815	2598 	3803 	2400 
3327	4095	2815	2932 	3801 	2400 
3583	4095	2815	3228 	3799 	2400 
3839	4095	2815	3517 	3797 	2400 
4095	4095	2815	3803 	3794 	2400 
0	0	3071	0 	218 	2633 
256	0	3071	0 	218 	2633 
512	0	3071	345 	218 	2633 
768	0	3071	655 	203 	2633 
1024	0	3071	935 	186 	2633 
1280	0	3071	1191 	147 	2633 
1536	0	3071	1455 	147 	2633 
1792	0	3071	1707 	89 	2633 
2048	0	3071	1970 	0 	2633 
2303	0	3071	2212 	0 	2633 
2559	0	3071	2477 	0 	2633 
2815	0	3071	2753 	0 	2633 
3071	0	3071	3019 	0 	2633 
3327	0	3071	3302 	0 	2633 
3583	0	3071	3563 	0 	2633 
3839	0	3071	3823 	0 	2633 
4095	0	3071	4084 	0 	2633 
0	256	3071	0 	299 	2633 
256	256	3071	0 	299 	2633 
512	256	3071	327 	299 	2633 
768	256	3071	648 	289 	2633 
1024	256	3071	930 	289 	2633 
1280	256	3071	1189 	279 	2633 
1536	256	3071	1453 	256 	2633 
1792	256	3071	1705 	231 	2633 
2048	256	3071	1968 	203 	2633 
2303	256	3071	2211 	168 	2633 
2559	256	3071	2477 	89 	2633 
2815	256	3071	2753 	0 	2633 
3071	256	3071	3018 	0 	2633 
3327	256	3071	3302 	0 	2633 
3583	256	3071	3562 	0 	2633 
3839	256	3071	3822 	0 	2633 
4095	256	3071	4083 	0 	2633 
0	512	3071	0 	502 	2633 
256	512	3071	0 	502 	2633 
512	512	3071	279 	502 	2633 
768	512	3071	632 	497 	2633 
1024	512	3071	920 	491 	2633 
1280	512	3071	1180 	486 	2633 
1536	512	3071	1446 	480 	2633 
1792	512	3071	1698 	468 	2633 
2048	512	3071	1962 	451 	2633 
2303	512	3071	2206 	438 	2633 
2559	512	3071	2472 	419 	2633 
2815	512	3071	2749 	398 	2633 
3071	512	3071	3014 	376 	2633 
3327	512	3071	3299 	345 	2633 
3583	512	3071	3560 	299 	2633 
3839	512	3071	3820 	256 	2633 
4095	512	3071	4081 	186 	2633 
0	768	3071	0 	714 	2633 
256	768	3071	0 	714 	2633 
512	768	3071	147 	710 	2633 
768	768	3071	594 	710 	2633 
1024	768	3071	896 	707 	2633 
1280	768	3071	1162 	703 	2633 
1536	768	3071	1433 	700 	2633 
1792	768	3071	1688 	689 	2633 
2048	768	3071	1954 	685 	2633 
2303	768	3071	2198 	674 	2633 
2559	768	3071	2465 	667 	2633 
2815	768	3071	2743 	651 	2633 
3071	768	3071	3008 	640 	2633 
3327	768	3071	3293 	624 	2633 
3583	768	3071	3554 	603 	2633 
3839	768	3071	3816 	586 	2633 
4095	768	3071	4077 	563 	2633 
0	1024	3071	0 	940 	2633 
256	1024	3071	0 	940 	2633 
512	1024	3071	0 	940 	2633 
768	1024	3071	535 	940 	2633 
1024	1024	3071	860 	938 	2633 
1280	1024	3071	1137 	935 	2633 
1536	1024	3071	1412 	930 	2633 
1792	1024	3071	1672 	928 	2633 
2048	1024	3071	1938 	922 	2633 
2303	1024	3071	2187 	915 	2633 
2559	1024	3071	2454 	907 	2633 
2815	1024	3071	2733 	899 	2633 
3071	1024	3071	3000 	888 	2633 
3327	1024	3071	3286 	880 	2633 
3583	1024	3071	3548 	869 	2633 
3839	1024	3071	3809 	855 	2633 
4095	1024	3071	4071 	840 	2633 
0	1280	3071	0 	1162 	2633 
256	1280	3071	0 	1162 	2633 
512	1280	3071	0 	1162 	2633 
768	1280	3071	443 	1160 	2633 
1024	1280	3071	808 	1159 	2633 
1280	1280	3071	1100 	1157 	2633 
1536	1280	3071	1385 	1153 	2633 
1792	1280	3071	1648 	1151 	2633 
2048	1280	3071	1921 	1147 	2633 
2303	1280	3071	2169 	1141 	2633 
2559	1280	3071	2439 	1135 	2633 
2815	1280	3071	2720 	1131 	2633 
3071	1280	3071	2988 	1120 	2633 
3327	1280	3071	3275 	1114 	2633 
3583	1280	3071	3538 	1106 	2633 
3839	1280	3071	3801 	1096 	2633 
4095	1280	3071	4063 	1085 	2633 
0	1536	3071	0 	1398 	2633 
256	1536	3071	0 	1398 	2633 
512	1536	3071	0 	1396 	2633 
768	1536	3071	262 	1396 	2633 
1024	1536	3071	738 	1394 	2633 
1280	1536	3071	1053 	1393 	2633 
1536	1536	3071	1349 	1390 	2633 
1792	1536	3071	1619 	1386 	2633 
2048	1536	3071	1895 	1385 	2633 
2303	1536	3071	2147 	1380 	2633 
2559	1536	3071	2420 	1377 	2633 
2815	1536	3071	2703 	1370 	2633 
3071	1536	3071	2973 	1365 	2633 
3327	1536	3071	3262 	1359 	2633 
3583	1536	3071	3525 	1352 	2633 
3839	1536	3071	3789 	1342 	2633 
4095	1536	3071	4052 	1334 	2632 
0	1792	3071	0 	1622 	2633 
256	1792	3071	0 	1622 	2633 
512	1792	3071	0 	1622 	2633 
768	1792	3071	0 	1621 	2633 
1024	1792	3071	640 	1621 	2633 
1280	1792	3071	992 	1619 	2633 
1536	1792	3071	1302 	1617 	2633 
1792	1792	3071	1581 	1614 	2633 
2048	1792	3071	1864 	1611 	2633 
2303	1792	3071	2121 	1607 	2633 
2559	1792	3071	2397 	1605 	2633 
2815	1792	3071	2683 	1599 	2633 
3071	1792	3071	2954 	1595 	2633 
3327	1792	3071	3245 	1590 	2633 
3583	1792	3071	3511 	1584 	2632 
3839	1792	3071	3775 	1577 	2632 
4095	1792	3071	4040 	1570 	2632 
0	2048	3071	0 	1862 	2633 
256	2048	3071	0 	1862 	2633 
512	2048	3071	0 	1862 	2633 
768	2048	3071	0 	1860 	2633 
1024	2048	3071	489 	1859 	2633 
1280	2048	3071	911 	1858 	2633 
1536	2048	3071	1243 	1856 	2633 
1792	2048	3071	1537 	1855 	2633 
2048	2048	3071	1827 	1851 	2633 
2303	2048	3071	2089 	1849 	2633 
2559	2048	3071	2369 	1845 	2633 
2815	2048	3071	2657 	1842 	2633 
3071	2048	3071	2933 	1837 	2632 
3327	2048	3071	3226 	1833 	2632 
3583	2048	3071	3493 	1828 	2632 
3839	2048	3071	3759 	1823 	2632 
4095	2048	3071	4024 	1818 	2632 
0	2303	3071	0 	2080 	2633 
256	2303	3071	0 	2080 	2633 
512	2303	3071	0 	2080 	2633 
768	2303	3071	0 	2079 	2633 
1024	2303	3071	164 	2078 	2633 
1280	2303	3071	806 	2078 	2633 
1536	2303	3071	1172 	2076 	2633 
1792	2303	3071	1482 	2074 	2633 
2048	2303	3071	1782 	2072 	2633 
2303	2303	3071	2051 	2069 	2633 
2559	2303	3071	2336 	2067 	2632 
2815	2303	3071	2629 	2063 	2632 
3071	2303	3071	2906 	2060 	2632 
3327	2303	3071	3203 	2057 	2632 
3583	2303	3071	3472 	2052 	2632 
3839	2303	3071	3739 	2047 	2632 
4095	2303	3071	4007 	2042 	2632 
0	2559	3071	0 	2323 	2633 
256	2559	3071	0 	2323 	2633 
512	2559	3071	0 	2322 	2633 
768	2559	3071	0 	2322 	2632 
1024	2559	3071	0 	2322 	2632 
1280	2559	3071	664 	2321 	2632 
1536	2559	3071	1087 	2319 	2632 
1792	2559	3071	1416 	2318 	2632 
2048	2559	3071	1730 	2316 	2632 
2303	2559	3071	2007 	2313 	2632 
2559	2559	3071	2297 	2312 	2632 
2815	2559	3071	2595 	2308 	2632 
3071	2559	3071	2876 	2305 	2632 
3327	2559	3071	3175 	2302 	2632 
3583	2559	3071	3447 	2298 	2631 
3839	2559	3071	3717 	2294 	2631 
4095	2559	3071	3986 	2289 	2631 
0	2815	3071	0 	2579 	2632 
256	2815	3071	0 	2579 	2632 
512	2815	3071	0 	2579 	2632 
768	2815	3071	0 	2579 	2632 
1024	2815	3071	0 	2578 	2632 
1280	2815	3071	441 	2577 	2632 
1536	2815	3071	978 	2576 	2632 
1792	2815	3071	1339 	2575 	2632 
2048	2815	3071	1668 	2572 	2632 
2303	2815	3071	1955 	2571 	2632 
2559	2815	3071	2253 	2568 	2632 
2815	2815	3071	2556 	2566 	2631 
3071	2815	3071	2841 	2563 	2631 
3327	2815	3071	3145 	2560 	2631 
3583	2815	3071	3420 	2556 	2631 
3839	2815	3071	3692 	2553 	2631 
4095	2815	3071	3962 	2549 	2631 
0	3071	3071	0 	2823 	2632 
256	3071	3071	0 	2823 	2632 
512	3071	3071	0 	2822 	2632 
768	3071	3071	0 	2822 	2632 
1024	3071	3071	0 	2822 	2632 
1280	3071	3071	0 	2821 	2632 
1536	3071	3071	837 	2820 	2631 
1792	3071	3071	1246 	2818 	2631 
2048	3071	3071	1596 	2817 	2631 
2303	3071	3071	1895 	2815 	2631 
2559	3071	3071	2202 	2814 	2631 
2815	3071	3071	2512 	2811 	2631 
3071	3071	3071	2803 	2809 	2631 
3327	3071	3071	3111 	2806 	2631 
3583	3071	3071	3389 	2803 	2631 
3839	3071	3071	3663 	2799 	2630 
4095	3071	3071	3936 	2795 	2630 
0	3327	3071	0 	3090 	2631 
256	3327	3071	0 	3090 	2631 
512	3327	3071	0 	3090 	2631 
768	3327	3071	0 	3090 	2631 
1024	3327	3071	0 	3090 	2631 
1280	3327	3071	0 	3088 	2631 
1536	3327	3071	637 	3087 	2631 
1792	3327	3071	1131 	3086 	2631 
2048	3327	3071	1511 	3085 	2631 
2303	3327	3071	1829 	3083 	2631 
2559	3327	3071	2145 	3082 	2631 
2815	3327	3071	2463 	3080 	2630 
3071	3327	3071	2759 	3077 	2630 
3327	3327	3071	3072 	3075 	2630 
3583	3327	3071	3354 	3072 	2630 
3839	3327	3071	3632 	3069 	2630 
4095	3327	3071	3907 	3066 	2630 
0	3583	3071	0 	3331 	2631 
256	3583	3071	0 	3331 	2631 
512	3583	3071	0 	3331 	2630 
768	3583	3071	0 	3331 	2630 
1024	3583	3071	0 	3330 	2630 
1280	3583	3071	0 	3329 	2630 
1536	3583	3071	267 	3329 	2630 
1792	3583	3071	992 	3328 	2630 
2048	3583	3071	1414 	3326 	2630 
2303	3583	3071	1750 	3325 	2630 
2559	3583	3071	2080 	3324 	2630 
2815	3583	3071	2407 	3321 	2630 
3071	3583	3071	2710 	3319 	2630 
3327	3583	3071	3029 	3317 	2630 
3583	3583	3071	3315 	3315 	2630 
3839	3583	3071	3597 	3312 	2630 
4095	3583	3071	3875 	3309 	2630 
0	3839	3071	0 	3572 	2630 
256	3839	3071	0 	3572 	2630 
512	3839	3071	0 	3572 	2630 
768	3839	3071	0 	3572 	2630 
1024	3839	3071	0 	3572 	2630 
1280	3839	3071	0 	3571 	2630 
1536	3839	3071	0 	3570 	2630 
1792	3839	3071	807 	3569 	2630 
2048	3839	3071	1297 	3568 	2630 
2303	3839	3071	1661 	3566 	2630 
2559	3839	3071	2007 	3565 	2630 
2815	3839	3071	2345 	3563 	2630 
3071	3839	3071	2656 	3561 	2630 
3327	3839	3071	2982 	3559 	2630 
3583	3839	3071	3272 	3557 	2630 
3839	3839	3071	3558 	3554 	2630 
4095	3839	3071	3840 	3552 	2629 
0	4095	3071	0 	3814 	2630 
256	4095	3071	0 	3814 	2630 
512	4095	3071	0 	3814 	2630 
768	4095	3071	0 	3813 	2630 
1024	4095	3071	0 	3813 	2630 
1280	4095	3071	0 	3812 	2630 
1536	4095	3071	0 	3811 	2630 
1792	4095	3071	527 	3811 	2630 
2048	4095	3071	1155 	3810 	2630 
2303	4095	3071	1557 	3809 	2630 
2559	4095	3071	1924 	3807 	2630 
2815	4095	3071	2276 	3806 	2630 
3071	4095	3071	2595 	3803 	2629 
3327	4095	3071	2929 	3802 	2629 
3583	4095	3071	3225 	3800 	2629 
3839	4095	3071	3515 	3797 	2629 
4095	4095	3071	3801 	3795 	2629 
0	0	3327	0 	231 	2888 
256	0	3327	0 	231 	2888 
512	0	3327	289 	231 	2888 
768	0	3327	636 	218 	2888 
1024	0	3327	925 	203 	2888 
1280	0	3327	1182 	186 	2888 
1536	0	3327	1449 	147 	2888 
1792	0	3327	1701 	122 	2888 
2048	0	3327	1964 	0 	2888 
2303	0	3327	2207 	0 	2888 
2559	0	3327	2473 	0 	2888 
2815	0	3327	2751 	0 	2888 
3071	0	3327	3015 	0 	2888 
3327	0	3327	3299 	0 	2888 
3583	0	3327	3560 	0 	2888 
3839	0	3327	3821 	0 	2888 
4095	0	3327	4082 	0 	2888 
0	256	3327	0 	318 	2888 
256	256	3327	0 	318 	2888 
512	256	3327	279 	309 	2888 
768	256	3327	632 	309 	2888 
1024	256	3327	920 	299 	2888 
1280	256	3327	1180 	289 	2888 
1536	256	3327	1446 	279 	2888 
1792	256	3327	1700 	256 	2888 
2048	256	3327	1962 	231 	2888 
2303	256	3327	2206 	186 	2888 
2559	256	3327	2472 	147 	2888 
2815	256	3327	2749 	0 	2888 
3071	256	3327	3015 	0 	2888 
3327	256	3327	3299 	0 	2888 
3583	256	3327	3560 	0 	2888 
3839	256	3327	3820 	0 	2888 
4095	256	3327	4081 	0 	2888 
0	512	3327	0 	513 	2888 
256	512	3327	0 	507 	2888 
512	512	3327	231 	507 	2888 
768	512	3327	611 	502 	2888 
1024	512	3327	907 	497 	2888 
1280	512	3327	1172 	491 	2888 
1536	512	3327	1440 	486 	2888 
1792	512	3327	1693 	474 	2888 
2048	512	3327	1958 	463 	2888 
2303	512	3327	2202 	451 	2888 
2559	512	3327	2468 	425 	2888 
2815	512	3327	2745 	412 	2888 
3071	512	3327	3012 	384 	2888 
3327	512	3327	3296 	353 	2888 
3583	512	3327	3557 	318 	2888 
3839	512	3327	3818 	268 	2888 
4095	512	3327	4079 	203 	2888 
0	768	3327	0 	717 	2888 
256	768	3327	0 	717 	2888 
512	768	3327	0 	717 	2888 
768	768	3327	577 	714 	2888 
1024	768	3327	885 	710 	2888 
1280	768	3327	1153 	707 	2888 
1536	768	3327	1426 	703 	2888 
1792	768	3327	1683 	696 	2888 
2048	768	3327	1948 	689 	2888 
2303	768	3327	2194 	682 	2888 
2559	768	3327	2461 	667 	2888 
2815	768	3327	2739 	659 	2888 
3071	768	3327	3006 	644 	2888 
3327	768	3327	3291 	628 	2888 
3583	768	3327	3552 	611 	2888 
3839	768	3327	3814 	590 	2888 
4095	768	3327	4075 	568 	2888 
0	1024	3327	0 	945 	2888 
256	1024	3327	0 	945 	2888 
512	1024	3327	0 	943 	2888 
768	1024	3327	510 	943 	2888 
1024	1024	3327	846 	940 	2888 
1280	1024	3327	1129 	938 	2888 
1536	1024	3327	1405 	935 	2888 
1792	1024	3327	1665 	930 	2888 
2048	1024	3327	1934 	925 	2888 
2303	1024	3327	2182 	917 	2888 
2559	1024	3327	2450 	912 	2888 
2815	1024	3327	2729 	901 	2888 
3071	1024	3327	2997 	893 	2888 
3327	1024	3327	3283 	882 	2888 
3583	1024	3327	3545 	869 	2888 
3839	1024	3327	3807 	858 	2888 
4095	1024	3327	4069 	843 	2888 
0	1280	3327	0 	1164 	2888 
256	1280	3327	0 	1164 	2888 
512	1280	3327	0 	1164 	2888 
768	1280	3327	412 	1162 	2888 
1024	1280	3327	793 	1162 	2888 
1280	1280	3327	1091 	1160 	2888 
1536	1280	3327	1377 	1157 	2888 
1792	1280	3327	1642 	1153 	2888 
2048	1280	3327	1914 	1149 	2888 
2303	1280	3327	2165 	1143 	2888 
2559	1280	3327	2436 	1139 	2888 
2815	1280	3327	2716 	1131 	2888 
3071	1280	3327	2985 	1125 	2888 
3327	1280	3327	3272 	1116 	2888 
3583	1280	3327	3535 	1108 	2888 
3839	1280	3327	3798 	1098 	2888 
4095	1280	3327	4061 	1087 	2888 
0	1536	3327	0 	1399 	2888 
256	1536	3327	0 	1399 	2888 
512	1536	3327	0 	1399 	2888 
768	1536	3327	213 	1398 	2888 
1024	1536	3327	724 	1396 	2888 
1280	1536	3327	1042 	1394 	2888 
1536	1536	3327	1341 	1393 	2888 
1792	1536	3327	1613 	1390 	2888 
2048	1536	3327	1890 	1386 	2888 
2303	1536	3327	2143 	1382 	2888 
2559	1536	3327	2416 	1377 	2888 
2815	1536	3327	2700 	1372 	2888 
3071	1536	3327	2969 	1367 	2888 
3327	1536	3327	3259 	1360 	2888 
3583	1536	3327	3523 	1352 	2888 
3839	1536	3327	3787 	1346 	2888 
4095	1536	3327	4050 	1337 	2887 
0	1792	3327	0 	1625 	2888 
256	1792	3327	0 	1625 	2888 
512	1792	3327	0 	1623 	2888 
768	1792	3327	0 	1623 	2888 
1024	1792	3327	620 	1622 	2888 
1280	1792	3327	980 	1621 	2888 
1536	1792	3327	1293 	1618 	2888 
1792	1792	3327	1576 	1615 	2888 
2048	1792	3327	1859 	1614 	2888 
2303	1792	3327	2116 	1610 	2888 
2559	1792	3327	2392 	1606 	2888 
2815	1792	3327	2679 	1602 	2888 
3071	1792	3327	2951 	1598 	2888 
3327	1792	3327	3242 	1592 	2888 
3583	1792	3327	3508 	1586 	2888 
3839	1792	3327	3773 	1579 	2887 
4095	1792	3327	4037 	1572 	2887 
0	2048	3327	0 	1863 	2888 
256	2048	3327	0 	1863 	2888 
512	2048	3327	0 	1862 	2888 
768	2048	3327	0 	1862 	2888 
1024	2048	3327	461 	1860 	2888 
1280	2048	3327	900 	1859 	2888 
1536	2048	3327	1236 	1857 	2888 
1792	2048	3327	1530 	1856 	2888 
2048	2048	3327	1821 	1854 	2888 
2303	2048	3327	2083 	1850 	2888 
2559	2048	3327	2365 	1848 	2888 
2815	2048	3327	2654 	1843 	2888 
3071	2048	3327	2929 	1840 	2888 
3327	2048	3327	3222 	1835 	2887 
3583	2048	3327	3490 	1830 	2887 
3839	2048	3327	3756 	1825 	2887 
4095	2048	3327	4022 	1819 	2887 
0	2303	3327	0 	2082 	2888 
256	2303	3327	0 	2082 	2888 
512	2303	3327	0 	2081 	2888 
768	2303	3327	0 	2081 	2888 
1024	2303	3327	0 	2080 	2888 
1280	2303	3327	794 	2078 	2888 
1536	2303	3327	1164 	2078 	2888 
1792	2303	3327	1475 	2075 	2888 
2048	2303	3327	1776 	2073 	2888 
2303	2303	3327	2046 	2071 	2888 
2559	2303	3327	2332 	2068 	2888 
2815	2303	3327	2625 	2065 	2887 
3071	2303	3327	2903 	2062 	2887 
3327	2303	3327	3200 	2057 	2887 
3583	2303	3327	3469 	2053 	2887 
3839	2303	3327	3737 	2048 	2887 
4095	2303	3327	4004 	2043 	2887 
0	2559	3327	0 	2324 	2888 
256	2559	3327	0 	2324 	2888 
512	2559	3327	0 	2324 	2888 
768	2559	3327	0 	2323 	2888 
1024	2559	3327	0 	2322 	2888 
1280	2559	3327	649 	2322 	2888 
1536	2559	3327	1077 	2321 	2887 
1792	2559	3327	1410 	2319 	2887 
2048	2559	3327	1724 	2317 	2887 
2303	2559	3327	2002 	2314 	2887 
2559	2559	3327	2293 	2313 	2887 
2815	2559	3327	2591 	2309 	2887 
3071	2559	3327	2873 	2306 	2887 
3327	2559	3327	3173 	2304 	2887 
3583	2559	3327	3445 	2299 	2887 
3839	2559	3327	3715 	2295 	2886 
4095	2559	3327	3984 	2290 	2886 
0	2815	3327	0 	2580 	2887 
256	2815	3327	0 	2580 	2887 
512	2815	3327	0 	2580 	2887 
768	2815	3327	0 	2580 	2887 
1024	2815	3327	0 	2579 	2887 
1280	2815	3327	416 	2578 	2887 
1536	2815	3327	968 	2577 	2887 
1792	2815	3327	1331 	2575 	2887 
2048	2815	3327	1663 	2574 	2887 
2303	2815	3327	1950 	2572 	2887 
2559	2815	3327	2248 	2570 	2887 
2815	2815	3327	2552 	2567 	2887 
3071	2815	3327	2838 	2564 	2886 
3327	2815	3327	3142 	2561 	2886 
3583	2815	3327	3417 	2558 	2886 
3839	2815	3327	3690 	2554 	2886 
4095	2815	3327	3960 	2550 	2886 
0	3071	3327	0 	2824 	2887 
256	3071	3327	0 	2824 	2887 
512	3071	3327	0 	2824 	2887 
768	3071	3327	0 	2823 	2887 
1024	3071	3327	0 	2822 	2887 
1280	3071	3327	0 	2822 	2887 
1536	3071	3327	823 	2821 	2887 
1792	3071	3327	1237 	2820 	2887 
2048	3071	3327	1590 	2818 	2886 
2303	3071	3327	1891 	2816 	2886 
2559	3071	3327	2198 	2814 	2886 
2815	3071	3327	2509 	2812 	2886 
3071	3071	3327	2799 	2810 	2886 
3327	3071	3327	3108 	2807 	2886 
3583	3071	3327	3385 	2803 	2886 
3839	3071	3327	3661 	2800 	2886 
4095	3071	3327	3934 	2797 	2886 
0	3327	3327	0 	3091 	2886 
256	3327	3327	0 	3091 	2886 
512	3327	3327	0 	3091 	2886 
768	3327	3327	0 	3090 	2886 
1024	3327	3327	0 	3090 	2886 
1280	3327	3327	0 	3090 	2886 
1536	3327	3327	622 	3088 	2886 
1792	3327	3327	1123 	3087 	2886 
2048	3327	3327	1506 	3086 	2886 
2303	3327	3327	1823 	3084 	2886 
2559	3327	3327	2141 	3083 	2886 
2815	3327	3327	2458 	3080 	2886 
3071	3327	3327	2756 	3078 	2886 
3327	3327	3327	3070 	3076 	2886 
3583	3327	3327	3351 	3073 	2886 
3839	3327	3327	3629 	3070 	2886 
4095	3327	3327	3905 	3066 	2886 
0	3583	3327	0 	3332 	2886 
256	3583	3327	0 	3332 	2886 
512	3583	3327	0 	3332 	2886 
768	3583	3327	0 	3331 	2886 
1024	3583	3327	0 	3331 	2886 
1280	3583	3327	0 	3330 	2886 
1536	3583	3327	207 	3329 	2886 
1792	3583	3327	981 	3328 	2886 
2048	3583	3327	1406 	3327 	2886 
2303	3583	3327	1745 	3326 	2886 
2559	3583	3327	2075 	3324 	2886 
2815	3583	3327	2403 	3322 	2886 
3071	3583	3327	2707 	3320 	2886 
3327	3583	3327	3026 	3318 	2886 
3583	3583	3327	3312 	3315 	2886 
3839	3583	3327	3594 	3312 	2886 
4095	3583	3327	3872 	3309 	2886 
0	3839	3327	0 	3573 	2886 
256	3839	3327	0 	3573 	2886 
512	3839	3327	0 	3573 	2886 
768	3839	3327	0 	3572 	2886 
1024	3839	3327	0 	3572 	2886 
1280	3839	3327	0 	3572 	2886 
1536	3839	3327	0 	3571 	2886 
1792	3839	3327	793 	3570 	2886 
2048	3839	3327	1288 	3569 	2886 
2303	3839	3327	1655 	3567 	2886 
2559	3839	3327	2003 	3566 	2886 
2815	3839	3327	2341 	3564 	2886 
3071	3839	3327	2652 	3563 	2886 
3327	3839	3327	2979 	3560 	2886 
3583	3839	3327	3269 	3558 	2886 
3839	3839	3327	3555 	3555 	2886 
4095	3839	3327	3837 	3552 	2886 
0	4095	3327	0 	3814 	2886 
256	4095	3327	0 	3814 	2886 
512	4095	3327	0 	3814 	2886 
768	4095	3327	0 	3814 	2886 
1024	4095	3327	0 	3814 	2886 
1280	4095	3327	0 	3813 	2886 
1536	4095	3327	0 	3812 	2886 
1792	4095	3327	508 	3811 	2886 
2048	4095	3327	1147 	3810 	2886 
2303	4095	3327	1551 	3809 	2886 
2559	4095	3327	1918 	3808 	2886 
2815	4095	3327	2271 	3806 	2886 
3071	4095	3327	2591 	3804 	2886 
3327	4095	3327	2926 	3802 	2885 
3583	4095	3327	3222 	3800 	2885 
3839	4095	3327	3513 	3798 	2885 
4095	4095	3327	3798 	3795 	2885 
0	0	3583	0 	244 	3114 
256	0	3583	0 	244 	3114 
512	0	3583	231 	244 	3114 
768	0	3583	615 	231 	3114 
1024	0	3583	909 	231 	3114 
1280	0	3583	1172 	218 	3114 
1536	0	3583	1441 	186 	3114 
1792	0	3583	1695 	147 	3114 
2048	0	3583	1959 	89 	3114 
2303	0	3583	2203 	0 	3114 
2559	0	3583	2469 	0 	3114 
2815	0	3583	2746 	0 	3114 
3071	0	3583	3012 	0 	3114 
3327	0	3583	3296 	0 	3114 
3583	0	3583	3557 	0 	3114 
3839	0	3583	3818 	0 	3114 
4095	0	3583	4079 	0 	3114 
0	256	3583	0 	336 	3114 
256	256	3583	0 	327 	3114 
512	256	3583	218 	327 	3114 
768	256	3583	611 	318 	3114 
1024	256	3583	907 	309 	3114 
1280	256	3583	1170 	299 	3114 
1536	256	3583	1438 	289 	3114 
1792	256	3583	1693 	268 	3114 
2048	256	3583	1957 	244 	3114 
2303	256	3583	2202 	218 	3114 
2559	256	3583	2468 	147 	3114 
2815	256	3583	2745 	89 	3114 
3071	256	3583	3011 	0 	3114 
3327	256	3583	3296 	0 	3114 
3583	256	3583	3557 	0 	3114 
3839	256	3583	3818 	0 	3114 
4095	256	3583	4079 	0 	3114 
0	512	3583	0 	513 	3114 
256	512	3583	0 	513 	3114 
512	512	3583	147 	513 	3114 
768	512	3583	590 	513 	3114 
1024	512	3583	893 	507 	3114 
1280	512	3583	1162 	502 	3114 
1536	512	3583	1432 	491 	3114 
1792	512	3583	1687 	486 	3114 
2048	512	3583	1953 	468 	3114 
2303	512	3583	2197 	451 	3114 
2559	512	3583	2463 	438 	3114 
2815	512	3583	2742 	419 	3114 
3071	512	3583	3008 	391 	3114 
3327	512	3583	3293 	369 	3114 
3583	512	3583	3554 	327 	3114 
3839	512	3583	3815 	289 	3114 
4095	512	3583	4076 	231 	3114 
0	768	3583	0 	724 	3114 
256	768	3583	0 	724 	3114 
512	768	3583	0 	724 	3114 
768	768	3583	554 	721 	3114 
1024	768	3583	869 	717 	3114 
1280	768	3583	1143 	714 	3114 
1536	768	3583	1418 	707 	3114 
1792	768	3583	1676 	703 	3114 
2048	768	3583	1943 	693 	3114 
2303	768	3583	2189 	685 	3114 
2559	768	3583	2457 	674 	3114 
2815	768	3583	2736 	663 	3114 
3071	768	3583	3002 	648 	3114 
3327	768	3583	3287 	632 	3114 
3583	768	3583	3549 	615 	3114 
3839	768	3583	3811 	599 	3114 
4095	768	3583	4072 	577 	3114 
0	1024	3583	0 	950 	3114 
256	1024	3583	0 	950 	3114 
512	1024	3583	0 	948 	3114 
768	1024	3583	483 	948 	3114 
1024	1024	3583	832 	945 	3114 
1280	1024	3583	1118 	940 	3114 
1536	1024	3583	1398 	938 	3114 
1792	1024	3583	1659 	933 	3114 
2048	1024	3583	1929 	928 	3114 
2303	1024	3583	2177 	922 	3114 
2559	1024	3583	2446 	915 	3114 
2815	1024	3583	2725 	907 	3114 
3071	1024	3583	2994 	899 	3114 
3327	1024	3583	3280 	885 	3114 
3583	1024	3583	3542 	874 	3114 
3839	1024	3583	3804 	860 	3114 
4095	1024	3583	4067 	846 	3114 
0	1280	3583	0 	1168 	3114 
256	1280	3583	0 	1168 	3114 
512	1280	3583	0 	1166 	3114 
768	1280	3583	377 	1166 	3114 
1024	1280	3583	777 	1164 	3114 
1280	1280	3583	1081 	1162 	3114 
1536	1280	3583	1369 	1160 	3114 
1792	1280	3583	1635 	1155 	3114 
2048	1280	3583	1909 	1151 	3114 
2303	1280	3583	2160 	1147 	3114 
2559	1280	3583	2431 	1141 	3114 
2815	1280	3583	2713 	1135 	3114 
3071	1280	3583	2981 	1129 	3114 
3327	1280	3583	3269 	1120 	3114 
3583	1280	3583	3533 	1110 	3114 
3839	1280	3583	3795 	1100 	3114 
4095	1280	3583	4058 	1089 	3114 
0	1536	3583	0 	1402 	3114 
256	1536	3583	0 	1402 	3114 
512	1536	3583	0 	1401 	3114 
768	1536	3583	86 	1401 	3114 
1024	1536	3583	707 	1399 	3114 
1280	1536	3583	1031 	1396 	3114 
1536	1536	3583	1332 	1394 	3114 
1792	1536	3583	1606 	1393 	3114 
2048	1536	3583	1884 	1388 	3114 
2303	1536	3583	2139 	1385 	3114 
2559	1536	3583	2412 	1380 	3114 
2815	1536	3583	2696 	1375 	3114 
3071	1536	3583	2966 	1369 	3114 
3327	1536	3583	3256 	1362 	3114 
3583	1536	3583	3520 	1356 	3114 
3839	1536	3583	3785 	1349 	3114 
4095	1536	3583	4048 	1341 	3113 
0	1792	3583	0 	1626 	3114 
256	1792	3583	0 	1626 	3114 
512	1792	3583	0 	1626 	3114 
768	1792	3583	0 	1625 	3114 
1024	1792	3583	599 	1623 	3114 
1280	1792	3583	968 	1622 	3114 
1536	1792	3583	1284 	1621 	3114 
1792	1792	3583	1569 	1618 	3114 
2048	1792	3583	1854 	1615 	3114 
2303	1792	3583	2111 	1613 	3114 
2559	1792	3583	2388 	1607 	3114 
2815	1792	3583	2675 	1605 	3114 
3071	1792	3583	2948 	1599 	3114 
3327	1792	3583	3239 	1594 	3114 
3583	1792	3583	3505 	1588 	3113 
3839	1792	3583	3770 	1581 	3113 
4095	1792	3583	4035 	1575 	3113 
0	2048	3583	0 	1864 	3114 
256	2048	3583	0 	1864 	3114 
512	2048	3583	0 	1864 	3114 
768	2048	3583	0 	1863 	3114 
1024	2048	3583	431 	1862 	3114 
1280	2048	3583	887 	1862 	3114 
1536	2048	3583	1227 	1859 	3114 
1792	2048	3583	1523 	1857 	3114 
2048	2048	3583	1815 	1855 	3114 
2303	2048	3583	2078 	1852 	3114 
2559	2048	3583	2360 	1849 	3114 
2815	2048	3583	2650 	1844 	3114 
3071	2048	3583	2926 	1841 	3113 
3327	2048	3583	3219 	1837 	3113 
3583	2048	3583	3487 	1832 	3113 
3839	2048	3583	3754 	1826 	3113 
4095	2048	3583	4020 	1820 	3113 
0	2303	3583	0 	2083 	3114 
256	2303	3583	0 	2083 	3114 
512	2303	3583	0 	2083 	3114 
768	2303	3583	0 	2082 	3114 
1024	2303	3583	0 	2081 	3114 
1280	2303	3583	778 	2080 	3114 
1536	2303	3583	1155 	2078 	3114 
1792	2303	3583	1467 	2077 	3114 
2048	2303	3583	1770 	2075 	3114 
2303	2303	3583	2041 	2073 	3113 
2559	2303	3583	2328 	2069 	3113 
2815	2303	3583	2621 	2067 	3113 
3071	2303	3583	2899 	2062 	3113 
3327	2303	3583	3197 	2059 	3113 
3583	2303	3583	3466 	2055 	3113 
3839	2303	3583	3734 	2050 	3113 
4095	2303	3583	4002 	2045 	3113 
0	2559	3583	0 	2326 	3113 
256	2559	3583	0 	2326 	3113 
512	2559	3583	0 	2325 	3113 
768	2559	3583	0 	2325 	3113 
1024	2559	3583	0 	2324 	3113 
1280	2559	3583	626 	2322 	3113 
1536	2559	3583	1066 	2322 	3113 
1792	2559	3583	1402 	2321 	3113 
2048	2559	3583	1717 	2318 	3113 
2303	2559	3583	1997 	2316 	3113 
2559	2559	3583	2288 	2313 	3113 
2815	2559	3583	2587 	2311 	3113 
3071	2559	3583	2869 	2308 	3113 
3327	2559	3583	3170 	2304 	3113 
3583	2559	3583	3442 	2300 	3113 
3839	2559	3583	3712 	2296 	3113 
4095	2559	3583	3981 	2292 	3113 
0	2815	3583	0 	2582 	3113 
256	2815	3583	0 	2581 	3113 
512	2815	3583	0 	2581 	3113 
768	2815	3583	0 	2580 	3113 
1024	2815	3583	0 	2580 	3113 
1280	2815	3583	383 	2579 	3113 
1536	2815	3583	956 	2578 	3113 
1792	2815	3583	1322 	2576 	3113 
2048	2815	3583	1655 	2575 	3113 
2303	2815	3583	1944 	2573 	3113 
2559	2815	3583	2244 	2571 	3113 
2815	2815	3583	2548 	2568 	3113 
3071	2815	3583	2835 	2565 	3113 
3327	2815	3583	3139 	2562 	3113 
3583	2815	3583	3414 	2559 	3113 
3839	2815	3583	3687 	2555 	3113 
4095	2815	3583	3958 	2551 	3113 
0	3071	3583	0 	2825 	3113 
256	3071	3583	0 	2825 	3113 
512	3071	3583	0 	2825 	3113 
768	3071	3583	0 	2825 	3113 
1024	3071	3583	0 	2824 	3113 
1280	3071	3583	0 	2822 	3113 
1536	3071	3583	809 	2822 	3113 
1792	3071	3583	1228 	2821 	3113 
2048	3071	3583	1583 	2819 	3113 
2303	3071	3583	1884 	2817 	3113 
2559	3071	3583	2193 	2815 	3113 
2815	3071	3583	2505 	2813 	3113 
3071	3071	3583	2795 	2810 	3113 
3327	3071	3583	3104 	2807 	3113 
3583	3071	3583	3382 	2804 	3113 
3839	3071	3583	3658 	2802 	3112 
4095	3071	3583	3932 	2798 	3112 
0	3327	3583	0 	3092 	3113 
256	3327	3583	0 	3092 	3113 
512	3327	3583	0 	3092 	3113 
768	3327	3583	0 	3092 	3113 
1024	3327	3583	0 	3091 	3113 
1280	3327	3583	0 	3090 	3113 
1536	3327	3583	601 	3090 	3113 
1792	3327	3583	1113 	3088 	3113 
2048	3327	3583	1498 	3086 	3113 
2303	3327	3583	1817 	3085 	3113 
2559	3327	3583	2136 	3083 	3113 
2815	3327	3583	2454 	3081 	3112 
3071	3327	3583	2752 	3079 	3112 
3327	3327	3583	3066 	3077 	3112 
3583	3327	3583	3348 	3074 	3112 
3839	3327	3583	3626 	3071 	3112 
4095	3327	3583	3903 	3068 	3112 
0	3583	3583	0 	3333 	3112 
256	3583	3583	0 	3333 	3112 
512	3583	3583	0 	3333 	3112 
768	3583	3583	0 	3332 	3112 
1024	3583	3583	0 	3332 	3112 
1280	3583	3583	0 	3331 	3112 
1536	3583	3583	115 	3330 	3112 
1792	3583	3583	969 	3329 	3112 
2048	3583	3583	1399 	3328 	3112 
2303	3583	3583	1739 	3326 	3112 
2559	3583	3583	2070 	3325 	3112 
2815	3583	3583	2399 	3323 	3112 
3071	3583	3583	2702 	3321 	3112 
3327	3583	3583	3023 	3319 	3112 
3583	3583	3583	3309 	3316 	3111 
3839	3583	3583	3592 	3314 	3111 
4095	3583	3583	3870 	3311 	3111 
0	3839	3583	0 	3574 	3112 
256	3839	3583	0 	3574 	3112 
512	3839	3583	0 	3574 	3112 
768	3839	3583	0 	3573 	3112 
1024	3839	3583	0 	3573 	3112 
1280	3839	3583	0 	3572 	3112 
1536	3839	3583	0 	3572 	3112 
1792	3839	3583	778 	3571 	3112 
2048	3839	3583	1280 	3569 	3112 
2303	3839	3583	1648 	3568 	3111 
2559	3839	3583	1998 	3566 	3111 
2815	3839	3583	2337 	3565 	3111 
3071	3839	3583	2648 	3563 	3111 
3327	3839	3583	2976 	3561 	3111 
3583	3839	3583	3266 	3558 	3111 
3839	3839	3583	3552 	3556 	3111 
4095	3839	3583	3835 	3553 	3111 
0	4095	3583	0 	3815 	3111 
256	4095	3583	0 	3815 	3111 
512	4095	3583	0 	3815 	3111 
768	4095	3583	0 	3815 	3111 
1024	4095	3583	0 	3814 	3111 
1280	4095	3583	0 	3814 	3111 
1536	4095	3583	0 	3813 	3111 
1792	4095	3583	482 	3812 	3111 
2048	4095	3583	1137 	3811 	3111 
2303	4095	3583	1544 	3810 	3111 
2559	4095	3583	1913 	3809 	3111 
2815	4095	3583	2266 	3807 	3111 
3071	4095	3583	2587 	3805 	3111 
3327	4095	3583	2923 	3803 	3111 
3583	4095	3583	3219 	3801 	3111 
3839	4095	3583	3510 	3798 	3111 
4095	4095	3583	3796 	3796 	3111 
0	0	3839	0 	268 	3340 
256	0	3839	0 	268 	3340 
512	0	3839	147 	268 	3340 
768	0	3839	594 	256 	3340 
1024	0	3839	896 	244 	3340 
1280	0	3839	1162 	231 	3340 
1536	0	3839	1432 	218 	3340 
1792	0	3839	1687 	186 	3340 
2048	0	3839	1953 	147 	3340 
2303	0	3839	2198 	0 	3340 
2559	0	3839	2464 	0 	3340 
2815	0	3839	2742 	0 	3340 
3071	0	3839	3008 	0 	3340 
3327	0	3839	3293 	0 	3340 
3583	0	3839	3554 	0 	3339 
3839	0	3839	3816 	0 	3339 
4095	0	3839	4076 	0 	3339 
0	256	3839	0 	345 	3340 
256	256	3839	0 	345 	3340 
512	256	3839	122 	345 	3340 
768	256	3839	586 	336 	3340 
1024	256	3839	891 	327 	3340 
1280	256	3839	1160 	318 	3340 
1536	256	3839	1430 	299 	3340 
1792	256	3839	1686 	289 	3340 
2048	256	3839	1951 	268 	3340 
2303	256	3839	2197 	231 	3340 
2559	256	3839	2463 	186 	3340 
2815	256	3839	2741 	147 	3340 
3071	256	3839	3008 	0 	3340 
3327	256	3839	3293 	0 	3340 
3583	256	3839	3554 	0 	3339 
3839	256	3839	3815 	0 	3339 
4095	256	3839	4076 	0 	3339 
0	512	3839	0 	523 	3340 
256	512	3839	0 	523 	3340 
512	512	3839	0 	523 	3340 
768	512	3839	563 	518 	3340 
1024	512	3839	880 	513 	3340 
1280	512	3839	1151 	513 	3340 
1536	512	3839	1423 	502 	3340 
1792	512	3839	1679 	491 	3340 
2048	512	3839	1946 	480 	3340 
2303	512	3839	2192 	463 	3340 
2559	512	3839	2459 	451 	3340 
2815	512	3839	2738 	425 	3340 
3071	512	3839	3004 	405 	3340 
3327	512	3839	3289 	376 	3339 
3583	512	3839	3551 	345 	3339 
3839	512	3839	3812 	299 	3339 
4095	512	3839	4074 	244 	3339 
0	768	3839	0 	728 	3340 
256	768	3839	0 	728 	3340 
512	768	3839	0 	724 	3340 
768	768	3839	525 	724 	3340 
1024	768	3839	855 	724 	3340 
1280	768	3839	1133 	717 	3340 
1536	768	3839	1410 	714 	3340 
1792	768	3839	1669 	707 	3340 
2048	768	3839	1937 	700 	3340 
2303	768	3839	2184 	689 	3340 
2559	768	3839	2452 	682 	3340 
2815	768	3839	2731 	667 	3340 
3071	768	3839	2998 	655 	3340 
3327	768	3839	3284 	640 	3339 
3583	768	3839	3546 	624 	3339 
3839	768	3839	3808 	603 	3339 
4095	768	3839	4070 	581 	3339 
0	1024	3839	0 	953 	3340 
256	1024	3839	0 	953 	3340 
512	1024	3839	0 	953 	3340 
768	1024	3839	455 	950 	3340 
1024	1024	3839	817 	948 	3340 
1280	1024	3839	1106 	945 	3340 
1536	1024	3839	1388 	940 	3340 
1792	1024	3839	1651 	938 	3340 
2048	1024	3839	1922 	933 	3340 
2303	1024	3839	2171 	928 	3340 
2559	1024	3839	2442 	917 	3340 
2815	1024	3839	2722 	912 	3340 
3071	1024	3839	2990 	899 	3339 
3327	1024	3839	3277 	891 	3339 
3583	1024	3839	3539 	880 	3339 
3839	1024	3839	3802 	866 	3339 
4095	1024	3839	4064 	852 	3339 
0	1280	3839	0 	1172 	3340 
256	1280	3839	0 	1172 	3340 
512	1280	3839	0 	1170 	3340 
768	1280	3839	338 	1168 	3340 
1024	1280	3839	761 	1166 	3340 
1280	1280	3839	1068 	1164 	3340 
1536	1280	3839	1360 	1162 	3340 
1792	1280	3839	1627 	1159 	3340 
2048	1280	3839	1903 	1155 	3340 
2303	1280	3839	2155 	1151 	3340 
2559	1280	3839	2426 	1145 	3340 
2815	1280	3839	2709 	1139 	3339 
3071	1280	3839	2977 	1131 	3339 
3327	1280	3839	3266 	1123 	3339 
3583	1280	3839	3530 	1114 	3339 
3839	1280	3839	3793 	1104 	3339 
4095	1280	3839	4056 	1094 	3339 
0	1536	3839	0 	1404 	3340 
256	1536	3839	0 	1404 	3340 
512	1536	3839	0 	1402 	3340 
768	1536	3839	0 	1402 	3340 
1024	1536	3839	685 	1402 	3340 
1280	1536	3839	1017 	1399 	3340 
1536	1536	3839	1322 	1398 	3340 
1792	1536	3839	1599 	1394 	3340 
2048	1536	3839	1879 	1391 	3340 
2303	1536	3839	2133 	1386 	3339 
2559	1536	3839	2407 	1383 	3339 
2815	1536	3839	2692 	1377 	3339 
3071	1536	3839	2963 	1372 	3339 
3327	1536	3839	3253 	1365 	3339 
3583	1536	3839	3517 	1359 	3339 
3839	1536	3839	3782 	1351 	3339 
4095	1536	3839	4045 	1342 	3339 
0	1792	3839	0 	1627 	3340 
256	1792	3839	0 	1627 	3340 
512	1792	3839	0 	1627 	3340 
768	1792	3839	0 	1627 	3340 
1024	1792	3839	572 	1626 	3340 
1280	1792	3839	956 	1625 	3339 
1536	1792	3839	1276 	1622 	3339 
1792	1792	3839	1561 	1621 	3339 
2048	1792	3839	1847 	1617 	3339 
2303	1792	3839	2105 	1614 	3339 
2559	1792	3839	2384 	1610 	3339 
2815	1792	3839	2671 	1606 	3339 
3071	1792	3839	2944 	1601 	3339 
3327	1792	3839	3236 	1596 	3339 
3583	1792	3839	3502 	1590 	3339 
3839	1792	3839	3767 	1584 	3339 
4095	1792	3839	4032 	1577 	3339 
0	2048	3839	0 	1866 	3339 
256	2048	3839	0 	1866 	3339 
512	2048	3839	0 	1866 	3339 
768	2048	3839	0 	1865 	3339 
1024	2048	3839	398 	1864 	3339 
1280	2048	3839	871 	1863 	3339 
1536	2048	3839	1216 	1862 	3339 
1792	2048	3839	1514 	1859 	3339 
2048	2048	3839	1808 	1856 	3339 
2303	2048	3839	2073 	1854 	3339 
2559	2048	3839	2355 	1850 	3339 
2815	2048	3839	2646 	1847 	3339 
3071	2048	3839	2922 	1843 	3339 
3327	2048	3839	3216 	1837 	3339 
3583	2048	3839	3484 	1833 	3339 
3839	2048	3839	3751 	1828 	3339 
4095	2048	3839	4017 	1822 	3339 
0	2303	3839	0 	2084 	3339 
256	2303	3839	0 	2084 	3339 
512	2303	3839	0 	2084 	3339 
768	2303	3839	0 	2083 	3339 
1024	2303	3839	0 	2083 	3339 
1280	2303	3839	760 	2082 	3339 
1536	2303	3839	1143 	2080 	3339 
1792	2303	3839	1460 	2078 	3339 
2048	2303	3839	1764 	2076 	3339 
2303	2303	3839	2036 	2074 	3339 
2559	2303	3839	2322 	2071 	3339 
2815	2303	3839	2616 	2067 	3339 
3071	2303	3839	2896 	2064 	3339 
3327	2303	3839	3193 	2061 	3339 
3583	2303	3839	3463 	2057 	3339 
3839	2303	3839	3732 	2052 	3339 
4095	2303	3839	3999 	2046 	3339 
0	2559	3839	0 	2328 	3339 
256	2559	3839	0 	2328 	3339 
512	2559	3839	0 	2327 	3339 
768	2559	3839	0 	2327 	3339 
1024	2559	3839	0 	2326 	3339 
1280	2559	3839	605 	2324 	3339 
1536	2559	3839	1053 	2323 	3339 
1792	2559	3839	1392 	2321 	3339 
2048	2559	3839	1710 	2320 	3339 
2303	2559	3839	1990 	2318 	3339 
2559	2559	3839	2284 	2315 	3339 
2815	2559	3839	2583 	2313 	3339 
3071	2559	3839	2865 	2309 	3339 
3327	2559	3839	3166 	2305 	3339 
3583	2559	3839	3438 	2302 	3339 
3839	2559	3839	3709 	2297 	3339 
4095	2559	3839	3979 	2293 	3339 
0	2815	3839	0 	2583 	3339 
256	2815	3839	0 	2583 	3339 
512	2815	3839	0 	2583 	3339 
768	2815	3839	0 	2582 	3339 
1024	2815	3839	0 	2581 	3339 
1280	2815	3839	339 	2580 	3339 
1536	2815	3839	941 	2579 	3339 
1792	2815	3839	1314 	2578 	3339 
2048	2815	3839	1648 	2576 	3339 
2303	2815	3839	1938 	2575 	3339 
2559	2815	3839	2239 	2572 	3339 
2815	2815	3839	2544 	2569 	3339 
3071	2815	3839	2830 	2566 	3339 
3327	2815	3839	3135 	2564 	3339 
3583	2815	3839	3411 	2560 	3339 
3839	2815	3839	3684 	2556 	3339 
4095	2815	3839	3955 	2552 	3339 
0	3071	3839	0 	2826 	3339 
256	3071	3839	0 	2826 	3339 
512	3071	3839	0 	2825 	3339 
768	3071	3839	0 	2825 	3339 
1024	3071	3839	0 	2825 	3339 
1280	3071	3839	0 	2824 	3339 
1536	3071	3839	791 	2823 	3339 
1792	3071	3839	1219 	2822 	3339 
2048	3071	3839	1576 	2820 	3339 
2303	3071	3839	1879 	2818 	3339 
2559	3071	3839	2188 	2817 	3339 
2815	3071	3839	2500 	2814 	3339 
3071	3071	3839	2791 	2812 	3339 
3327	3071	3839	3101 	2809 	3339 
3583	3071	3839	3380 	2806 	3339 
3839	3071	3839	3656 	2802 	3338 
4095	3071	3839	3929 	2799 	3338 
0	3327	3839	0 	3094 	3339 
256	3327	3839	0 	3094 	3339 
512	3327	3839	0 	3093 	3339 
768	3327	3839	0 	3093 	3339 
1024	3327	3839	0 	3092 	3339 
1280	3327	3839	0 	3091 	3339 
1536	3327	3839	576 	3090 	3339 
1792	3327	3839	1101 	3089 	3339 
2048	3327	3839	1489 	3088 	3339 
2303	3327	3839	1810 	3086 	3339 
2559	3327	3839	2131 	3085 	3339 
2815	3327	3839	2450 	3083 	3339 
3071	3327	3839	2748 	3080 	3338 
3327	3327	3839	3063 	3077 	3338 
3583	3327	3839	3345 	3075 	3338 
3839	3327	3839	3623 	3072 	3338 
4095	3327	3839	3900 	3068 	3338 
0	3583	3839	0 	3334 	3339 
256	3583	3839	0 	3334 	3339 
512	3583	3839	0 	3334 	3339 
768	3583	3839	0 	3334 	3339 
1024	3583	3839	0 	3333 	3339 
1280	3583	3839	0 	3332 	3338 
1536	3583	3839	0 	3331 	3338 
1792	3583	3839	957 	3330 	3338 
2048	3583	3839	1391 	3329 	3338 
2303	3583	3839	1731 	3327 	3338 
2559	3583	3839	2064 	3326 	3338 
2815	3583	3839	2394 	3324 	3338 
3071	3583	3839	2698 	3322 	3338 
3327	3583	3839	3020 	3319 	3338 
3583	3583	3839	3306 	3317 	3338 
3839	3583	3839	3588 	3315 	3338 
4095	3583	3839	3868 	3312 	3338 
0	3839	3839	0 	3574 	3338 
256	3839	3839	0 	3574 	3338 
512	3839	3839	0 	3574 	3338 
768	3839	3839	0 	3574 	3338 
1024	3839	3839	0 	3574 	3338 
1280	3839	3839	0 	3573 	3338 
1536	3839	3839	0 	3572 	3338 
1792	3839	3839	762 	3572 	3338 
2048	3839	3839	1269 	3570 	3338 
2303	3839	3839	1642 	3569 	3338 
2559	3839	3839	1991 	3567 	3338 
2815	3839	3839	2331 	3566 	3338 
3071	3839	3839	2644 	3564 	3338 
3327	3839	3839	2972 	3561 	3338 
3583	3839	3839	3263 	3559 	3338 
3839	3839	3839	3549 	3557 	3338 
4095	3839	3839	3832 	3554 	3338 
0	4095	3839	0 	3816 	3338 
256	4095	3839	0 	3816 	3338 
512	4095	3839	0 	3816 	3338 
768	4095	3839	0 	3815 	3338 
1024	4095	3839	0 	3815 	3338 
1280	4095	3839	0 	3814 	3338 
1536	4095	3839	0 	3814 	3338 
1792	4095	3839	450 	3813 	3338 
2048	4095	3839	1125 	3812 	3338 
2303	4095	3839	1536 	3811 	3338 
2559	4095	3839	1906 	3809 	3338 
2815	4095	3839	2261 	3808 	3338 
3071	4095	3839	2583 	3806 	3338 
3327	4095	3839	2919 	3804 	3337 
3583	4095	3839	3216 	3802 	3337 
3839	4095	3839	3507 	3799 	3337 
4095	4095	3839	3793 	3797 	3337 
0	0	4095	0 	289 	3566 
256	0	4095	0 	289 	3566 
512	0	4095	0 	289 	3566 
768	0	4095	563 	279 	3566 
1024	0	4095	880 	268 	3566 
1280	0	4095	1151 	256 	3566 
1536	0	4095	1423 	231 	3566 
1792	0	4095	1679 	218 	3566 
2048	0	4095	1946 	168 	3566 
2303	0	4095	2192 	122 	3566 
2559	0	4095	2459 	0 	3566 
2815	0	4095	2738 	0 	3566 
3071	0	4095	3004 	0 	3566 
3327	0	4095	3289 	0 	3566 
3583	0	4095	3551 	0 	3566 
3839	0	4095	3813 	0 	3566 
4095	0	4095	4074 	0 	3566 
0	256	4095	0 	353 	3566 
256	256	4095	0 	353 	3566 
512	256	4095	0 	353 	3566 
768	256	4095	559 	345 	3566 
1024	256	4095	874 	345 	3566 
1280	256	4095	1147 	336 	3566 
1536	256	4095	1420 	318 	3566 
1792	256	4095	1678 	299 	3566 
2048	256	4095	1945 	289 	3566 
2303	256	4095	2191 	256 	3566 
2559	256	4095	2458 	218 	3566 
2815	256	4095	2737 	168 	3566 
3071	256	4095	3004 	0 	3566 
3327	256	4095	3289 	0 	3566 
3583	256	4095	3551 	0 	3566 
3839	256	4095	3812 	0 	3566 
4095	256	4095	4074 	0 	3566 
0	512	4095	0 	533 	3566 
256	512	4095	0 	533 	3566 
512	512	4095	0 	533 	3566 
768	512	4095	535 	528 	3566 
1024	512	4095	860 	523 	3566 
1280	512	4095	1139 	518 	3566 
1536	512	4095	1413 	513 	3566 
1792	512	4095	1672 	502 	3566 
2048	512	4095	1940 	486 	3566 
2303	512	4095	2187 	474 	3566 
2559	512	4095	2455 	457 	3566 
2815	512	4095	2734 	438 	3566 
3071	512	4095	3000 	419 	3566 
3327	512	4095	3286 	384 	3566 
3583	512	4095	3548 	353 	3566 
3839	512	4095	3809 	318 	3566 
4095	512	4095	4071 	268 	3566 
0	768	4095	0 	734 	3566 
256	768	4095	0 	734 	3566 
512	768	4095	0 	731 	3566 
768	768	4095	494 	731 	3566 
1024	768	4095	837 	728 	3566 
1280	768	4095	1120 	724 	3566 
1536	768	4095	1399 	721 	3566 
1792	768	4095	1661 	714 	3566 
2048	768	4095	1931 	707 	3566 
2303	768	4095	2178 	696 	3566 
2559	768	4095	2447 	685 	3566 
2815	768	4095	2727 	674 	3566 
3071	768	4095	2994 	663 	3566 
3327	768	4095	3281 	648 	3566 
3583	768	4095	3543 	628 	3566 
3839	768	4095	3805 	611 	3566 
4095	768	4095	4067 	590 	3566 
0	1024	4095	0 	955 	3566 
256	1024	4095	0 	955 	3566 
512	1024	4095	0 	955 	3566 
768	1024	4095	412 	953 	3566 
1024	1024	4095	799 	953 	3566 
1280	1024	4095	1094 	950 	3566 
1536	1024	4095	1378 	945 	3566 
1792	1024	4095	1643 	940 	3566 
2048	1024	4095	1915 	938 	3566 
2303	1024	4095	2166 	930 	3566 
2559	1024	4095	2436 	922 	3566 
2815	1024	4095	2717 	915 	3566 
3071	1024	4095	2986 	904 	3566 
3327	1024	4095	3273 	896 	3566 
3583	1024	4095	3536 	885 	3566 
3839	1024	4095	3798 	869 	3566 
4095	1024	4095	4061 	855 	3566 
0	1280	4095	0 	1174 	3566 
256	1280	4095	0 	1174 	3566 
512	1280	4095	0 	1172 	3566 
768	1280	4095	273 	1172 	3566 
1024	1280	4095	741 	1170 	3566 
1280	1280	4095	1055 	1168 	3566 
1536	1280	4095	1351 	1164 	3566 
1792	1280	4095	1621 	1162 	3566 
2048	1280	4095	1897 	1159 	3566 
2303	1280	4095	2148 	1153 	3566 
2559	1280	4095	2421 	1149 	3566 
2815	1280	4095	2704 	1141 	3566 
3071	1280	4095	2973 	1135 	3566 
3327	1280	4095	3262 	1127 	3566 
3583	1280	4095	3526 	1118 	3566 
3839	1280	4095	3790 	1108 	3566 
4095	1280	4095	4053 	1098 	3566 
0	1536	4095	0 	1407 	3566 
256	1536	4095	0 	1407 	3566 
512	1536	4095	0 	1405 	3566 
768	1536	4095	0 	1405 	3566 
1024	1536	4095	663 	1404 	3566 
1280	1536	4095	1006 	1402 	3566 
1536	1536	4095	1312 	1401 	3566 
1792	1536	4095	1591 	1396 	3566 
2048	1536	4095	1871 	1394 	3566 
2303	1536	4095	2127 	1390 	3566 
2559	1536	4095	2402 	1386 	3566 
2815	1536	4095	2687 	1380 	3566 
3071	1536	4095	2958 	1375 	3566 
3327	1536	4095	3248 	1369 	3566 
3583	1536	4095	3514 	1360 	3566 
3839	1536	4095	3779 	1352 	3566 
4095	1536	4095	4042 	1344 	3566 
0	1792	4095	0 	1630 	3566 
256	1792	4095	0 	1630 	3566 
512	1792	4095	0 	1630 	3566 
768	1792	4095	0 	1629 	3566 
1024	1792	4095	545 	1627 	3566 
1280	1792	4095	941 	1627 	3566 
1536	1792	4095	1265 	1625 	3566 
1792	1792	4095	1552 	1622 	3566 
2048	1792	4095	1840 	1619 	3566 
2303	1792	4095	2099 	1615 	3566 
2559	1792	4095	2378 	1613 	3566 
2815	1792	4095	2666 	1607 	3566 
3071	1792	4095	2940 	1603 	3566 
3327	1792	4095	3232 	1599 	3566 
3583	1792	4095	3499 	1592 	3566 
3839	1792	4095	3764 	1586 	3566 
4095	1792	4095	4030 	1579 	3566 
0	2048	4095	0 	1867 	3566 
256	2048	4095	0 	1867 	3566 
512	2048	4095	0 	1867 	3566 
768	2048	4095	0 	1867 	3566 
1024	2048	4095	354 	1866 	3566 
1280	2048	4095	854 	1865 	3566 
1536	2048	4095	1205 	1863 	3566 
1792	2048	4095	1506 	1862 	3566 
2048	2048	4095	1801 	1858 	3566 
2303	2048	4095	2067 	1856 	3566 
2559	2048	4095	2351 	1852 	3566 
2815	2048	4095	2641 	1849 	3566 
3071	2048	4095	2917 	1844 	3566 
3327	2048	4095	3212 	1840 	3566 
3583	2048	4095	3481 	1835 	3566 
3839	2048	4095	3747 	1830 	3566 
4095	2048	4095	4014 	1825 	3566 
0	2303	4095	0 	2086 	3566 
256	2303	4095	0 	2086 	3566 
512	2303	4095	0 	2086 	3566 
768	2303	4095	0 	2085 	3566 
1024	2303	4095	0 	2084 	3566 
1280	2303	4095	740 	2083 	3566 
1536	2303	4095	1131 	2082 	3566 
1792	2303	4095	1449 	2080 	3566 
2048	2303	4095	1756 	2078 	3566 
2303	2303	4095	2030 	2076 	3566 
2559	2303	4095	2317 	2073 	3566 
2815	2303	4095	2613 	2069 	3566 
3071	2303	4095	2891 	2066 	3566 
3327	2303	4095	3189 	2062 	3566 
3583	2303	4095	3460 	2058 	3566 
3839	2303	4095	3728 	2053 	3566 
4095	2303	4095	3996 	2048 	3565 
0	2559	4095	0 	2329 	3566 
256	2559	4095	0 	2329 	3566 
512	2559	4095	0 	2328 	3566 
768	2559	4095	0 	2328 	3566 
1024	2559	4095	0 	2328 	3566 
1280	2559	4095	580 	2326 	3566 
1536	2559	4095	1042 	2325 	3566 
1792	2559	4095	1383 	2322 	3566 
2048	2559	4095	1703 	2321 	3566 
2303	2559	4095	1984 	2319 	3566 
2559	2559	4095	2278 	2317 	3566 
2815	2559	4095	2578 	2313 	3566 
3071	2559	4095	2861 	2311 	3566 
3327	2559	4095	3162 	2307 	3566 
3583	2559	4095	3435 	2304 	3565 
3839	2559	4095	3706 	2299 	3565 
4095	2559	4095	3976 	2295 	3565 
0	2815	4095	0 	2583 	3566 
256	2815	4095	0 	2583 	3566 
512	2815	4095	0 	2583 	3566 
768	2815	4095	0 	2583 	3566 
1024	2815	4095	0 	2583 	3566 
1280	2815	4095	287 	2582 	3566 
1536	2815	4095	926 	2580 	3566 
1792	2815	4095	1304 	2579 	3566 
2048	2815	4095	1640 	2577 	3566 
2303	2815	4095	1931 	2576 	3566 
2559	2815	4095	2233 	2573 	3566 
2815	2815	4095	2540 	2571 	3565 
3071	2815	4095	2826 	2568 	3565 
3327	2815	4095	3132 	2565 	3565 
3583	2815	4095	3407 	2562 	3565 
3839	2815	4095	3681 	2558 	3565 
4095	2815	4095	3952 	2553 	3565 
0	3071	4095	0 	2827 	3566 
256	3071	4095	0 	2827 	3566 
512	3071	4095	0 	2827 	3566 
768	3071	4095	0 	2827 	3565 
1024	3071	4095	0 	2826 	3565 
1280	3071	4095	0 	2825 	3565 
1536	3071	4095	772 	2825 	3565 
1792	3071	4095	1206 	2822 	3565 
2048	3071	4095	1566 	2822 	3565 
2303	3071	4095	1872 	2820 	3565 
2559	3071	4095	2182 	2818 	3565 
2815	3071	4095	2495 	2815 	3565 
3071	3071	4095	2787 	2813 	3565 
3327	3071	4095	3097 	2810 	3565 
3583	3071	4095	3377 	2807 	3565 
3839	3071	4095	3652 	2803 	3565 
4095	3071	4095	3926 	2799 	3565 
0	3327	4095	0 	3094 	3565 
256	3327	4095	0 	3094 	3565 
512	3327	4095	0 	3094 	3565 
768	3327	4095	0 	3094 	3565 
1024	3327	4095	0 	3094 	3565 
1280	3327	4095	0 	3092 	3565 
1536	3327	4095	549 	3092 	3565 
1792	3327	4095	1089 	3090 	3565 
2048	3327	4095	1481 	3089 	3565 
2303	3327	4095	1803 	3087 	3565 
2559	3327	4095	2125 	3086 	3565 
2815	3327	4095	2445 	3083 	3565 
3071	3327	4095	2743 	3081 	3565 
3327	3327	4095	3059 	3079 	3565 
3583	3327	4095	3341 	3076 	3565 
3839	3327	4095	3620 	3073 	3565 
4095	3327	4095	3897 	3070 	3565 
0	3583	4095	0 	3335 	3565 
256	3583	4095	0 	3335 	3565 
512	3583	4095	0 	3335 	3565 
768	3583	4095	0 	3334 	3565 
1024	3583	4095	0 	3334 	3565 
1280	3583	4095	0 	3334 	3565 
1536	3583	4095	0 	3332 	3565 
1792	3583	4095	943 	3331 	3565 
2048	3583	4095	1381 	3330 	3565 
2303	3583	4095	1724 	3328 	3565 
2559	3583	4095	2058 	3327 	3565 
2815	3583	4095	2389 	3325 	3565 
3071	3583	4095	2694 	3323 	3565 
3327	3583	4095	3016 	3321 	3565 
3583	3583	4095	3302 	3318 	3564 
3839	3583	4095	3585 	3315 	3564 
4095	3583	4095	3865 	3312 	3564 
0	3839	4095	0 	3576 	3565 
256	3839	4095	0 	3576 	3565 
512	3839	4095	0 	3576 	3565 
768	3839	4095	0 	3575 	3565 
1024	3839	4095	0 	3574 	3565 
1280	3839	4095	0 	3574 	3565 
1536	3839	4095	0 	3573 	3565 
1792	3839	4095	740 	3572 	3565 
2048	3839	4095	1259 	3571 	3564 
2303	3839	4095	1634 	3570 	3564 
2559	3839	4095	1985 	3568 	3564 
2815	3839	4095	2327 	3566 	3564 
3071	3839	4095	2639 	3565 	3564 
3327	3839	4095	2968 	3563 	3564 
3583	3839	4095	3259 	3560 	3564 
3839	3839	4095	3546 	3558 	3564 
4095	3839	4095	3829 	3555 	3564 
0	4095	4095	0 	3817 	3564 
256	4095	4095	0 	3817 	3564 
512	4095	4095	0 	3817 	3564 
768	4095	4095	0 	3816 	3564 
1024	4095	4095	0 	3816 	3564 
1280	4095	4095	0 	3815 	3564 
1536	4095	4095	0 	3814 	3564 
1792	4095	4095	415 	3814 	3564 
2048	4095	4095	1113 	3813 	3564 
2303	4095	4095	1527 	3811 	3564 
2559	4095	4095	1901 	3810 	3564 
2815	4095	4095	2255 	3809 	3564 
3071	4095	4095	2579 	3807 	3564 
3327	4095	4095	2915 	3805 	3564 
3583	4095	4095	3212 	3803 	3564 
3839	4095	4095	3503 	3800 	3564 
4095	4095	4095	3790 	3798 	3564 